0.41,0.41,1.95,-0.00,1.77
0.41,0.41,1.95,-0.00,1.77
0.41,0.41,1.95,-0.00,1.77
0.41,0.41,1.95,-0.00,1.77
0.41,0.41,1.95,-0.00,1.77
0.41,0.41,1.95,-0.00,1.77
0.41,0.41,1.95,-0.00,1.77
0.41,0.41,1.95,-0.00,1.77
0.41,0.41,1.95,-0.00,1.77
0.41,0.41,1.95,-0.00,1.77
0.41,0.41,1.95,-0.00,1.77
0.41,0.41,1.95,-0.00,1.77
0.41,0.41,1.95,-0.00,1.77
0.41,0.41,1.95,-0.00,1.77
0.41,0.41,1.95,-0.00,1.77
0.41,0.41,1.95,-0.00,1.77
0.41,0.41,1.95,-0.00,1.77
0.41,0.41,1.95,-0.00,1.77
0.41,0.41,1.95,-0.00,1.77
0.41,0.41,1.95,-0.00,1.77
0.41,0.41,1.95,-0.00,1.77
0.41,0.41,1.95,-0.00,1.77
0.41,0.41,1.95,-0.00,1.77
0.41,0.41,1.95,-0.00,1.77
0.41,0.41,1.95,-0.00,1.77
0.41,0.41,1.95,-0.00,1.77
0.41,0.41,1.95,-0.00,1.77
0.41,0.41,1.95,-0.00,1.77
0.41,0.41,1.95,-0.00,1.77
0.41,0.41,1.95,-0.00,1.77
0.41,0.41,1.95,-0.00,1.77
0.41,0.41,1.95,-0.00,1.77
0.41,0.41,1.95,-0.00,1.77
0.41,0.41,1.95,-0.00,1.77
0.41,0.41,1.95,-0.00,1.77
0.41,0.41,1.95,-0.00,1.77
0.41,0.41,1.95,-0.00,1.77
0.41,0.41,1.95,-0.00,1.77
0.41,0.41,1.95,-0.00,1.77
0.41,0.41,1.95,-0.00,1.77
0.41,0.41,1.95,-0.00,1.77
0.41,0.41,1.95,-0.00,1.77
0.41,0.41,1.95,-0.00,1.77
0.41,0.41,1.95,-0.00,1.77
0.41,0.41,1.95,-0.00,1.77
0.41,0.41,1.95,-0.00,1.77
0.41,0.41,1.95,-0.00,1.77
0.41,0.41,1.95,-0.00,1.77
0.41,0.41,1.95,-0.00,1.77
0.41,0.41,1.95,-0.00,1.77
0.41,0.41,1.95,-0.00,1.77
0.53,0.53,1.95,-0.00,1.77
2.78,2.78,1.95,-0.00,1.77
5.51,5.51,2.41,-0.00,1.78
10.33,10.33,5.30,-0.00,2.37
15.04,15.04,9.84,0.71,5.35
21.94,21.94,16.39,4.63,10.16
24.58,24.58,22.35,8.10,15.87
27.55,27.55,27.09,12.09,19.18
28.81,28.81,30.68,15.94,23.57
31.06,31.06,33.46,17.59,26.37
32.84,32.84,36.62,18.53,28.00
34.62,34.62,38.46,23.00,31.30
35.77,35.77,40.16,25.93,33.48
35.18,35.18,42.05,29.26,37.13
35.37,35.37,45.19,31.89,40.25
35.09,35.09,45.79,31.03,41.37
33.92,33.92,47.41,27.62,43.26
32.09,32.09,49.02,28.84,42.65
32.83,32.83,51.01,31.55,45.02
31.51,31.51,52.40,31.34,45.21
31.18,31.18,53.59,31.50,45.14
32.52,32.52,53.98,31.69,45.55
32.14,32.14,55.14,23.35,44.28
31.71,31.71,56.18,26.64,44.83
31.44,31.44,57.58,29.49,46.88
31.67,31.67,57.55,29.16,45.75
29.74,29.74,58.09,35.88,46.26
28.63,28.63,58.49,38.15,48.74
28.51,28.51,59.09,36.74,52.05
27.07,27.07,59.58,42.75,55.66
29.50,29.50,58.89,39.76,56.74
29.55,29.55,59.83,38.73,58.90
30.68,30.68,60.15,43.95,61.60
31.97,31.97,59.94,43.53,62.52
30.62,30.62,60.66,46.63,62.51
30.37,30.37,60.43,52.43,65.01
30.38,30.38,60.72,54.43,66.17
30.19,30.19,61.25,55.17,66.27
27.85,27.85,61.18,57.56,69.07
27.47,27.47,61.53,56.64,67.33
25.94,25.94,62.26,53.20,64.25
25.66,25.66,61.34,49.28,64.62
24.56,24.56,63.03,47.73,65.00
26.65,26.65,63.45,52.55,66.42
25.37,25.37,62.97,53.19,67.86
24.59,24.59,64.04,55.00,67.78
26.10,26.10,64.25,62.08,68.68
24.08,24.08,65.27,65.61,68.90
28.95,28.95,66.54,66.54,69.38
29.81,29.81,67.50,70.82,70.42
24.69,24.69,67.59,72.31,71.68
27.33,27.33,68.21,71.89,72.37
25.27,25.27,68.22,77.23,74.98
21.35,21.35,68.93,76.25,74.91
18.69,18.69,69.67,78.59,74.94
22.72,22.72,70.70,78.00,75.14
22.29,22.29,70.74,80.57,77.49
26.52,26.52,70.76,79.67,76.23
30.48,30.48,71.02,79.40,76.77
29.49,29.49,72.65,81.43,77.40
22.74,22.74,72.96,81.39,78.44
15.86,15.86,73.08,83.79,78.41
16.52,16.52,71.88,82.20,79.33
20.62,20.62,71.56,83.44,79.67
16.04,16.04,71.57,82.35,79.80
15.51,15.51,71.35,81.03,79.41
15.15,15.15,71.11,81.24,80.79
15.79,15.79,71.90,82.29,80.92
15.98,15.98,72.07,81.84,80.78
19.16,19.16,72.20,82.80,80.43
15.12,15.12,71.67,81.61,80.68
13.58,13.58,71.46,82.75,80.54
10.91,10.91,71.85,79.65,80.67
18.92,18.92,72.05,76.04,79.17
20.63,20.63,72.46,81.22,81.14
18.59,18.59,72.53,81.73,80.84
16.96,16.96,73.00,80.62,81.78
16.17,16.17,71.58,82.90,83.67
20.99,20.99,71.04,78.56,81.71
16.61,16.61,70.76,78.15,82.15
13.25,13.25,73.93,77.04,80.98
22.22,22.22,79.20,68.66,75.67
22.50,22.50,88.92,65.81,78.11
18.52,18.52,89.33,72.98,78.32
14.06,14.06,85.74,74.51,79.43
14.62,14.62,80.99,85.41,80.31
21.87,21.87,75.47,86.21,79.75
16.45,16.45,74.48,86.36,82.04
21.43,21.43,74.81,85.75,82.31
16.72,16.72,74.25,86.57,82.53
13.93,13.93,72.86,84.90,81.30
23.44,23.44,70.55,84.53,80.88
17.49,17.49,69.60,86.38,79.64
17.98,17.98,69.89,87.89,80.58
18.85,18.85,67.74,86.07,79.54
24.72,24.72,68.21,86.75,80.37
20.95,20.95,68.16,87.26,79.06
15.98,15.98,67.82,85.73,78.43
23.90,23.90,68.98,86.46,78.79
21.56,21.56,69.33,86.99,79.86
19.97,19.97,67.74,85.93,80.44
19.65,19.65,66.64,84.79,80.29
22.87,22.87,66.73,86.04,80.54
21.23,21.23,66.26,86.56,81.38
21.96,21.96,67.12,85.97,79.66
17.39,17.39,70.44,85.91,77.91
21.37,21.37,75.59,85.09,77.32
21.88,21.88,76.04,85.71,76.51
11.35,11.35,74.10,86.26,73.44
22.60,22.60,73.18,84.84,75.26
23.49,23.49,71.21,84.68,75.04
29.12,29.12,70.73,84.40,75.92
25.16,25.16,71.42,84.52,75.44
20.59,20.59,71.27,86.09,75.91
24.06,24.06,73.11,84.20,75.83
17.63,17.63,77.19,84.09,78.16
15.93,15.93,79.60,85.97,79.38
19.21,19.21,75.28,84.22,80.20
14.89,14.89,73.80,84.09,80.28
21.80,21.80,74.58,85.87,79.50
21.67,21.67,73.66,84.43,78.36
20.01,20.01,73.88,82.75,78.32
21.76,21.76,74.65,83.38,79.05
19.87,19.87,74.29,81.43,77.79
20.22,20.22,74.71,79.15,77.71
19.27,19.27,71.95,81.55,78.98
23.01,23.01,72.22,78.60,78.59
20.87,20.87,71.10,84.17,80.45
18.85,18.85,71.20,79.95,80.82
20.32,20.32,70.90,86.18,80.78
19.40,19.40,70.14,83.25,80.89
25.10,25.10,71.51,82.25,80.89
26.92,26.92,73.56,84.69,79.93
21.10,21.10,72.88,83.55,80.35
17.19,17.19,72.52,81.46,79.46
22.60,22.60,71.61,83.98,81.27
26.70,26.70,72.12,81.52,79.60
24.85,24.85,70.81,82.80,80.32
23.79,23.79,70.96,79.91,79.00
21.98,21.98,71.24,85.36,78.92
17.47,17.47,76.10,81.76,79.97
17.36,17.36,75.49,84.35,79.41
19.71,19.71,75.20,83.30,81.28
18.83,18.83,72.84,82.98,80.20
23.71,23.71,71.20,82.89,79.46
19.19,19.19,72.44,80.88,80.72
12.42,12.42,73.10,82.38,80.13
23.75,23.75,73.14,83.44,79.66
22.08,22.08,74.43,81.77,79.03
18.05,18.05,78.10,82.33,77.79
21.17,21.17,74.22,82.40,80.56
20.48,20.48,73.74,81.99,80.28
18.58,18.58,73.24,83.51,78.92
21.11,21.11,72.47,82.58,81.15
22.58,22.58,72.01,84.47,81.26
18.86,18.86,72.46,83.04,79.50
18.14,18.14,74.33,84.12,82.28
16.87,16.87,78.41,82.17,82.14
19.13,19.13,73.94,83.72,81.64
19.60,19.60,71.70,82.69,81.87
23.93,23.93,70.22,81.83,82.15
17.95,17.95,69.51,80.08,80.29
16.28,16.28,69.55,79.87,79.38
15.39,15.39,70.24,78.03,79.29
10.21,10.21,71.26,81.34,78.89
13.39,13.39,75.92,79.21,79.11
24.85,24.85,76.34,83.32,81.78
15.50,15.50,72.32,83.55,81.46
19.37,19.37,70.96,84.22,81.32
18.56,18.56,70.30,84.41,81.09
12.91,12.91,69.96,84.80,82.00
17.33,17.33,69.89,85.68,81.94
15.55,15.55,69.66,85.99,82.59
18.86,18.86,72.39,87.47,83.95
21.14,21.14,73.30,86.16,83.36
20.63,20.63,70.54,86.97,82.22
21.00,21.00,69.72,85.04,81.90
24.33,24.33,69.07,86.01,83.00
21.74,21.74,69.33,83.34,80.75
20.71,20.71,70.46,85.11,81.24
19.83,19.83,70.76,83.48,80.91
15.77,15.77,74.54,83.40,81.10
11.63,11.63,81.11,80.51,79.65
16.54,16.54,77.23,79.31,77.34
19.95,19.95,74.89,78.72,79.42
19.64,19.64,72.47,79.28,77.37
23.43,23.43,73.54,77.02,79.80
10.83,10.83,72.54,77.60,80.10
18.13,18.13,71.79,75.33,77.42
12.33,12.33,71.72,71.97,76.91
15.74,15.74,73.50,76.45,76.23
14.69,14.69,73.96,76.79,77.80
18.02,18.02,72.75,76.36,78.52
16.84,16.84,73.57,71.07,77.13
18.32,18.32,72.32,71.66,76.42
17.08,17.08,72.94,71.19,79.05
17.97,17.97,72.14,77.10,80.93
19.43,19.43,72.48,79.20,79.67
22.51,22.51,72.16,79.35,79.11
19.29,19.29,75.91,81.83,79.97
15.91,15.91,73.70,81.27,79.84
14.68,14.68,72.54,82.79,79.51
18.42,18.42,69.95,82.46,79.53
14.37,14.37,70.06,83.65,80.14
13.63,13.63,69.66,82.90,79.21
16.88,16.88,69.89,80.95,77.99
11.82,11.82,70.90,81.54,79.48
13.15,13.15,79.14,80.40,77.34
12.39,12.39,76.98,80.39,79.03
14.72,14.72,72.57,79.24,77.32
14.83,14.83,71.64,77.76,74.79
13.88,13.88,71.45,75.37,75.46
14.40,14.40,70.39,71.33,77.58
17.27,17.27,70.77,75.33,79.73
12.94,12.94,71.36,76.02,81.28
15.86,15.86,74.38,76.91,79.32
21.54,21.54,80.70,75.65,79.62
16.78,16.78,74.48,79.05,78.28
12.27,12.27,69.20,77.58,77.00
16.16,16.16,68.83,73.29,76.37
13.02,13.02,68.95,75.73,76.71
13.43,13.43,67.99,76.24,77.30
10.52,10.52,69.34,72.41,78.35
15.64,15.64,68.73,75.31,77.00
15.41,15.41,69.89,69.67,75.40
18.23,18.23,68.24,71.36,77.01
20.26,20.26,67.77,74.18,76.47
20.67,20.67,68.38,72.59,75.01
15.42,15.42,67.53,73.74,75.17
16.06,16.06,67.20,78.65,78.70
11.48,11.48,66.94,78.21,79.58
9.94,9.94,67.58,75.57,77.46
7.27,7.27,72.71,81.08,81.89
6.15,6.15,75.87,74.46,77.90
7.52,7.52,72.27,77.02,77.79
10.72,10.72,67.22,81.76,81.43
17.14,17.14,68.65,73.25,78.61
14.51,14.51,67.44,73.87,79.30
19.62,19.62,66.97,80.76,81.63
19.91,19.91,67.83,75.30,79.07
15.71,15.71,72.88,74.33,81.48
16.68,16.68,75.32,79.45,83.38
17.84,17.84,74.62,81.54,81.23
13.86,13.86,68.09,78.78,80.46
12.92,12.92,67.16,80.07,82.45
8.48,8.48,66.89,80.93,81.28
14.31,14.31,67.05,79.63,80.86
14.26,14.26,68.56,69.28,82.04
15.62,15.62,70.39,72.02,80.94
11.34,11.34,79.59,81.05,80.47
7.56,7.56,75.49,81.45,79.93
10.30,10.30,72.54,79.57,78.96
16.11,16.11,73.32,84.28,80.10
17.77,17.77,70.93,80.09,79.67
13.56,13.56,68.62,77.86,78.57
13.14,13.14,69.71,81.70,78.46
15.10,15.10,71.70,78.42,78.25
13.56,13.56,73.06,79.87,76.41
15.56,15.56,73.46,81.24,77.80
14.30,14.30,70.23,80.42,77.79
12.28,12.28,71.24,82.76,81.09
15.54,15.54,71.05,81.60,80.92
16.09,16.09,70.59,83.79,82.53
20.14,20.14,69.92,83.95,80.75
18.65,18.65,68.65,83.75,79.80
14.99,14.99,70.99,83.94,83.10
9.75,9.75,76.50,82.59,80.69
9.77,9.77,71.99,85.60,81.30
13.19,13.19,68.38,83.68,80.92
15.91,15.91,67.40,81.95,79.47
17.08,17.08,66.01,82.16,81.19
15.99,15.99,67.70,83.27,81.36
11.62,11.62,69.02,83.51,81.35
14.08,14.08,71.10,83.53,81.87
12.17,12.17,78.49,83.04,80.86
11.59,11.59,75.55,82.74,77.06
9.84,9.84,69.20,84.18,79.82
13.18,13.18,68.78,85.52,79.93
11.02,11.02,68.46,84.09,78.76
10.62,10.62,69.16,82.61,77.62
11.61,11.61,67.56,86.34,79.87
11.94,11.94,70.18,80.26,77.97
19.81,19.81,73.90,80.37,79.58
15.26,15.26,78.16,84.62,81.55
10.83,10.83,71.63,77.07,78.60
11.05,11.05,68.38,76.91,82.59
12.13,12.13,67.98,80.62,77.86
10.92,10.92,66.44,78.17,76.23
8.62,8.62,68.12,74.06,82.69
13.46,13.46,68.35,67.04,74.16
23.70,23.70,70.99,70.41,76.33
33.34,33.34,80.89,65.71,75.78
23.88,23.88,79.37,71.04,75.30
20.37,20.37,73.46,68.78,77.97
15.97,15.97,70.71,69.41,77.40
11.30,11.30,67.50,69.98,74.42
8.99,8.99,69.07,68.51,76.73
10.64,10.64,67.04,69.60,75.68
11.99,11.99,69.66,67.01,77.72
11.12,11.12,78.30,64.99,76.59
12.62,12.62,76.19,62.24,79.82
11.92,11.92,69.22,68.69,80.85
10.08,10.08,65.94,70.63,80.65
8.58,8.58,67.93,62.97,79.81
7.86,7.86,67.15,63.83,79.46
8.66,8.66,67.07,72.42,83.13
12.70,12.70,66.44,73.52,83.44
19.94,19.94,70.13,74.46,77.22
21.07,21.07,76.23,69.46,80.07
17.32,17.32,71.00,70.31,80.03
20.39,20.39,66.30,73.26,78.77
14.95,14.95,66.87,72.38,76.86
13.31,13.31,64.57,73.46,76.91
19.53,19.53,64.09,62.51,79.72
15.06,15.06,64.35,75.17,75.57
18.47,18.47,69.74,75.25,78.54
27.02,27.02,80.24,71.83,79.71
20.17,20.17,79.23,78.58,78.29
15.15,15.15,74.09,77.43,79.54
14.60,14.60,71.23,75.70,78.83
17.83,17.83,70.92,75.18,81.09
19.58,19.58,70.40,77.75,80.06
20.66,20.66,69.72,75.93,80.56
17.92,17.92,70.61,75.00,80.07
25.85,25.85,74.59,71.86,78.47
28.38,28.38,76.44,71.01,82.98
23.48,23.48,72.31,70.51,80.53
19.63,19.63,69.10,72.64,85.83
16.81,16.81,65.03,68.33,78.80
15.23,15.23,66.78,70.78,82.26
15.90,15.90,69.48,67.73,84.68
16.08,16.08,69.33,69.00,77.09
24.01,24.01,72.17,72.74,79.92
30.33,30.33,76.56,74.16,78.96
25.56,25.56,71.98,75.58,81.16
20.76,20.76,69.12,74.00,74.98
18.23,18.23,67.82,75.38,77.74
19.37,19.37,67.92,74.59,81.17
18.84,18.84,66.98,74.00,80.57
17.24,17.24,67.54,72.66,80.85
19.66,19.66,68.56,66.45,80.57
21.03,21.03,74.47,64.80,78.74
23.81,23.81,73.46,69.49,76.72
25.04,25.04,70.27,68.61,79.78
24.04,24.04,67.73,70.92,78.96
22.60,22.60,67.77,74.76,79.89
16.90,16.90,66.18,75.34,79.21
15.03,15.03,70.51,71.61,79.14
14.32,14.32,70.85,73.51,78.85
18.35,18.35,76.06,69.49,77.20
17.05,17.05,76.40,76.71,81.44
18.59,18.59,73.58,71.75,79.77
27.51,27.51,72.01,76.17,78.96
28.68,28.68,66.92,75.41,74.84
31.88,31.88,70.10,77.21,77.24
29.94,29.94,69.43,77.01,76.65
35.73,35.73,68.88,75.86,78.46
36.70,36.70,71.63,79.07,79.91
24.98,24.98,75.71,75.58,74.01
12.38,12.38,72.45,66.02,74.92
13.43,13.43,72.32,74.74,81.42
17.20,17.20,67.06,79.05,78.02
17.18,17.18,69.09,78.44,77.44
15.13,15.13,67.69,77.53,77.99
14.16,14.16,68.69,72.88,76.84
18.63,18.63,68.36,75.68,74.30
21.62,21.62,73.81,76.73,76.46
23.42,23.42,71.93,78.53,78.22
28.96,28.96,69.05,75.76,77.06
31.15,31.15,68.71,68.84,75.75
35.86,35.86,68.06,67.95,74.88
30.86,30.86,66.01,65.19,74.78
34.98,34.98,67.50,64.98,76.09
28.16,28.16,67.69,64.42,77.45
25.12,25.12,73.94,64.80,78.36
22.51,22.51,76.65,67.51,75.96
24.95,24.95,74.13,75.54,80.60
18.86,18.86,70.23,75.53,77.49
18.50,18.50,68.00,76.03,76.27
19.00,19.00,69.23,75.88,76.72
18.09,18.09,68.33,74.52,75.13
14.94,14.94,72.40,76.55,82.38
13.99,13.99,71.98,76.92,78.08
16.42,16.42,78.58,73.92,79.04
19.73,19.73,77.75,75.22,83.91
20.97,20.97,73.19,79.27,81.38
27.35,27.35,70.98,79.17,77.61
28.56,28.56,71.58,77.49,77.27
33.39,33.39,71.62,80.30,77.86
38.52,38.52,69.54,79.81,78.74
29.44,29.44,70.56,81.87,81.83
20.69,20.69,76.26,81.46,80.74
15.88,15.88,75.80,81.13,81.19
18.61,18.61,72.05,81.41,79.63
25.60,25.60,69.99,79.73,81.99
31.47,31.47,69.15,81.41,81.70
33.29,33.29,70.29,80.07,80.84
32.27,32.27,67.18,80.22,78.85
26.47,26.47,68.82,79.89,80.08
20.00,20.00,73.88,79.19,79.69
24.85,24.85,75.16,78.35,76.81
25.14,25.14,71.45,78.51,80.64
24.99,24.99,67.51,76.60,77.85
26.32,26.32,68.73,76.67,76.16
28.52,28.52,66.43,77.59,74.65
28.55,28.55,65.16,78.44,78.41
21.77,21.77,65.98,75.09,75.97
16.09,16.09,68.70,74.83,77.45
26.46,26.46,79.62,73.64,78.50
26.70,26.70,77.12,72.86,79.44
17.14,17.14,71.70,75.94,81.27
24.03,24.03,70.73,75.52,81.45
27.11,27.11,68.41,75.96,81.96
27.58,27.58,66.40,73.31,81.07
31.49,31.49,66.20,73.95,79.04
18.91,18.91,69.80,76.29,79.18
17.24,17.24,75.61,76.74,77.33
32.35,32.35,75.21,74.28,73.45
40.71,40.71,71.24,75.46,70.77
39.28,39.28,70.60,75.61,77.05
32.27,32.27,64.55,73.91,76.07
29.78,29.78,63.47,77.91,74.95
31.03,31.03,64.35,76.82,78.14
23.33,23.33,64.54,78.77,79.67
15.42,15.42,67.72,80.65,79.00
10.08,10.08,79.75,79.27,81.37
14.56,14.56,74.51,80.86,80.42
27.56,27.56,70.60,81.92,80.27
37.32,37.32,69.37,82.03,82.31
40.85,40.85,66.22,82.19,80.50
43.35,43.35,67.93,83.09,82.03
34.85,34.85,67.13,81.98,79.72
23.93,23.93,70.71,82.36,81.56
16.32,16.32,77.60,78.99,80.80
12.34,12.34,78.43,79.30,84.58
16.23,16.23,72.84,74.87,76.87
20.53,20.53,67.69,78.85,75.91
30.27,30.27,67.34,79.28,77.14
32.95,32.95,64.25,78.04,75.22
26.26,26.26,64.58,78.91,76.79
17.53,17.53,67.21,78.07,78.58
10.78,10.78,72.72,77.22,77.15
11.16,11.16,75.15,75.84,74.41
18.05,18.05,71.71,75.60,76.47
25.24,25.24,65.62,76.41,77.78
37.61,37.61,66.06,80.04,79.53
36.83,36.83,64.00,78.88,78.45
37.08,37.08,63.37,81.42,79.83
34.59,34.59,67.37,82.04,81.66
20.45,20.45,70.22,82.90,82.59
25.32,25.32,79.49,81.96,83.80
33.19,33.19,74.03,81.19,80.52
36.31,36.31,73.84,81.17,78.92
39.20,39.20,72.77,83.60,81.89
38.69,38.69,71.20,83.58,81.16
36.38,36.38,70.73,82.53,80.05
27.96,27.96,72.06,83.45,81.14
20.91,20.91,70.90,81.50,81.10
11.20,11.20,75.11,82.49,80.01
13.63,13.63,77.10,79.90,82.16
19.37,19.37,73.20,80.10,81.35
25.66,25.66,70.83,77.77,77.55
32.58,32.58,67.92,77.86,76.35
35.84,35.84,70.12,76.18,76.06
39.14,39.14,70.97,75.93,76.48
26.36,26.36,70.15,73.88,76.77
13.41,13.41,72.77,75.61,78.14
8.96,8.96,77.59,74.85,78.03
15.27,15.27,71.82,73.55,78.17
23.05,23.05,70.03,73.11,77.25
28.85,28.85,66.41,76.62,76.96
29.24,29.24,64.78,75.98,76.89
28.04,28.04,64.15,77.46,78.25
24.13,24.13,65.13,77.67,78.35
18.67,18.67,66.57,78.33,76.89
13.91,13.91,73.99,78.82,77.61
9.68,9.68,73.49,78.53,77.46
9.29,9.29,70.30,79.10,75.69
17.71,17.71,66.68,77.42,76.84
25.00,25.00,63.72,77.91,77.16
29.36,29.36,67.69,81.04,79.82
33.06,33.06,67.25,80.62,79.14
24.69,24.69,67.98,82.86,81.59
11.30,11.30,76.52,80.46,80.34
7.04,7.04,81.23,79.63,80.48
13.75,13.75,76.32,76.91,77.56
23.88,23.88,72.70,79.57,79.04
32.88,32.88,68.56,78.89,79.16
36.34,36.34,67.34,75.78,77.85
37.11,37.11,66.98,77.36,79.81
30.52,30.52,66.75,78.18,78.35
29.09,29.09,67.85,74.57,75.04
30.00,30.00,71.67,79.60,79.28
27.94,27.94,65.73,74.28,78.65
24.46,24.46,64.10,72.19,77.12
25.10,25.10,61.00,74.49,75.33
21.64,21.64,61.67,73.26,76.37
23.83,23.83,61.45,66.40,76.62
26.69,26.69,59.38,69.40,75.99
26.09,26.09,62.65,71.51,74.69
20.63,20.63,73.52,77.20,76.97
12.53,12.53,71.44,76.60,77.43
14.40,14.40,67.92,77.26,77.51
21.77,21.77,64.94,81.05,81.25
31.94,31.94,64.46,83.07,76.51
35.82,35.82,63.40,83.49,76.23
33.12,33.12,63.27,82.14,76.82
28.58,28.58,66.05,82.51,78.34
24.57,24.57,72.53,82.92,79.19
22.21,22.21,73.54,78.06,78.44
20.72,20.72,67.54,78.74,80.38
20.59,20.59,65.93,79.95,80.01
21.36,21.36,64.44,79.32,78.83
20.36,20.36,63.88,81.95,78.70
21.28,21.28,64.32,84.48,79.01
16.03,16.03,65.17,86.14,77.66
13.66,13.66,69.11,84.63,76.86
11.24,11.24,79.16,85.00,81.33
5.60,5.60,75.12,86.82,81.15
12.58,12.58,71.84,88.03,78.82
17.46,17.46,69.11,88.99,78.81
20.37,20.37,67.91,88.10,81.49
26.43,26.43,69.95,87.41,80.66
21.96,21.96,68.48,87.79,80.97
15.99,15.99,70.53,87.68,80.03
17.32,17.32,73.90,86.23,81.12
23.45,23.45,73.75,86.17,79.92
26.21,26.21,68.39,88.58,80.12
29.98,29.98,65.71,86.52,80.63
31.75,31.75,65.28,86.63,81.36
30.55,30.55,64.35,88.48,80.24
35.58,35.58,64.79,88.09,79.18
23.30,23.30,66.17,86.63,77.35
21.34,21.34,70.14,87.51,80.49
17.89,17.89,70.42,85.89,81.19
16.04,16.04,64.49,85.99,82.25
19.16,19.16,62.50,86.26,82.18
20.27,20.27,60.00,85.29,82.04
21.58,21.58,59.35,85.54,79.55
21.77,21.77,59.86,85.58,80.67
23.11,23.11,64.48,83.77,80.51
18.83,18.83,68.13,82.96,78.49
18.24,18.24,80.29,82.55,80.78
18.07,18.07,75.19,83.03,80.74
21.81,21.81,68.47,79.66,78.44
25.32,25.32,67.16,82.30,80.52
30.42,30.42,64.26,84.08,80.62
24.38,24.38,66.53,81.15,83.04
25.39,25.39,65.06,75.75,78.38
22.12,22.12,66.13,81.86,76.81
33.79,33.79,75.12,75.86,78.03
43.09,43.09,77.40,75.40,80.16
37.06,37.06,72.20,73.63,81.06
25.28,25.28,67.84,76.97,75.19
16.66,16.66,66.81,78.17,73.13
16.09,16.09,67.86,76.09,75.85
4.17,4.17,64.93,76.08,74.62
3.17,3.17,65.98,75.31,74.64
1.24,1.24,69.72,68.86,76.28
1.38,1.38,81.07,73.85,77.58
1.08,1.08,72.02,77.86,77.64
2.56,2.56,70.09,78.96,78.49
2.59,2.59,71.05,77.09,78.68
4.65,4.65,68.97,65.58,77.66
6.36,6.36,68.55,71.26,78.06
5.22,5.22,70.38,70.41,77.06
1.67,1.67,71.47,71.00,75.03
1.54,1.54,78.10,67.75,78.18
2.82,2.82,78.78,67.39,80.03
2.85,2.85,72.73,71.85,77.94
4.60,4.60,72.48,69.81,75.66
8.58,8.58,73.58,72.71,77.42
8.12,8.12,71.78,71.74,77.67
3.85,3.85,70.45,69.51,74.62
2.61,2.61,72.73,71.00,77.63
4.78,4.78,75.07,68.08,76.76
6.79,6.79,76.23,69.56,77.12
10.96,10.96,76.15,79.47,81.83
14.05,14.05,74.51,79.25,80.63
9.72,9.72,73.72,80.19,79.04
10.50,10.50,73.67,79.66,78.80
9.46,9.46,75.44,78.10,82.02
6.46,6.46,75.09,74.09,79.23
3.36,3.36,75.83,79.72,80.32
4.04,4.04,82.58,82.49,80.34
6.65,6.65,80.22,81.20,79.07
12.49,12.49,77.11,77.28,76.72
9.71,9.71,76.34,78.34,75.81
16.90,16.90,76.09,80.68,80.84
15.11,15.11,77.08,80.44,78.73
15.35,15.35,76.50,80.75,76.26
16.45,16.45,78.25,80.30,81.51
6.88,6.88,77.77,80.20,78.61
14.26,14.26,78.40,79.78,76.41
15.23,15.23,78.05,78.32,80.42
17.22,17.22,78.33,72.62,78.07
18.25,18.25,78.62,78.30,77.55
18.52,18.52,78.73,76.65,76.69
19.83,19.83,79.56,77.18,80.84
25.04,25.04,78.14,76.36,77.97
21.32,21.32,80.05,73.93,76.65
18.96,18.96,81.42,76.25,78.93
16.89,16.89,79.97,66.98,77.98
16.20,16.20,79.99,75.06,77.46
21.00,21.00,79.89,79.14,78.59
22.86,22.86,80.18,75.04,78.28
18.84,18.84,80.59,74.80,79.83
24.26,24.26,79.78,71.19,80.08
25.01,25.01,81.30,70.49,79.41
24.46,24.46,82.38,69.28,77.65
21.49,21.49,82.74,69.78,77.05
25.25,25.25,82.24,75.87,79.16
24.89,24.89,80.83,78.91,79.60
23.77,23.77,81.93,78.09,80.50
24.14,24.14,82.50,77.87,80.99
23.54,23.54,81.06,76.02,79.58
17.55,17.55,81.61,77.52,78.10
22.02,22.02,81.54,77.57,82.67
25.06,25.06,79.16,71.40,85.14
11.77,11.77,79.84,72.13,84.54
11.52,11.52,82.00,77.02,82.43
16.90,16.90,78.69,76.28,78.34
23.94,23.94,78.13,72.77,83.10
17.59,17.59,78.84,74.07,83.64
23.29,23.29,78.40,76.96,83.39
15.54,15.54,77.38,75.18,82.01
18.89,18.89,79.03,75.88,83.87
20.61,20.61,77.30,80.63,80.81
20.10,20.10,77.72,83.97,82.57
20.52,20.52,77.55,80.26,81.39
21.05,21.05,76.24,80.29,81.70
22.93,22.93,77.22,79.99,85.69
21.36,21.36,77.18,81.97,85.33
22.37,22.37,76.25,81.22,83.01
18.08,18.08,78.30,74.46,83.34
22.25,22.25,77.28,69.43,80.07
20.24,20.24,78.03,69.23,80.78
20.98,20.98,75.87,70.92,82.15
25.39,25.39,76.99,71.99,80.79
16.04,16.04,76.09,77.21,81.36
16.74,16.74,76.20,79.27,79.93
17.47,17.47,76.57,76.66,76.85
19.74,19.74,83.16,76.70,80.25
25.73,25.73,83.73,81.97,83.42
19.79,19.79,80.67,82.73,81.94
25.94,25.94,79.24,83.54,81.37
22.77,22.77,77.68,80.74,79.68
24.23,24.23,77.88,81.17,80.53
23.10,23.10,76.98,80.24,79.78
20.62,20.62,76.67,81.53,79.46
9.76,9.76,77.52,76.98,78.14
13.47,13.47,82.46,67.06,81.90
17.51,17.51,81.29,72.36,82.98
22.00,22.00,77.99,67.28,80.94
15.16,15.16,76.54,73.20,78.94
20.69,20.69,77.12,70.91,77.50
17.54,17.54,76.45,75.40,79.53
20.80,20.80,77.30,78.39,80.88
18.41,18.41,77.57,80.80,81.32
13.39,13.39,78.31,79.99,79.48
15.37,15.37,77.26,80.15,79.33
18.47,18.47,76.61,80.48,81.03
18.67,18.67,76.72,81.75,81.91
19.82,19.82,75.84,82.41,80.47
18.00,18.00,76.11,81.80,79.72
18.70,18.70,76.10,81.30,79.55
21.53,21.53,75.01,79.09,79.25
27.87,27.87,79.73,77.75,79.93
23.85,23.85,80.86,80.03,78.03
22.91,22.91,82.01,82.70,77.77
17.65,17.65,80.76,80.74,77.56
13.99,13.99,76.60,83.00,76.14
19.98,19.98,74.61,81.56,79.12
23.72,23.72,75.21,79.42,81.99
18.91,18.91,75.67,81.52,82.49
19.56,19.56,77.68,80.40,83.23
23.92,23.92,79.96,79.51,81.57
14.59,14.59,80.40,81.19,79.96
16.10,16.10,74.74,78.49,78.82
14.00,14.00,75.45,78.98,78.56
13.88,13.88,78.72,79.19,79.06
20.35,20.35,78.10,79.36,78.74
13.92,13.92,75.01,81.69,78.44
19.38,19.38,75.00,79.95,77.78
18.95,18.95,77.53,81.39,79.19
23.18,23.18,79.33,84.97,80.90
21.87,21.87,76.04,84.37,81.76
17.52,17.52,76.14,84.26,81.26
20.61,20.61,74.63,81.38,82.94
21.96,21.96,74.73,83.06,81.83
19.32,19.32,73.93,82.12,79.56
13.30,13.30,76.61,81.83,82.09
18.17,18.17,78.40,80.04,83.24
24.38,24.38,77.29,78.59,82.74
20.88,20.88,75.28,74.77,80.29
20.90,20.90,74.85,77.50,80.47
24.75,24.75,74.11,79.16,82.09
17.36,17.36,73.90,79.11,80.31
18.09,18.09,73.35,80.39,82.17
18.00,18.00,72.69,83.01,79.80
14.58,14.58,73.98,83.00,80.70
19.35,19.35,79.55,83.98,82.19
16.74,16.74,81.39,80.05,80.94
12.21,12.21,79.97,81.05,81.53
16.90,16.90,78.08,79.44,81.62
9.97,9.97,77.76,82.24,81.62
6.02,6.02,74.24,80.28,79.97
4.49,4.49,76.11,80.41,79.81
9.78,9.78,75.87,79.70,79.45
16.90,16.90,79.57,74.08,80.31
16.13,16.13,80.76,76.07,79.85
18.14,18.14,81.86,76.77,79.35
17.54,17.54,80.39,76.94,79.70
12.82,12.82,76.58,78.41,79.45
14.36,14.36,71.84,77.01,79.18
14.84,14.84,71.87,73.77,78.50
18.01,18.01,73.05,71.82,77.30
10.64,10.64,78.61,75.94,80.28
10.38,10.38,81.73,77.94,81.17
14.34,14.34,76.88,81.23,78.52
18.94,18.94,76.03,81.57,80.40
16.85,16.85,75.99,81.45,80.90
23.54,23.54,74.72,78.31,80.68
17.24,17.24,73.87,79.15,78.97
18.68,18.68,73.72,78.45,80.81
18.34,18.34,73.80,81.76,80.07
22.08,22.08,75.45,82.25,80.25
13.94,13.94,74.34,78.95,79.05
14.60,14.60,72.88,77.72,77.94
15.59,15.59,73.89,78.35,78.76
22.44,22.44,73.97,80.24,79.71
10.96,10.96,73.41,80.66,79.36
17.15,17.15,71.94,82.32,80.06
20.92,20.92,73.11,80.75,81.30
21.08,21.08,75.40,79.07,80.89
21.28,21.28,74.41,75.21,82.17
18.67,18.67,72.53,78.43,83.48
15.79,15.79,72.37,80.46,83.74
13.37,13.37,72.81,79.11,83.58
11.45,11.45,72.20,78.81,82.77
15.12,15.12,71.33,77.75,81.94
15.91,15.91,72.02,73.49,80.28
15.44,15.44,73.22,73.45,78.33
14.39,14.39,76.46,74.42,82.70
13.43,13.43,75.47,76.70,82.26
15.30,15.30,72.24,75.76,79.54
12.84,12.84,71.45,74.36,80.24
12.52,12.52,70.83,76.01,81.88
14.97,14.97,72.23,80.17,82.21
14.20,14.20,72.00,81.05,81.00
15.36,15.36,69.88,82.76,78.11
11.67,11.67,76.33,83.74,83.20
14.87,14.87,78.56,79.88,79.78
10.24,10.24,81.58,76.33,81.39
14.59,14.59,79.80,65.54,81.19
15.49,15.49,80.25,73.74,82.04
11.65,11.65,79.97,73.57,83.16
9.24,9.24,79.59,76.25,81.29
10.12,10.12,76.82,75.46,79.52
8.07,8.07,73.53,73.24,77.84
13.45,13.45,73.66,80.50,82.04
17.14,17.14,75.32,82.24,82.93
19.07,19.07,74.67,79.15,82.66
18.11,18.11,71.62,83.71,82.19
17.31,17.31,72.23,81.59,83.67
16.86,16.86,71.37,81.49,82.53
15.70,15.70,69.36,80.94,79.38
11.64,11.64,70.00,82.70,78.95
10.91,10.91,74.34,76.39,81.37
8.05,8.05,73.74,77.76,83.07
11.12,11.12,71.92,70.25,83.30
10.94,10.94,71.06,72.64,82.77
14.71,14.71,73.69,77.12,80.89
16.68,16.68,77.80,82.10,79.22
20.32,20.32,73.15,80.94,80.20
16.22,16.22,68.84,82.95,77.94
16.20,16.20,75.24,83.24,81.27
16.12,16.12,75.09,82.89,79.84
17.18,17.18,82.83,83.96,80.91
13.19,13.19,81.42,84.21,78.56
11.30,11.30,74.67,82.65,80.64
9.38,9.38,72.08,82.90,81.95
16.98,16.98,71.42,81.44,79.17
13.20,13.20,72.76,84.59,80.63
12.26,12.26,74.44,82.16,80.64
8.22,8.22,77.36,80.14,80.49
11.84,11.84,76.29,84.53,81.22
11.79,11.79,73.81,84.05,80.05
12.07,12.07,74.21,84.40,79.67
15.66,15.66,74.41,83.45,81.79
15.23,15.23,73.53,81.65,81.31
15.18,15.18,71.64,75.63,83.21
9.73,9.73,72.06,79.18,81.63
15.80,15.80,75.60,77.98,80.83
11.68,11.68,74.28,77.86,80.43
6.61,6.61,71.37,78.40,79.54
11.06,11.06,73.27,76.62,80.40
14.86,14.86,71.67,75.32,81.38
15.61,15.61,69.63,80.29,78.94
16.84,16.84,71.12,81.29,80.75
9.80,9.80,72.74,81.48,78.45
14.06,14.06,75.99,80.66,77.86
14.84,14.84,76.55,84.97,78.80
14.21,14.21,77.01,83.23,79.22
8.70,8.70,75.22,83.51,79.48
13.07,13.07,75.52,87.13,80.97
14.67,14.67,73.01,86.18,83.35
9.66,9.66,70.39,86.15,82.78
14.73,14.73,70.21,86.63,84.13
15.15,15.15,72.96,84.69,80.77
12.96,12.96,76.17,87.02,82.02
7.31,7.31,74.14,84.55,82.46
4.34,4.34,72.93,83.86,83.45
7.98,7.98,72.88,86.12,83.45
11.66,11.66,74.84,88.48,83.11
9.55,9.55,73.58,84.61,83.15
9.34,9.34,70.94,83.94,81.82
8.64,8.64,74.63,84.62,82.92
14.59,14.59,76.33,83.66,81.31
9.44,9.44,78.68,83.42,81.71
9.14,9.14,73.94,76.13,78.64
7.06,7.06,73.11,80.38,79.12
9.82,9.82,72.40,81.21,80.79
8.75,8.75,72.69,82.44,79.18
10.26,10.26,75.19,87.01,81.92
10.86,10.86,75.44,80.51,84.75
11.82,11.82,76.88,79.73,84.14
14.65,14.65,78.81,74.79,80.13
12.07,12.07,76.02,73.35,79.66
11.07,11.07,75.22,73.92,80.92
12.43,12.43,72.99,80.30,79.58
16.17,16.17,72.93,78.51,79.65
18.93,18.93,73.44,77.64,80.12
14.43,14.43,72.61,78.95,78.89
6.87,6.87,72.72,75.48,79.24
3.36,3.36,80.35,69.68,78.93
10.67,10.67,78.23,78.22,79.37
9.17,9.17,79.90,75.12,81.94
9.14,9.14,78.74,73.00,79.44
11.08,11.08,75.00,68.54,80.88
8.41,8.41,81.02,71.77,79.05
10.18,10.18,83.73,75.20,80.09
9.63,9.63,80.11,72.78,78.44
5.61,5.61,79.82,75.11,80.52
5.78,5.78,76.82,78.79,79.13
7.29,7.29,81.55,81.68,82.81
6.76,6.76,79.57,75.10,83.51
9.22,9.22,74.45,73.31,84.13
8.77,8.77,70.99,78.26,83.15
10.28,10.28,71.85,80.95,84.34
5.41,5.41,71.15,79.61,83.74
8.45,8.45,75.39,76.55,83.18
6.71,6.71,81.64,76.07,82.87
9.72,9.72,80.98,78.11,82.02
9.69,9.69,76.33,79.24,79.57
5.37,5.37,76.04,78.68,82.96
4.40,4.40,74.77,78.15,81.41
3.98,3.98,74.23,79.41,79.80
3.50,3.50,74.01,77.14,80.24
4.31,4.31,76.59,75.17,78.04
4.22,4.22,76.03,62.27,78.29
3.01,3.01,76.25,72.06,83.59
4.42,4.42,74.66,70.15,82.14
7.01,7.01,76.01,68.83,78.96
9.01,9.01,73.77,69.68,79.03
7.58,7.58,75.78,70.04,80.46
5.18,5.18,72.06,73.38,78.37
6.94,6.94,72.17,71.82,77.42
9.81,9.81,74.97,71.69,79.56
7.81,7.81,77.53,71.71,83.46
9.56,9.56,75.12,70.46,83.57
10.43,10.43,78.22,67.99,80.19
12.76,12.76,80.81,71.31,81.20
13.89,13.89,78.49,74.77,77.89
22.08,22.08,74.57,71.52,80.24
27.98,27.98,72.00,67.94,82.11
26.00,26.00,73.64,71.26,79.90
26.14,26.14,78.54,74.38,81.95
16.86,16.86,75.97,74.75,79.19
5.57,5.57,75.84,73.42,80.75
6.86,6.86,72.30,71.13,82.12
15.19,15.19,72.27,72.09,80.82
14.95,14.95,72.32,72.39,81.07
15.22,15.22,71.54,75.28,77.99
10.15,10.15,73.76,78.25,77.53
11.52,11.52,79.95,77.94,82.21
13.11,13.11,76.96,79.53,81.56
12.91,12.91,78.72,81.32,84.26
11.87,11.87,77.63,75.05,77.59
11.60,11.60,80.01,75.60,81.16
16.38,16.38,76.56,75.06,78.32
24.63,24.63,78.13,75.82,78.85
26.71,26.71,78.88,80.46,81.08
17.78,17.78,77.98,80.48,79.35
8.28,8.28,77.43,84.56,81.20
15.56,15.56,77.01,83.99,81.99
21.72,21.72,74.10,84.27,80.94
29.28,29.28,76.23,83.25,81.98
27.05,27.05,74.27,84.14,81.47
29.11,29.11,74.33,82.67,81.22
29.86,29.86,75.47,83.57,79.14
21.52,21.52,74.06,82.35,79.46
22.57,22.57,80.11,81.20,80.92
13.73,13.73,78.95,75.11,81.82
15.18,15.18,75.56,75.49,81.28
20.56,20.56,74.94,75.48,81.15
24.90,24.90,78.54,74.49,78.49
24.00,24.00,78.20,72.17,78.02
18.96,18.96,76.76,72.09,77.48
10.96,10.96,73.63,71.80,77.28
7.54,7.54,80.56,74.86,80.09
4.01,4.01,80.22,79.12,80.27
4.38,4.38,84.16,84.33,82.11
7.58,7.58,81.52,81.23,79.06
12.70,12.70,77.51,83.93,78.47
13.31,13.31,74.96,84.59,81.84
10.38,10.38,77.96,84.58,81.38
6.62,6.62,75.22,83.27,78.89
11.26,11.26,76.79,79.55,79.07
13.22,13.22,81.68,75.53,81.20
18.05,18.05,80.88,76.76,79.88
20.66,20.66,78.42,77.84,78.31
21.19,21.19,76.64,74.00,80.47
16.08,16.08,76.55,76.61,82.99
19.98,19.98,75.40,76.20,83.30
18.35,18.35,75.74,72.19,80.81
18.59,18.59,75.19,76.22,78.71
19.64,19.64,77.88,77.23,79.99
12.57,12.57,77.92,75.69,81.66
14.17,14.17,74.05,74.54,79.52
22.41,22.41,74.07,75.77,82.17
28.96,28.96,73.69,76.85,82.88
32.78,32.78,73.59,81.17,81.56
30.30,30.30,73.68,81.90,81.17
20.32,20.32,73.67,79.06,79.91
13.65,13.65,80.07,80.18,80.49
15.92,15.92,81.38,80.06,81.08
24.29,24.29,84.78,81.23,79.92
29.21,29.21,85.12,81.51,81.41
24.32,24.32,79.30,84.42,81.34
31.66,31.66,72.99,83.96,79.23
33.05,33.05,72.78,85.11,79.53
26.23,26.23,76.23,84.27,80.13
15.47,15.47,77.59,84.44,78.45
8.99,8.99,81.38,81.12,82.58
10.09,10.09,79.99,81.35,80.53
14.68,14.68,77.26,82.17,82.61
14.72,14.72,78.91,79.79,80.77
23.92,23.92,80.62,79.70,83.01
25.07,25.07,78.42,76.34,80.98
14.05,14.05,78.92,77.99,81.68
13.01,13.01,80.79,75.92,80.91
9.98,9.98,81.27,74.15,80.01
11.65,11.65,80.62,70.90,79.43
13.82,13.82,81.37,77.63,81.68
13.00,13.00,76.79,73.12,78.07
18.44,18.44,77.80,74.31,79.94
18.86,18.86,78.54,71.10,80.90
28.16,28.16,79.55,69.93,78.17
26.75,26.75,79.38,73.25,81.70
23.60,23.60,78.77,69.73,80.32
19.55,19.55,80.20,73.62,83.10
20.25,20.25,77.21,82.35,80.09
22.32,22.32,75.43,82.02,81.25
21.01,21.01,74.41,82.86,81.48
24.72,24.72,75.88,81.72,80.42
20.03,20.03,74.01,82.87,80.33
24.69,24.69,72.98,80.55,81.82
20.96,20.96,74.05,79.84,79.31
14.61,14.61,81.13,73.14,82.08
24.83,24.83,82.49,69.91,81.72
32.91,32.91,80.76,69.71,79.99
36.29,36.29,83.70,75.50,80.02
32.39,32.39,78.62,75.13,78.28
27.16,27.16,81.85,77.11,81.11
28.31,28.31,85.01,79.05,82.08
25.87,25.87,83.25,78.71,83.03
24.33,24.33,82.92,79.33,81.92
20.65,20.65,79.17,81.70,84.21
21.30,21.30,81.50,80.70,85.28
22.89,22.89,78.10,81.56,84.17
19.67,19.67,80.35,79.70,83.02
21.52,21.52,75.87,81.40,83.36
19.49,19.49,73.37,82.31,83.28
14.53,14.53,74.45,81.28,82.46
12.49,12.49,78.97,84.37,82.48
11.82,11.82,79.50,83.52,79.95
6.48,6.48,79.82,85.84,82.38
9.25,9.25,77.83,84.81,83.83
12.18,12.18,78.20,82.69,83.33
13.88,13.88,77.18,82.14,82.29
17.65,17.65,75.82,79.21,77.72
15.69,15.69,76.41,79.03,77.98
20.92,20.92,76.59,79.58,78.34
23.55,23.55,78.76,80.04,80.49
24.85,24.85,75.48,81.87,80.59
29.86,29.86,73.74,83.50,81.29
40.73,40.73,76.38,82.96,83.33
44.33,44.33,74.29,84.13,83.24
43.21,43.21,73.30,82.79,83.76
33.91,33.91,73.72,83.88,84.51
38.69,38.69,75.56,83.03,83.64
33.47,33.47,79.39,82.89,81.65
33.63,33.63,78.76,83.13,83.70
37.58,37.58,75.87,84.42,83.94
39.65,39.65,76.41,84.28,84.73
43.78,43.78,78.82,83.98,82.01
40.38,40.38,77.66,82.77,81.01
41.72,41.72,73.41,83.46,82.21
51.37,51.37,74.23,82.79,83.33
47.27,47.27,76.17,82.05,82.23
60.37,60.37,77.06,82.62,82.88
53.00,53.00,73.55,81.00,85.64
54.00,54.00,73.81,81.23,82.39
63.13,63.13,71.46,78.96,80.55
56.55,56.55,70.64,79.21,79.07
63.86,63.86,70.93,78.05,78.44
63.30,63.30,72.34,77.12,83.78
60.39,60.39,73.49,72.50,80.63
54.67,54.67,81.03,73.19,81.80
48.88,48.88,82.91,76.44,83.65
52.15,52.15,82.58,75.65,80.66
52.19,52.19,81.82,72.76,80.56
55.81,55.81,77.28,69.74,81.78
56.46,56.46,78.86,74.40,83.89
58.22,58.22,82.15,71.81,82.25
57.28,57.28,83.88,65.52,82.09
63.81,63.81,80.85,73.22,82.46
53.70,53.70,79.69,78.44,82.36
55.18,55.18,77.23,82.36,82.27
62.04,62.04,77.65,81.25,82.43
60.89,60.89,75.54,82.35,82.29
57.68,57.68,73.81,82.42,81.77
57.81,57.81,71.55,81.72,83.34
58.69,58.69,72.56,83.90,85.66
59.49,59.49,72.66,80.35,87.07
66.93,66.93,79.38,79.83,84.46
69.84,69.84,75.33,74.63,86.15
62.49,62.49,73.61,73.62,83.18
56.66,56.66,72.58,74.72,81.73
66.86,66.86,73.16,79.53,83.22
68.91,68.91,73.14,78.97,80.48
70.27,70.27,72.40,73.51,80.61
76.40,76.40,74.82,79.99,82.00
62.34,62.34,76.90,75.92,80.20
61.17,61.17,76.57,77.31,84.11
65.64,65.64,80.55,77.63,84.49
61.29,61.29,78.76,78.28,85.00
60.14,60.14,81.28,74.76,80.63
62.89,62.89,77.75,79.11,80.73
59.70,59.70,77.39,81.65,81.58
67.35,67.35,73.64,74.38,80.72
62.61,62.61,76.20,72.21,80.85
70.73,70.73,80.25,74.40,85.17
70.08,70.08,79.98,70.43,83.56
73.00,73.00,77.29,74.82,83.09
72.60,72.60,76.20,73.84,84.26
73.69,73.69,74.39,72.88,84.27
67.67,67.67,74.04,74.15,82.49
69.42,69.42,73.98,76.30,83.05
68.62,68.62,73.65,75.40,83.43
78.81,78.81,77.34,77.08,83.56
70.31,70.31,74.94,75.77,84.63
75.81,75.81,73.59,76.07,84.77
67.06,67.06,72.37,75.68,85.98
72.82,72.82,72.17,76.58,86.40
72.91,72.91,72.24,74.26,85.79
77.09,77.09,71.55,73.31,85.46
70.16,70.16,72.57,74.26,85.78
68.96,68.96,76.79,69.59,84.60
67.54,67.54,76.19,76.95,83.62
67.54,67.54,72.42,83.77,85.85
71.30,71.30,70.47,82.88,83.20
73.10,73.10,69.74,79.26,83.81
75.53,75.53,68.27,76.07,85.02
74.29,74.29,69.17,75.92,84.78
72.43,72.43,68.97,76.82,85.33
73.59,73.59,74.21,77.28,85.89
73.71,73.71,76.84,79.28,88.18
72.87,72.87,73.90,78.20,87.57
71.34,71.34,71.18,83.20,85.82
76.01,76.01,71.53,83.60,86.09
73.60,73.60,70.42,85.41,86.50
72.94,72.94,68.55,83.00,88.67
71.19,71.19,69.43,81.45,86.92
72.29,72.29,70.34,84.42,88.42
72.05,72.05,78.15,81.00,85.49
71.40,71.40,77.49,73.91,86.76
67.65,67.65,76.41,79.35,83.43
73.52,73.52,76.52,82.24,84.33
71.82,71.82,73.87,82.31,82.71
72.90,72.90,73.11,78.74,86.14
70.67,70.67,72.83,80.12,86.37
73.49,73.49,74.19,79.35,87.20
76.20,76.20,75.42,82.13,87.13
80.02,80.02,75.77,79.26,83.22
83.17,83.17,73.16,76.47,88.16
81.79,81.79,73.36,74.45,85.78
80.44,80.44,75.70,75.98,84.84
81.61,81.61,74.77,76.01,86.61
79.75,79.75,75.52,76.92,84.46
79.50,79.50,74.86,75.59,83.36
83.86,83.86,74.75,77.11,82.77
76.65,76.65,79.68,72.67,81.97
74.52,74.52,80.09,70.14,84.95
75.28,75.28,81.09,68.66,82.16
77.36,77.36,78.71,74.22,80.33
81.11,81.11,77.25,75.36,81.69
75.20,75.20,77.57,69.69,86.90
80.31,80.31,76.31,79.24,85.21
81.70,81.70,76.74,79.74,82.59
77.99,77.99,80.28,79.68,81.78
84.39,84.39,79.78,76.39,83.48
74.38,74.38,80.52,73.12,81.80
83.70,83.70,79.77,74.61,81.10
83.26,83.26,79.59,75.64,80.63
80.29,80.29,78.81,75.78,83.71
77.73,77.73,78.30,79.02,84.86
84.50,84.50,77.97,78.71,84.50
85.33,85.33,78.08,76.57,81.18
74.31,74.31,79.80,67.89,80.94
76.81,76.81,80.17,74.56,82.33
73.40,73.40,81.69,72.85,83.22
73.48,73.48,80.99,68.40,83.50
73.78,73.78,80.21,71.92,83.09
75.82,75.82,80.82,66.50,81.60
74.76,74.76,80.52,74.40,82.13
78.66,78.66,81.13,73.25,83.17
77.82,77.82,81.81,74.36,82.24
82.31,82.31,81.68,74.67,82.61
78.69,78.69,81.24,75.13,80.87
79.70,79.70,80.97,71.23,80.30
79.99,79.99,80.66,76.89,83.85
80.35,80.35,80.85,77.94,85.03
80.05,80.05,80.56,76.54,84.50
74.36,74.36,81.22,80.36,84.10
74.83,74.83,81.43,66.72,85.94
72.66,72.66,79.79,79.19,85.37
69.65,69.65,81.82,73.84,85.45
66.93,66.93,81.33,77.78,84.85
68.99,68.99,80.29,82.99,86.14
66.49,66.49,79.31,80.96,83.80
66.71,66.71,79.96,83.53,83.34
72.00,72.00,79.66,82.53,86.00
68.15,68.15,80.38,84.32,84.54
67.83,67.83,81.52,83.80,85.38
72.41,72.41,80.25,82.74,85.24
73.05,73.05,80.85,80.40,83.35
71.94,71.94,79.55,84.72,84.48
70.21,70.21,79.36,85.36,83.76
73.55,73.55,79.51,85.67,81.31
75.50,75.50,81.39,85.16,84.57
72.17,72.17,80.66,83.44,83.57
66.64,66.64,82.61,81.99,82.82
72.02,72.02,80.95,73.51,82.61
70.57,70.57,79.76,74.86,82.25
65.73,65.73,80.88,86.04,82.08
70.80,70.80,80.41,81.69,78.90
71.03,71.03,80.51,81.11,81.93
67.95,67.95,83.03,85.01,80.65
62.30,62.30,82.18,85.59,79.60
66.57,66.57,80.36,85.50,80.09
67.49,67.49,79.41,85.05,81.81
62.18,62.18,78.64,84.05,80.99
65.78,65.78,79.40,84.30,81.75
66.40,66.40,77.77,85.07,81.59
66.63,66.63,77.68,85.07,80.99
68.34,68.34,78.05,83.22,81.28
66.23,66.23,77.97,83.49,81.51
67.54,67.54,79.30,84.94,81.16
66.95,66.95,81.56,83.43,82.53
67.38,67.38,81.12,84.68,82.49
61.37,61.37,80.54,82.83,83.85
64.39,64.39,79.22,82.76,83.73
63.33,63.33,79.96,82.55,81.79
62.41,62.41,78.14,84.62,77.59
63.78,63.78,79.42,88.10,80.40
64.12,64.12,79.33,87.07,80.15
63.39,63.39,78.88,86.00,82.77
61.47,61.47,78.25,85.52,82.22
60.61,60.61,78.87,85.53,79.89
58.60,58.60,78.13,86.90,82.37
55.87,55.87,77.45,84.60,81.26
51.83,51.83,77.89,83.98,82.63
52.11,52.11,77.54,84.53,82.22
52.84,52.84,76.99,84.36,80.15
51.68,51.68,79.55,85.13,81.74
51.81,51.81,80.08,85.95,82.28
51.53,51.53,79.48,85.67,80.46
51.96,51.96,81.11,81.39,81.37
50.50,50.50,80.69,80.40,79.79
53.96,53.96,79.71,82.73,81.76
54.28,54.28,78.49,83.41,79.49
57.07,57.07,78.92,86.23,79.02
55.00,55.00,77.70,87.26,79.11
50.23,50.23,76.11,87.82,79.79
49.48,49.48,75.63,85.72,78.19
52.57,52.57,78.17,85.93,80.89
51.28,51.28,78.60,85.43,80.95
54.45,54.45,77.45,84.55,81.86
52.68,52.68,76.76,85.83,83.06
52.99,52.99,77.11,83.64,82.08
51.71,51.71,76.43,83.22,81.13
51.64,51.64,81.07,83.61,81.55
47.08,47.08,79.99,81.04,82.04
42.75,42.75,78.15,80.70,80.55
43.54,43.54,81.07,83.35,81.63
43.53,43.53,81.22,81.87,79.51
45.62,45.62,79.83,83.31,78.60
45.72,45.72,79.84,86.76,80.07
51.84,51.84,79.10,88.09,80.41
54.89,54.89,78.34,87.84,79.85
60.75,60.75,76.57,85.59,79.74
61.13,61.13,76.28,84.97,80.62
60.13,60.13,75.40,86.48,78.89
61.36,61.36,74.93,84.56,78.05
58.69,58.69,74.34,83.46,80.40
52.15,52.15,74.52,83.21,80.06
49.16,49.16,76.27,83.94,78.66
50.12,50.12,77.91,81.66,77.46
51.40,51.40,83.10,83.65,81.89
51.59,51.59,79.42,84.24,82.32
58.71,58.71,79.81,81.52,83.44
64.25,64.25,83.20,82.53,81.22
64.21,64.21,80.86,83.11,80.15
62.31,62.31,78.15,83.97,80.55
63.96,63.96,80.46,85.83,80.26
62.13,62.13,80.19,86.50,79.65
60.36,60.36,79.13,87.52,80.42
54.81,54.81,80.03,85.88,81.52
51.14,51.14,82.54,84.59,81.76
46.33,46.33,78.53,83.62,80.39
48.10,48.10,75.63,83.79,78.94
49.80,49.80,74.83,84.85,77.18
52.24,52.24,77.17,81.96,79.70
51.46,51.46,79.10,82.04,80.12
46.75,46.75,78.76,84.40,79.27
46.78,46.78,79.95,83.05,81.89
45.58,45.58,79.85,83.64,81.79
42.13,42.13,79.82,78.38,79.96
41.92,41.92,81.94,82.90,78.50
44.18,44.18,77.30,81.24,76.68
42.82,42.82,77.68,83.19,77.38
44.60,44.60,80.28,87.95,78.74
47.38,47.38,79.75,86.57,80.44
46.37,46.37,78.19,84.53,83.26
42.95,42.95,76.85,85.15,81.52
45.10,45.10,77.22,85.39,82.47
46.60,46.60,77.66,86.25,82.13
48.32,48.32,75.05,84.47,79.24
48.48,48.48,74.28,82.72,77.28
46.40,46.40,73.68,85.49,77.54
41.52,41.52,75.83,83.68,77.43
40.95,40.95,80.39,84.00,81.82
49.46,49.46,80.02,83.24,82.89
46.31,46.31,79.06,83.21,80.62
41.43,41.43,82.32,76.77,79.77
41.38,41.38,84.37,78.98,78.05
39.09,39.09,76.34,79.99,75.16
38.02,38.02,81.63,81.19,77.88
39.41,39.41,84.59,82.03,76.48
36.88,36.88,85.03,80.92,76.47
37.79,37.79,84.36,80.69,79.55
40.31,40.31,82.58,78.08,78.57
45.84,45.84,82.29,81.27,79.58
45.17,45.17,79.93,81.68,77.22
48.24,48.24,77.60,82.14,77.30
51.08,51.08,77.14,84.26,77.17
45.61,45.61,77.60,81.75,76.85
44.02,44.02,77.70,81.64,77.74
41.97,41.97,81.57,82.78,78.37
42.09,42.09,80.54,80.50,78.96
35.73,35.73,80.54,78.22,77.64
33.37,33.37,86.89,73.54,77.70
33.11,33.11,82.29,78.92,80.38
34.01,34.01,76.65,80.74,80.38
33.67,33.67,84.16,80.65,77.13
34.30,34.30,86.09,82.11,75.85
36.95,36.95,84.88,80.58,74.14
44.40,44.40,82.73,79.85,78.22
41.93,41.93,81.82,78.77,77.83
41.38,41.38,80.81,81.04,76.53
44.17,44.17,79.78,81.94,78.08
48.79,48.79,80.48,81.67,80.65
54.04,54.04,78.91,82.32,80.51
56.87,56.87,79.07,84.87,80.00
58.42,58.42,79.07,82.97,77.98
52.22,52.22,80.43,82.39,79.04
55.39,55.39,80.03,82.89,81.56
51.03,51.03,81.20,80.06,77.84
49.14,49.14,85.21,78.32,81.05
49.21,49.21,80.43,79.72,80.46
51.37,51.37,78.21,82.77,79.60
48.27,48.27,81.10,84.51,79.56
45.05,45.05,81.51,84.73,76.79
40.34,40.34,81.78,85.03,77.76
40.66,40.66,81.30,84.87,77.53
38.90,38.90,79.50,83.34,78.48
39.12,39.12,76.37,82.28,82.15
41.05,41.05,75.06,81.16,80.82
40.72,40.72,75.70,84.01,77.59
43.22,43.22,78.48,82.64,78.17
44.94,44.94,79.59,83.00,75.32
44.87,44.87,79.13,83.55,77.04
46.29,46.29,83.34,82.68,80.49
45.88,45.88,81.35,80.81,79.33
43.16,43.16,83.39,74.66,77.16
41.17,41.17,88.12,75.28,76.99
44.03,44.03,77.43,74.11,73.38
44.38,44.38,81.85,74.73,74.75
47.76,47.76,87.54,75.58,76.81
53.81,53.81,87.28,74.29,76.36
53.75,53.75,85.32,73.57,77.18
57.04,57.04,82.38,77.45,78.47
57.39,57.39,81.34,79.86,79.07
68.51,68.51,80.33,80.13,80.10
71.92,71.92,76.87,81.86,79.29
73.39,73.39,75.38,80.47,77.89
76.05,76.05,75.31,79.23,79.35
69.62,69.62,76.38,80.26,76.97
69.27,69.27,79.84,81.27,79.80
69.51,69.51,82.72,79.47,78.63
68.20,68.20,79.19,79.16,77.13
64.08,64.08,84.87,75.11,78.55
56.32,56.32,86.41,75.18,74.08
53.58,53.58,78.07,77.51,72.75
54.05,54.05,83.61,75.35,71.38
52.45,52.45,86.55,75.75,73.25
52.43,52.43,86.54,74.33,77.42
51.59,51.59,86.82,75.17,81.59
53.10,53.10,83.67,74.18,79.64
56.33,56.33,80.73,78.84,79.46
56.09,56.09,80.66,80.57,80.77
53.65,53.65,78.20,81.49,80.83
52.70,52.70,76.33,83.05,77.88
55.15,55.15,74.25,81.62,77.58
56.32,56.32,75.48,80.54,77.85
58.72,58.72,80.46,82.43,80.86
58.88,58.88,80.33,78.75,79.00
61.69,61.69,81.20,74.06,78.39
72.44,72.44,86.74,74.91,80.27
72.91,72.91,82.28,74.55,78.50
70.48,70.48,77.52,74.83,77.91
75.78,75.78,82.88,75.30,77.99
76.07,76.07,86.49,77.20,77.16
73.02,73.02,86.00,76.65,78.00
71.09,71.09,84.57,75.17,79.94
68.90,68.90,83.86,74.11,78.53
63.36,63.36,83.46,76.08,78.87
58.20,58.20,83.38,77.11,74.72
58.46,58.46,79.53,78.76,77.57
58.21,58.21,78.15,80.91,76.30
60.71,60.71,77.98,78.50,75.38
61.96,61.96,77.33,78.98,75.09
63.42,63.42,83.51,76.40,79.27
65.74,65.74,81.17,74.00,79.14
65.57,65.57,82.46,73.53,80.37
67.90,67.90,86.57,78.31,78.11
67.87,67.87,80.10,74.85,78.74
68.14,68.14,78.64,75.38,77.97
66.56,66.56,84.16,74.14,77.17
64.65,64.65,85.03,75.92,75.90
68.54,68.54,84.36,74.71,78.78
66.43,66.43,82.99,73.35,78.57
63.72,63.72,81.66,73.89,79.12
61.62,61.62,81.20,73.31,76.02
66.80,66.80,79.50,75.32,78.28
65.62,65.62,81.49,77.12,78.38
61.86,61.86,82.74,78.75,77.93
62.09,62.09,81.09,77.58,76.85
64.95,64.95,78.92,80.54,81.92
70.91,70.91,79.92,80.30,83.03
71.60,71.60,76.71,79.51,82.74
68.90,68.90,79.84,72.05,79.55
69.64,69.64,85.01,75.36,79.83
70.66,70.66,79.28,72.96,76.62
70.77,70.77,79.59,73.23,75.79
70.79,70.79,85.99,77.06,75.35
68.29,68.29,86.93,75.18,76.16
61.02,61.02,84.01,73.75,72.35
59.31,59.31,82.17,76.36,75.86
66.00,66.00,81.04,78.24,77.15
64.11,64.11,80.33,80.14,77.40
65.69,65.69,77.28,78.37,76.83
66.37,66.37,75.73,75.93,77.89
62.05,62.05,75.52,77.95,80.50
59.25,59.25,76.27,78.88,81.19
64.82,64.82,80.21,80.43,80.35
63.60,63.60,79.88,79.51,80.35
62.67,62.67,78.62,80.04,83.94
60.48,60.48,83.40,72.69,82.85
58.56,58.56,87.79,67.66,80.36
59.31,59.31,77.70,65.89,78.29
55.07,55.07,84.45,71.79,79.37
52.84,52.84,86.01,71.81,76.70
58.38,58.38,86.58,72.04,76.52
55.69,55.69,87.26,68.22,78.50
53.90,53.90,86.94,66.80,77.59
54.66,54.66,85.91,67.45,75.19
55.70,55.70,84.36,68.61,76.61
55.15,55.15,84.80,67.32,79.15
55.41,55.41,83.66,70.74,75.50
55.45,55.45,80.64,73.34,74.83
60.32,60.32,79.95,73.24,77.12
63.55,63.55,84.03,76.00,79.24
65.54,65.54,82.10,71.17,77.84
69.33,69.33,81.97,71.31,77.22
70.10,70.10,88.00,72.87,78.85
71.17,71.17,83.49,70.90,76.93
72.00,72.00,78.66,70.43,75.87
73.23,73.23,85.91,72.22,77.21
70.23,70.23,88.73,72.62,77.96
69.22,69.22,87.51,72.26,76.51
69.89,69.89,86.13,71.04,79.39
74.68,74.68,84.65,73.95,79.58
72.42,72.42,85.18,75.11,79.46
71.06,71.06,85.16,74.24,77.93
69.93,69.93,83.07,74.49,77.68
60.65,60.65,82.70,72.83,74.24
54.21,54.21,82.88,72.58,73.37
56.11,56.11,81.29,72.40,73.51
62.23,62.23,84.25,72.08,81.11
59.35,59.35,85.35,67.46,81.07
56.48,56.48,86.68,67.24,81.62
58.23,58.23,85.53,74.97,81.89
59.97,59.97,81.82,72.73,79.79
54.28,54.28,79.72,76.51,78.90
52.34,52.34,84.14,77.23,81.15
52.97,52.97,84.20,74.64,84.33
59.79,59.79,84.41,72.16,84.31
71.04,71.04,83.25,73.35,81.48
68.79,68.79,84.09,73.45,81.01
63.47,63.47,83.59,71.41,80.13
62.27,62.27,81.88,74.77,79.13
58.85,58.85,81.66,77.52,79.10
58.27,58.27,81.27,76.84,76.23
55.75,55.75,79.09,77.35,77.78
53.69,53.69,81.55,75.35,78.77
58.33,58.33,84.18,70.85,82.07
61.10,61.10,83.94,72.15,80.05
59.42,59.42,86.34,64.84,81.41
57.73,57.73,86.66,75.20,80.41
51.08,51.08,76.97,73.70,77.80
45.93,45.93,83.50,74.28,77.99
47.40,47.40,86.88,72.67,75.57
50.63,50.63,87.12,73.90,75.62
50.54,50.54,85.37,71.48,76.82
54.12,54.12,83.62,71.50,79.96
54.04,54.04,82.92,75.08,79.31
52.79,52.79,83.05,73.98,78.76
51.43,51.43,81.42,76.35,76.80
51.87,51.87,78.58,77.13,77.59
52.04,52.04,77.42,77.37,76.22
50.37,50.37,78.90,78.60,77.64
51.80,51.80,82.48,75.95,79.56
51.19,51.19,83.86,67.13,82.00
49.75,49.75,84.68,70.41,79.68
51.39,51.39,86.03,65.37,83.04
55.10,55.10,86.17,70.11,83.23
59.12,59.12,79.56,73.96,82.05
62.58,62.58,83.83,74.41,79.94
64.96,64.96,85.89,74.81,78.14
65.57,65.57,85.11,75.14,76.97
66.36,66.36,85.38,74.28,76.77
70.39,70.39,83.20,73.72,79.58
69.78,69.78,81.27,74.62,76.47
68.13,68.13,78.29,78.44,78.11
69.01,69.01,77.41,79.95,78.41
65.71,65.71,77.33,80.77,77.88
66.61,66.61,77.77,78.27,80.72
61.01,61.01,78.17,74.79,78.08
59.62,59.62,82.47,73.94,80.41
52.41,52.41,83.38,71.55,80.01
53.53,53.53,83.79,71.02,79.14
52.31,52.31,87.47,72.57,80.71
58.13,58.13,84.97,68.87,78.75
57.08,57.08,80.40,75.69,77.73
54.03,54.03,85.12,75.24,79.26
57.97,57.97,88.11,74.18,79.66
56.67,56.67,87.53,73.77,76.55
56.63,56.63,85.17,70.31,74.76
53.71,53.71,83.82,71.18,77.22
54.65,54.65,83.17,73.16,76.43
53.13,53.13,82.72,74.73,75.37
52.13,52.13,79.29,76.06,76.66
51.00,51.00,76.32,76.78,77.92
49.57,49.57,77.29,78.19,77.75
45.73,45.73,77.93,78.30,79.63
52.87,52.87,83.28,76.36,83.73
47.74,47.74,83.93,75.32,80.78
48.66,48.66,82.74,70.74,83.82
53.44,53.44,84.91,77.26,84.02
59.76,59.76,81.65,74.79,80.34
64.31,64.31,79.64,74.56,79.26
63.53,63.53,84.86,77.25,79.42
67.67,67.67,84.00,75.85,80.43
64.44,64.44,82.67,77.50,84.83
64.52,64.52,80.67,79.01,83.41
64.56,64.56,78.87,82.04,81.13
62.44,62.44,76.91,82.70,81.58
64.52,64.52,74.88,81.88,81.72
66.75,66.75,75.82,83.14,81.56
67.05,67.05,76.59,80.75,81.94
59.26,59.26,77.85,80.02,81.59
55.47,55.47,81.13,76.87,80.20
52.33,52.33,83.66,75.56,83.96
49.51,49.51,83.48,75.66,81.97
49.12,49.12,84.22,70.90,83.30
44.00,44.00,84.89,76.87,81.50
44.88,44.88,78.06,73.09,81.82
47.25,47.25,81.56,73.18,78.08
52.96,52.96,84.45,74.29,78.34
59.43,59.43,83.17,77.71,80.48
60.59,60.59,81.69,77.34,80.64
58.43,58.43,78.59,79.06,81.53
54.98,54.98,79.30,80.29,82.44
52.43,52.43,76.68,79.91,81.11
50.07,50.07,74.73,81.63,79.74
51.39,51.39,74.37,79.21,79.39
51.03,51.03,76.65,76.47,77.22
48.64,48.64,77.19,77.66,79.79
52.78,52.78,82.75,70.88,80.16
52.51,52.51,83.87,69.41,82.12
54.37,54.37,83.67,72.09,79.62
56.05,56.05,85.73,72.19,81.88
58.32,58.32,86.44,71.21,80.83
59.18,59.18,80.20,70.25,81.79
60.62,60.62,85.59,68.20,79.48
66.28,66.28,87.59,67.51,76.90
66.37,66.37,87.03,65.48,78.21
64.47,64.47,86.76,71.69,78.42
64.52,64.52,86.52,75.10,79.42
63.18,63.18,85.43,75.90,78.68
64.29,64.29,83.03,75.79,77.54
66.57,66.57,82.23,77.22,77.31
61.65,61.65,82.02,75.84,77.51
63.04,63.04,80.49,76.61,77.30
56.56,56.56,81.16,74.37,78.30
58.78,58.78,84.50,65.96,81.35
51.90,51.90,85.47,68.67,82.09
50.46,50.46,85.36,71.40,82.84
48.83,48.83,85.17,72.53,82.56
48.05,48.05,82.25,72.24,78.01
45.83,45.83,80.46,73.87,83.06
44.85,44.85,83.96,73.19,79.10
50.88,50.88,86.94,74.29,76.31
46.78,46.78,86.48,74.15,76.96
48.85,48.85,85.38,75.27,80.02
45.01,45.01,83.87,75.38,76.91
47.03,47.03,83.85,71.75,76.05
47.96,47.96,84.25,72.86,76.43
45.42,45.42,82.65,70.98,76.31
44.51,44.51,80.67,74.32,77.42
46.34,46.34,79.86,73.70,77.16
44.73,44.73,80.24,72.25,78.22
51.09,51.09,84.22,70.85,84.68
53.13,53.13,83.20,70.43,84.52
54.82,54.82,82.36,71.66,83.64
52.69,52.69,86.04,75.51,80.98
48.71,48.71,80.82,70.87,80.53
39.82,39.82,83.87,66.71,80.81
34.96,34.96,86.61,65.99,79.35
39.83,39.83,87.18,69.44,76.73
40.65,40.65,87.01,71.13,78.08
44.42,44.42,86.53,70.88,77.75
48.62,48.62,85.54,74.03,76.59
48.38,48.38,82.56,74.07,78.13
45.62,45.62,83.02,72.04,79.78
41.42,41.42,83.89,71.50,77.39
44.97,44.97,83.79,74.68,76.11
47.61,47.61,82.42,72.47,77.56
49.10,49.10,83.92,73.05,80.24
49.95,49.95,85.26,66.97,83.55
48.44,48.44,83.81,68.13,81.02
47.72,47.72,85.64,72.07,85.41
49.76,49.76,79.70,75.71,80.40
45.14,45.14,80.11,75.52,77.39
40.15,40.15,78.10,78.93,74.46
42.90,42.90,82.47,76.67,76.00
44.82,44.82,83.44,78.58,77.10
52.79,52.79,83.49,77.17,77.81
58.39,58.39,80.46,74.69,80.83
60.44,60.44,80.34,77.41,80.39
64.41,64.41,78.46,79.71,80.60
67.63,67.63,76.44,81.75,79.59
55.90,55.90,73.53,79.74,80.28
51.56,51.56,74.09,77.78,78.35
52.12,52.12,77.06,75.51,83.46
52.09,52.09,82.03,73.41,84.22
55.44,55.44,84.01,67.65,85.27
54.30,54.30,80.95,69.19,83.68
55.72,55.72,83.43,66.54,84.86
52.14,52.14,83.58,70.99,81.07
45.38,45.38,79.62,71.03,80.62
42.51,42.51,84.55,69.76,78.28
40.41,40.41,86.76,68.91,77.93
45.88,45.88,85.78,70.72,78.09
53.34,53.34,83.75,66.88,80.36
55.86,55.86,83.86,69.08,80.50
54.94,54.94,83.98,69.74,82.21
53.61,53.61,82.95,73.44,80.09
50.37,50.37,83.84,75.04,77.56
50.44,50.44,84.15,76.50,77.36
51.37,51.37,84.32,76.39,79.31
53.87,53.87,82.66,75.42,80.11
60.82,60.82,86.67,72.27,80.89
65.12,65.12,83.00,66.10,85.12
62.79,62.79,82.99,65.84,85.10
62.60,62.60,84.04,67.12,83.35
59.11,59.11,81.42,64.66,81.83
51.75,51.75,81.38,69.67,79.04
47.18,47.18,85.54,68.33,76.67
44.99,44.99,87.68,71.44,77.44
52.81,52.81,87.05,71.64,78.23
55.00,55.00,84.29,74.65,80.11
52.83,52.83,83.09,76.33,80.77
52.19,52.19,82.04,76.29,79.51
49.15,49.15,81.85,76.77,83.01
50.95,50.95,79.55,79.09,83.74
51.44,51.44,78.24,80.16,79.89
51.68,51.68,79.84,78.09,76.52
52.94,52.94,81.43,73.88,75.36
58.71,58.71,84.49,65.55,85.31
67.94,67.94,82.80,66.08,86.21
67.09,67.09,84.19,61.77,86.37
68.34,68.34,82.85,64.75,84.86
70.03,70.03,81.65,70.31,84.51
59.73,59.73,83.58,70.49,81.16
60.21,60.21,86.65,71.92,78.69
57.21,57.21,87.49,73.38,77.51
52.50,52.50,86.10,72.87,80.42
57.23,57.23,85.11,67.52,79.95
64.37,64.37,84.40,68.52,80.23
64.55,64.55,83.67,68.40,81.77
57.61,57.61,81.71,70.15,82.13
58.67,58.67,82.13,72.17,81.12
55.93,55.93,80.53,69.91,83.15
56.61,56.61,79.92,70.48,81.97
55.95,55.95,83.67,68.02,81.36
56.87,56.87,82.65,57.99,88.00
57.68,57.68,84.97,59.47,85.48
57.59,57.59,84.73,61.61,85.96
63.30,63.30,82.78,64.53,86.15
64.88,64.88,82.96,68.31,84.02
65.18,65.18,83.95,67.94,81.01
61.60,61.60,87.49,67.52,80.87
56.20,56.20,87.98,67.54,80.10
53.91,53.91,86.84,66.00,78.98
52.72,52.72,86.43,67.80,78.99
53.28,53.28,84.40,70.12,81.95
53.12,53.12,84.84,71.77,77.02
55.77,55.77,85.29,70.71,75.15
54.39,54.39,82.55,68.73,76.58
55.96,55.96,81.57,67.51,78.21
53.68,53.68,82.20,69.00,76.81
62.40,62.40,83.51,70.03,81.72
62.51,62.51,84.44,65.44,87.67
63.45,63.45,82.67,57.82,85.38
63.37,63.37,82.52,64.43,85.96
65.92,65.92,82.57,64.75,86.30
68.24,68.24,84.48,66.77,84.29
71.78,71.78,85.05,69.90,80.22
70.97,70.97,86.73,69.70,79.36
65.89,65.89,85.85,71.07,78.95
64.76,64.76,84.81,66.26,79.27
64.28,64.28,83.57,62.37,80.04
62.69,62.69,84.76,66.38,77.37
61.82,61.82,83.31,69.44,78.80
62.29,62.29,81.92,70.87,79.87
58.35,58.35,81.43,72.05,77.55
54.03,54.03,82.05,72.17,76.09
55.44,55.44,80.27,72.19,78.68
63.61,63.61,82.54,63.16,84.40
65.71,65.71,84.11,64.14,86.45
66.55,66.55,84.61,66.76,85.94
69.01,69.01,83.29,64.87,84.98
74.92,74.92,83.46,65.50,83.37
73.37,73.37,82.45,64.67,83.11
63.34,63.34,86.88,68.18,77.44
64.62,64.62,88.43,71.02,79.81
61.27,61.27,88.22,70.91,79.95
57.08,57.08,86.04,68.49,81.24
61.81,61.81,85.04,72.13,82.05
67.52,67.52,84.50,74.07,82.21
62.79,62.79,84.77,73.85,81.02
60.86,60.86,84.05,71.62,80.66
61.08,61.08,82.46,71.45,78.65
60.54,60.54,83.37,68.08,77.71
60.70,60.70,83.70,63.29,78.22
67.55,67.55,84.70,56.59,85.42
71.67,71.67,84.91,60.52,86.55
70.68,70.68,84.04,63.39,86.39
74.53,74.53,83.46,68.82,84.64
77.79,77.79,82.67,67.71,84.10
70.71,70.71,84.05,65.08,80.02
58.97,58.97,87.25,70.99,75.81
61.64,61.64,88.61,69.71,76.39
67.02,67.02,85.63,64.19,81.25
74.22,74.22,85.45,62.45,85.68
72.72,72.72,82.49,63.13,84.56
76.79,76.79,81.86,62.14,84.22
77.93,77.93,82.64,65.85,82.37
75.53,75.53,82.99,68.91,85.20
65.37,65.37,85.52,67.54,82.16
67.06,67.06,88.13,67.64,82.24
63.45,63.45,87.18,63.64,80.67
71.19,71.19,83.59,64.47,85.33
74.10,74.10,85.39,61.77,82.16
74.58,74.58,83.60,64.48,84.50
76.19,76.19,83.14,65.13,83.89
76.24,76.24,81.63,64.07,84.28
63.13,63.13,85.03,70.55,77.87
62.71,62.71,87.24,67.74,78.88
61.71,61.71,87.19,65.13,80.50
70.21,70.21,84.69,62.55,84.80
75.21,75.21,82.80,62.26,84.77
74.91,74.91,83.81,60.88,86.28
72.68,72.68,82.98,62.72,84.64
71.30,71.30,82.22,64.21,85.70
67.71,67.71,84.10,65.15,83.21
60.87,60.87,87.89,66.52,82.23
61.28,61.28,87.15,65.46,82.80
65.42,65.42,86.45,63.68,84.16
75.48,75.48,83.04,60.81,86.25
72.82,72.82,82.69,59.14,85.53
72.30,72.30,85.26,62.45,84.27
73.78,73.78,83.93,67.18,83.97
72.36,72.36,82.68,67.34,85.40
61.69,61.69,86.99,66.68,79.38
61.98,61.98,88.07,67.94,77.86
68.24,68.24,87.44,70.12,79.96
74.75,74.75,84.96,68.30,85.17
78.84,78.84,84.80,64.99,83.95
76.90,76.90,83.88,65.50,85.46
76.19,76.19,82.46,68.14,84.90
74.65,74.65,83.04,68.32,86.25
65.41,65.41,82.97,68.17,80.51
59.45,59.45,87.63,71.80,79.05
58.91,58.91,89.00,70.95,79.00
72.53,72.53,84.63,63.93,82.20
77.25,77.25,85.03,64.89,84.91
74.14,74.14,86.11,64.33,84.15
70.74,70.74,87.28,68.26,84.62
74.16,74.16,84.19,68.52,85.30
67.79,67.79,83.58,71.82,82.84
61.70,61.70,86.55,74.97,79.65
60.58,60.58,89.05,72.94,80.14
64.53,64.53,88.25,71.43,79.32
76.81,76.81,83.56,66.35,85.29
73.92,73.92,85.15,63.63,83.75
71.12,71.12,84.51,66.33,84.12
73.91,73.91,83.54,67.65,85.17
75.34,75.34,82.51,69.41,84.19
62.03,62.03,87.34,69.00,81.97
61.47,61.47,87.93,67.04,78.12
58.65,58.65,89.07,64.11,76.80
77.79,77.79,85.58,64.77,83.22
74.74,74.74,84.13,63.82,84.73
73.12,73.12,82.96,62.51,84.01
73.58,73.58,85.21,67.07,83.25
78.73,78.73,80.80,70.29,85.41
74.59,74.59,83.00,68.96,82.76
69.75,69.75,88.60,65.84,80.72
63.13,63.13,89.10,68.43,79.57
74.87,74.87,85.86,67.62,82.29
78.70,78.70,85.57,61.45,85.73
77.09,77.09,83.90,62.88,84.34
77.38,77.38,81.80,65.50,85.33
77.90,77.90,83.58,66.80,82.90
78.48,78.48,80.91,67.92,82.30
63.12,63.12,84.67,70.06,79.94
61.80,61.80,89.82,67.92,77.87
62.25,62.25,88.43,63.58,77.26
77.99,77.99,84.80,61.56,84.70
76.45,76.45,84.99,61.09,83.47
73.64,73.64,85.66,62.22,83.34
76.30,76.30,84.19,65.43,84.01
78.82,78.82,84.57,66.70,83.74
65.26,65.26,85.31,67.37,79.89
60.52,60.52,88.18,68.87,79.69
64.56,64.56,87.93,70.47,79.11
74.38,74.38,87.32,65.29,80.89
74.89,74.89,86.04,64.80,83.74
74.68,74.68,85.86,65.67,83.04
73.66,73.66,86.06,68.33,83.75
77.98,77.98,80.10,69.05,82.38
75.02,75.02,83.54,68.94,80.99
67.28,67.28,87.51,70.40,79.06
67.95,67.95,88.56,70.29,79.11
71.86,71.86,87.01,66.96,79.81
77.37,77.37,83.58,63.73,83.70
76.77,76.77,82.37,62.99,83.30
76.27,76.27,83.45,66.20,83.10
79.26,79.26,82.31,67.54,83.33
80.43,80.43,82.20,67.90,81.60
69.26,69.26,86.64,69.88,78.14
68.32,68.32,89.35,67.36,79.02
69.59,69.59,87.58,68.30,79.82
78.14,78.14,85.06,65.72,82.73
77.40,77.40,83.62,64.47,83.20
75.98,75.98,84.17,63.75,83.35
75.77,75.77,85.50,63.94,82.96
78.11,78.11,80.30,65.75,82.47
70.14,70.14,83.64,70.62,77.83
68.46,68.46,88.88,69.17,76.80
64.38,64.38,89.81,68.30,75.81
75.41,75.41,85.42,64.49,80.10
76.82,76.82,85.48,60.45,81.65
77.76,77.76,84.74,61.39,82.70
75.52,75.52,82.93,63.45,82.35
80.02,80.02,82.08,63.49,82.52
77.45,77.45,81.18,63.17,80.06
63.64,63.64,86.28,69.04,75.50
63.74,63.74,88.60,67.03,74.15
71.80,71.80,87.35,64.84,77.87
79.87,79.87,85.05,60.16,83.19
77.96,77.96,85.15,62.52,83.20
74.24,74.24,85.51,60.95,81.89
77.27,77.27,85.14,66.84,81.86
79.15,79.15,79.47,66.49,81.60
64.92,64.92,86.55,71.67,76.83
63.68,63.68,88.77,72.29,77.30
65.03,65.03,87.80,72.46,76.95
78.77,78.77,85.00,68.68,82.45
78.20,78.20,84.53,65.11,82.45
75.58,75.58,83.93,64.42,83.14
78.04,78.04,84.55,67.69,82.47
77.16,77.16,81.25,66.66,82.96
73.83,73.83,84.83,66.94,79.97
67.52,67.52,88.88,70.99,77.57
67.12,67.12,89.30,70.28,75.77
73.69,73.69,85.71,64.82,79.07
78.10,78.10,86.08,62.27,82.62
77.80,77.80,83.55,62.21,84.29
77.22,77.22,85.13,61.81,83.48
75.98,75.98,83.69,65.43,83.06
75.15,75.15,80.14,68.49,81.39
63.52,63.52,88.38,69.95,79.12
65.28,65.28,89.43,70.55,77.29
66.65,66.65,89.29,66.53,77.73
81.33,81.33,85.24,64.46,81.76
80.99,80.99,84.29,62.53,81.79
80.05,80.05,83.58,61.25,81.52
79.74,79.74,84.63,63.39,80.43
79.82,79.82,81.78,62.58,80.11
71.57,71.57,84.30,66.64,76.63
72.13,72.13,87.80,67.57,79.88
72.99,72.99,88.70,69.21,78.30
78.76,78.76,85.33,68.85,82.38
78.22,78.22,84.53,66.97,80.23
76.88,76.88,83.36,66.33,83.60
77.87,77.87,82.85,67.19,80.77
78.46,78.46,83.26,68.96,80.59
73.85,73.85,82.89,70.76,78.14
67.79,67.79,87.83,71.73,76.26
63.63,63.63,88.78,71.09,76.45
72.60,72.60,86.66,70.17,78.49
79.78,79.78,85.04,64.95,82.29
78.13,78.13,83.80,65.60,81.77
75.45,75.45,85.76,66.26,83.01
79.70,79.70,83.03,67.89,81.95
78.12,78.12,82.64,66.53,80.45
65.31,65.31,85.91,69.21,79.44
62.97,62.97,89.52,69.57,77.76
64.38,64.38,88.76,65.66,77.30
79.32,79.32,85.53,64.70,82.32
79.34,79.34,84.47,62.03,81.58
78.60,78.60,83.25,62.09,82.14
80.93,80.93,84.03,64.18,81.30
80.16,80.16,80.79,66.53,80.55
65.56,65.56,84.65,67.78,76.48
63.47,63.47,89.10,65.82,73.97
65.20,65.20,90.70,65.21,74.77
73.94,73.94,86.30,62.13,80.14
77.13,77.13,84.89,60.76,81.78
77.17,77.17,85.33,63.76,82.75
78.83,78.83,85.66,67.88,82.46
79.69,79.69,81.86,68.87,80.69
73.14,73.14,82.43,69.72,79.76
64.10,64.10,87.36,72.08,77.57
67.32,67.32,88.94,70.17,78.25
71.70,71.70,87.52,68.06,78.82
79.07,79.07,84.30,65.21,83.52
81.00,81.00,83.91,63.83,82.15
78.81,78.81,84.73,64.51,80.87
80.45,80.45,83.06,64.85,80.30
78.49,78.49,81.62,69.58,78.51
65.54,65.54,86.23,68.26,75.61
64.65,64.65,89.60,70.64,76.86
68.13,68.13,88.29,66.46,75.38
78.19,78.19,84.80,64.58,82.34
78.61,78.61,85.24,60.75,80.75
80.20,80.20,83.14,62.34,81.77
81.10,81.10,85.98,67.47,79.05
80.25,80.25,79.94,71.12,80.46
74.57,74.57,83.26,70.10,77.35
70.47,70.47,88.57,67.59,76.52
63.87,63.87,87.76,65.33,76.69
72.55,72.55,85.70,66.00,79.74
78.44,78.44,86.57,65.34,80.62
77.45,77.45,84.30,64.62,78.98
81.12,81.12,84.53,66.93,78.79
78.06,78.06,82.60,67.55,79.99
73.18,73.18,82.81,66.14,79.11
64.28,64.28,88.41,67.28,77.52
66.80,66.80,90.47,65.04,76.85
68.07,68.07,87.49,66.63,77.06
78.94,78.94,84.44,62.64,81.55
80.17,80.17,85.80,61.19,78.22
80.46,80.46,83.56,64.66,78.84
78.63,78.63,87.61,67.16,79.90
77.26,77.26,83.00,69.05,79.50
65.93,65.93,86.35,70.15,75.48
65.66,65.66,88.64,65.59,75.32
65.81,65.81,89.95,63.77,76.23
77.75,77.75,85.60,64.04,80.61
80.65,80.65,84.72,61.02,79.50
79.83,79.83,84.84,63.99,78.04
81.03,81.03,83.82,67.86,79.27
81.36,81.36,82.66,67.70,79.32
77.26,77.26,83.85,71.39,78.46
73.02,73.02,87.90,70.82,75.62
72.20,72.20,89.36,70.08,75.31
75.21,75.21,87.11,70.08,78.52
80.16,80.16,87.26,66.69,79.25
78.98,78.98,83.85,65.64,80.02
79.94,79.94,84.43,67.79,79.51
79.26,79.26,84.25,68.31,79.55
77.84,77.84,83.21,71.73,78.42
66.45,66.45,86.41,71.21,75.73
63.82,63.82,90.22,72.41,76.61
66.34,66.34,88.66,65.49,74.19
79.65,79.65,85.63,62.20,78.46
78.72,78.72,87.14,59.03,77.02
78.02,78.02,84.72,66.32,79.42
80.19,80.19,85.38,69.42,79.74
80.58,80.58,81.96,71.92,79.49
67.90,67.90,85.55,71.45,78.03
62.53,62.53,89.45,69.62,75.42
62.50,62.50,91.01,69.82,74.75
75.13,75.13,86.90,69.34,79.61
79.55,79.55,85.98,66.72,80.23
75.56,75.56,87.34,68.72,80.76
77.74,77.74,85.86,70.17,80.88
78.16,78.16,83.54,69.66,79.67
71.14,71.14,82.30,71.49,77.02
63.62,63.62,88.01,68.67,75.45
66.20,66.20,89.92,67.24,77.24
68.89,68.89,88.85,68.79,76.83
79.05,79.05,86.16,67.50,81.54
76.21,76.21,83.75,65.89,79.49
75.79,75.79,85.60,68.22,78.42
77.43,77.43,85.47,70.16,79.02
74.79,74.79,83.57,70.96,78.51
63.55,63.55,86.83,73.56,75.90
62.60,62.60,89.12,72.92,74.68
67.61,67.61,89.15,70.16,74.76
78.54,78.54,85.92,69.11,79.16
79.26,79.26,86.04,65.58,79.16
78.58,78.58,84.55,60.30,78.05
78.16,78.16,85.78,60.39,76.78
82.00,82.00,84.81,62.28,78.36
79.74,79.74,84.68,63.96,80.07
77.45,77.45,85.76,66.43,78.38
77.97,77.97,85.63,65.78,77.51
79.00,79.00,84.64,61.68,78.29
79.23,79.23,84.27,59.92,79.16
77.67,77.67,84.67,61.44,78.88
76.01,76.01,85.11,59.90,78.01
77.84,77.84,84.84,55.74,78.66
79.84,79.84,84.47,59.31,79.65
76.68,76.68,86.86,61.09,78.88
77.04,77.04,86.86,64.85,79.51
76.32,76.32,85.01,61.19,78.68
79.69,79.69,84.10,59.76,79.69
80.22,80.22,86.01,62.34,78.15
76.45,76.45,86.83,65.03,77.64
77.77,77.77,86.18,65.68,77.58
79.92,79.92,84.74,60.68,79.32
78.05,78.05,86.34,59.02,77.65
75.95,75.95,88.41,61.99,76.55
76.88,76.88,85.62,59.68,77.68
80.14,80.14,84.24,58.70,79.38
79.80,79.80,83.80,59.18,78.48
77.61,77.61,86.13,62.39,77.60
75.90,75.90,87.21,58.78,75.93
79.17,79.17,84.17,53.03,77.82
78.89,78.89,85.72,56.77,79.00
76.87,76.87,85.83,61.84,78.66
75.82,75.82,86.66,63.21,78.02
79.63,79.63,84.10,64.24,78.12
79.21,79.21,86.20,59.56,79.22
77.20,77.20,85.85,58.93,77.58
77.39,77.39,84.66,62.12,75.23
80.71,80.71,84.87,62.93,75.71
80.37,80.37,83.96,63.00,79.06
77.15,77.15,85.64,60.63,76.79
76.48,76.48,86.58,62.69,76.82
79.59,79.59,85.81,61.45,76.72
79.48,79.48,84.66,57.15,79.12
77.40,77.40,88.04,60.59,77.92
73.96,73.96,88.77,63.43,77.80
77.55,77.55,87.08,64.35,75.54
79.84,79.84,86.88,61.55,77.63
77.81,77.81,85.50,55.32,78.51
77.44,77.44,85.29,57.36,77.82
76.48,76.48,85.55,59.96,77.00
80.39,80.39,83.70,60.38,78.55
78.41,78.41,83.91,56.94,77.87
76.48,76.48,86.19,61.78,79.15
77.11,77.11,85.65,62.42,77.51
80.79,80.79,84.29,61.14,78.77
77.60,77.60,85.42,58.65,78.86
76.53,76.53,86.58,59.62,78.72
76.29,76.29,88.19,58.65,77.67
80.61,80.61,85.15,59.18,77.42
77.66,77.66,84.99,51.35,78.92
76.72,76.72,85.19,54.90,79.07
77.00,77.00,86.49,59.34,77.54
79.34,79.34,84.38,60.46,77.11
79.83,79.83,84.35,53.96,77.69
76.50,76.50,83.31,51.02,77.35
75.78,75.78,86.31,53.28,76.35
78.65,78.65,85.45,54.93,76.55
79.50,79.50,87.54,52.09,76.76
75.55,75.55,85.46,53.55,78.13
76.63,76.63,85.79,54.51,80.59
76.40,76.40,85.22,54.10,76.83
80.62,80.62,85.70,56.86,78.90
76.44,76.44,85.34,55.11,78.01
74.32,74.32,85.88,52.30,79.81
76.44,76.44,83.98,52.01,77.47
78.99,78.99,84.58,54.71,79.01
78.27,78.27,84.83,52.59,81.64
75.35,75.35,86.68,53.53,80.87
75.31,75.31,86.95,53.75,79.26
79.75,79.75,85.38,52.96,78.23
78.21,78.21,83.36,51.82,79.08
76.04,76.04,84.12,56.95,80.46
76.24,76.24,86.36,58.95,79.45
78.07,78.07,85.89,57.49,78.39
79.29,79.29,83.72,53.94,79.88
74.33,74.33,85.16,51.24,80.88
76.00,76.00,85.54,53.63,78.28
79.26,79.26,85.55,49.96,80.17
79.02,79.02,87.28,49.92,78.35
71.81,71.81,89.81,55.45,76.66
74.88,74.88,88.45,58.13,78.80
77.83,77.83,85.60,51.19,76.68
78.69,78.69,84.60,46.37,78.04
76.21,76.21,83.72,47.20,78.64
76.02,76.02,86.96,55.91,80.61
76.44,76.44,86.75,56.94,79.48
78.72,78.72,83.82,52.56,78.40
74.88,74.88,85.97,49.86,78.60
74.14,74.14,85.68,56.77,77.94
78.47,78.47,86.18,59.26,79.13
80.28,80.28,83.55,56.74,80.81
77.81,77.81,85.63,51.06,79.85
74.75,74.75,85.18,59.54,78.84
78.41,78.41,88.34,60.84,78.60
78.33,78.33,84.57,58.29,77.26
79.40,79.40,86.21,54.04,77.24
73.17,73.17,86.67,58.95,77.50
76.03,76.03,86.62,61.24,79.32
76.07,76.07,84.60,59.41,78.47
77.62,77.62,85.46,51.70,77.87
74.25,74.25,85.91,51.04,78.76
74.23,74.23,86.19,55.24,78.02
76.13,76.13,85.10,57.12,79.24
77.89,77.89,84.68,54.31,78.13
73.85,73.85,85.05,49.00,76.48
74.78,74.78,85.74,52.35,76.34
74.55,74.55,86.70,53.02,77.32
77.61,77.61,84.97,50.04,78.27
74.64,74.64,85.30,46.88,78.44
75.18,75.18,87.00,52.72,79.35
74.56,74.56,87.94,51.40,77.94
76.86,76.86,84.46,45.31,78.96
73.34,73.34,85.83,53.95,79.30
74.38,74.38,85.73,53.56,78.38
73.36,73.36,86.25,49.31,77.02
76.63,76.63,86.02,56.36,76.84
75.34,75.34,85.63,62.55,77.26
76.30,76.30,85.34,61.81,78.42
74.52,74.52,85.15,58.46,76.65
75.16,75.16,84.99,64.01,78.77
75.88,75.88,84.53,68.08,79.38
74.61,74.61,83.47,65.24,80.71
73.63,73.63,86.88,62.40,77.49
76.08,76.08,86.29,65.69,77.29
77.39,77.39,85.28,65.91,79.24
73.40,73.40,84.18,68.12,79.08
73.47,73.47,84.94,71.22,79.57
74.36,74.36,84.36,72.89,77.95
74.53,74.53,84.20,70.97,79.75
76.90,76.90,86.18,67.76,79.14
72.51,72.51,84.57,66.28,81.15
74.54,74.54,86.46,74.30,81.75
74.27,74.27,84.47,76.37,81.64
73.79,73.79,85.06,75.92,78.40
75.04,75.04,84.90,71.55,77.96
74.06,74.06,85.59,74.96,81.21
75.50,75.50,84.09,68.97,81.11
72.62,72.62,84.36,73.14,80.77
75.38,75.38,85.37,65.77,78.77
74.48,74.48,85.25,66.83,80.04
76.84,76.84,85.22,60.32,76.58
75.24,75.24,85.30,60.79,78.31
75.13,75.13,83.78,72.83,79.44
75.86,75.86,84.71,68.98,79.03
75.73,75.73,84.31,72.02,76.90
75.69,75.69,84.53,64.07,80.17
75.44,75.44,83.75,69.80,78.80
76.04,76.04,84.94,69.22,80.02
75.55,75.55,83.81,71.58,78.23
74.34,74.34,86.68,68.29,79.82
77.65,77.65,85.03,75.43,78.87
76.43,76.43,85.34,73.55,79.57
77.29,77.29,84.91,76.95,78.52
77.03,77.03,84.40,74.66,77.08
75.73,75.73,85.78,76.27,78.97
75.29,75.29,84.77,73.15,79.07
74.80,74.80,84.87,77.34,77.49
75.77,75.77,85.06,75.79,77.35
73.68,73.68,86.74,74.12,78.52
76.00,76.00,85.65,69.29,78.12
72.82,72.82,86.40,72.80,79.68
74.88,74.88,85.58,74.18,78.14
77.10,77.10,84.61,77.20,82.03
75.54,75.54,85.12,75.63,80.78
73.71,73.71,85.53,73.39,79.50
75.36,75.36,84.89,72.15,77.14
74.50,74.50,86.77,70.61,80.27
76.79,76.79,85.08,75.46,78.72
76.98,76.98,85.31,73.27,78.63
75.67,75.67,85.87,74.14,78.60
74.89,74.89,85.13,68.96,79.30
76.03,76.03,85.14,72.70,78.66
72.42,72.42,85.26,69.07,79.22
76.12,76.12,85.07,71.60,78.73
72.36,72.36,85.52,67.94,78.82
75.87,75.87,83.96,74.56,81.24
75.77,75.77,84.61,67.36,81.95
74.64,74.64,84.65,78.62,81.13
75.18,75.18,83.52,75.78,77.68
74.29,74.29,85.80,72.38,78.57
75.78,75.78,84.29,71.37,79.83
74.69,74.69,85.17,75.71,78.68
75.73,75.73,83.72,68.45,78.35
76.64,76.64,85.42,65.90,81.73
72.59,72.59,85.52,66.44,80.41
73.91,73.91,85.67,70.73,79.92
74.11,74.11,85.67,70.45,79.01
73.11,73.11,85.11,71.28,79.78
74.97,74.97,85.05,66.86,78.28
76.82,76.82,85.89,69.01,78.86
74.94,74.94,83.16,67.09,76.10
71.42,71.42,87.71,71.12,75.46
59.84,59.84,84.07,84.31,68.28
60.06,60.06,81.41,87.43,69.83
70.02,70.02,80.31,85.40,66.60
77.05,77.05,75.54,80.18,66.96
77.18,77.18,79.04,78.99,68.62
77.55,77.55,77.11,81.29,66.11
77.24,77.24,75.73,82.37,65.75
76.52,76.52,77.44,83.63,69.08
74.87,74.87,80.90,84.94,71.33
79.13,79.13,79.56,82.86,72.70
83.25,83.25,80.07,83.67,70.54
77.87,77.87,80.18,84.38,71.15
74.67,74.67,80.27,82.97,72.18
76.05,76.05,80.26,78.70,73.71
74.25,74.25,80.60,76.87,74.89
72.89,72.89,82.60,70.14,74.44
70.69,70.69,86.45,73.58,73.14
66.72,66.72,81.93,87.04,71.10
69.95,69.95,79.64,87.87,69.47
74.77,74.77,78.74,84.47,67.72
77.11,77.11,78.10,80.08,68.18
76.37,76.37,78.66,80.79,69.36
75.78,75.78,78.82,82.15,67.85
74.79,74.79,79.05,82.79,70.94
78.77,78.77,80.09,84.41,73.58
83.09,83.09,79.31,85.15,72.10
77.61,77.61,79.32,84.14,70.99
81.45,81.45,78.96,85.64,69.82
82.09,82.09,79.38,85.07,70.34
76.06,76.06,79.54,81.70,71.56
82.68,82.68,78.61,75.91,71.11
76.29,76.29,79.14,73.99,71.53
78.95,78.95,82.69,63.72,74.00
75.55,75.55,84.59,78.78,74.56
69.43,69.43,81.42,87.95,70.23
67.91,67.91,79.62,87.93,72.53
72.90,72.90,80.65,83.82,71.98
74.68,74.68,81.43,80.58,72.40
75.32,75.32,79.91,81.35,72.50
75.68,75.68,79.87,81.56,70.79
76.22,76.22,80.09,84.07,70.93
73.16,73.16,79.67,88.42,70.99
75.88,75.88,79.06,87.90,70.24
78.45,78.45,77.60,85.68,70.65
76.86,76.86,74.01,86.36,67.91
76.50,76.50,73.77,85.35,68.52
77.72,77.72,73.55,80.94,69.95
76.67,76.67,72.74,77.71,71.44
75.31,75.31,74.02,72.80,72.30
76.48,76.48,74.72,56.71,68.74
79.94,79.94,71.80,48.08,68.83
79.76,79.76,75.47,51.86,69.23
80.74,80.74,73.91,52.36,67.89
77.41,77.41,75.51,49.43,69.33
76.76,76.76,76.49,43.86,71.75
78.09,78.09,75.79,42.77,71.86
77.31,77.31,75.80,53.23,69.45
75.72,75.72,77.46,50.27,71.15
74.11,74.11,77.12,39.30,72.24
75.35,75.35,78.13,51.73,73.75
75.20,75.20,76.50,51.51,74.15
71.96,71.96,77.35,54.50,73.54
72.29,72.29,76.46,60.80,72.28
71.80,71.80,76.49,60.45,73.15
71.79,71.79,76.91,56.68,72.33
76.90,76.90,77.21,57.84,75.36
87.95,87.95,78.63,64.30,76.45
89.64,89.64,75.07,52.83,71.66
89.10,89.10,76.29,48.58,71.59
89.65,89.65,74.12,44.21,69.44
87.95,87.95,74.12,45.49,70.24
86.56,86.56,79.04,54.42,73.71
85.63,85.63,78.28,65.51,76.71
74.40,74.40,75.64,74.53,71.96
61.52,61.52,83.85,82.09,67.56
57.65,57.65,86.61,85.78,69.32
56.59,56.59,84.74,84.46,69.91
59.19,59.19,84.77,86.56,69.88
58.56,58.56,86.82,85.81,69.38
61.43,61.43,84.98,85.92,70.22
65.18,65.18,84.61,85.90,69.33
67.87,67.87,85.70,84.57,69.43
80.51,80.51,83.02,78.89,77.27
90.86,90.86,77.51,68.07,74.35
89.45,89.45,73.26,61.33,73.81
89.85,89.85,75.63,57.72,71.06
89.89,89.89,72.18,59.55,69.32
86.62,86.62,76.13,60.01,71.08
87.26,87.26,76.18,55.37,73.46
82.63,82.63,77.65,67.27,77.67
70.31,70.31,76.98,77.06,70.49
61.16,61.16,84.77,83.38,68.20
58.04,58.04,84.66,85.01,69.54
57.87,57.87,87.17,85.92,68.52
59.15,59.15,84.94,85.22,72.34
60.29,60.29,84.54,85.59,70.45
61.31,61.31,85.16,86.07,70.23
64.58,64.58,86.62,86.28,69.04
69.18,69.18,85.42,84.98,70.07
85.51,85.51,78.71,74.21,78.55
89.59,89.59,75.59,66.92,73.55
89.43,89.43,72.47,63.50,72.19
90.05,90.05,72.19,61.02,70.21
89.78,89.78,70.49,59.69,67.56
85.86,85.86,76.48,67.32,72.47
86.03,86.03,75.89,66.77,74.33
79.62,79.62,76.85,72.62,77.08
67.09,67.09,77.16,81.14,69.71
60.27,60.27,83.63,85.24,69.72
60.36,60.36,83.60,84.90,71.44
57.00,57.00,85.56,84.42,71.77
58.16,58.16,82.41,84.06,72.59
60.68,60.68,84.60,84.59,72.52
65.78,65.78,81.50,86.33,73.19
67.16,67.16,77.92,85.58,71.41
70.81,70.81,80.25,84.24,73.00
88.66,88.66,73.49,70.23,78.17
88.86,88.86,66.52,62.54,70.70
89.14,89.14,66.38,61.94,72.51
88.77,88.77,65.35,58.77,72.07
87.74,87.74,66.61,63.85,73.55
85.45,85.45,68.83,67.30,77.11
86.16,86.16,68.01,69.94,77.23
77.37,77.37,67.18,76.40,77.27
63.56,63.56,64.11,80.74,69.72
62.92,62.92,66.45,84.68,71.49
60.59,60.59,64.68,81.12,71.44
60.82,60.82,64.78,78.93,73.01
61.51,61.51,64.22,81.63,72.02
63.21,63.21,61.84,82.75,72.17
65.90,65.90,63.45,81.18,70.91
69.55,69.55,65.28,79.76,72.10
76.43,76.43,68.64,75.96,74.84
89.16,89.16,67.12,63.77,77.09
89.43,89.43,65.61,53.23,72.29
88.46,88.46,66.19,54.92,76.33
87.92,87.92,66.14,49.86,73.59
86.69,86.69,69.35,45.49,76.78
85.30,85.30,72.29,53.01,76.40
82.58,82.58,76.99,49.38,78.60
72.39,72.39,74.38,49.58,72.83
62.46,62.46,67.46,52.16,68.06
62.11,62.11,68.96,49.98,71.67
64.31,64.31,68.09,52.05,73.50
64.77,64.77,68.44,49.88,73.17
63.94,63.94,67.60,43.39,71.48
64.28,64.28,68.82,36.70,72.06
62.60,62.60,69.69,32.35,71.28
63.95,63.95,70.81,27.13,69.93
74.77,74.77,79.46,24.35,74.84
78.97,78.97,80.25,30.18,74.48
76.90,76.90,77.07,29.39,70.15
67.71,67.71,81.97,25.68,69.03
68.50,68.50,81.76,34.36,69.46
70.92,70.92,79.43,32.68,76.17
67.63,67.63,77.75,32.63,73.81
67.13,67.13,76.96,35.59,73.21
60.40,60.40,69.97,29.19,66.63
52.83,52.83,69.34,23.25,66.83
52.58,52.58,69.67,25.53,68.04
52.56,52.56,68.85,26.70,67.60
52.13,52.13,69.52,24.77,71.33
54.76,54.76,66.95,24.98,69.73
59.14,59.14,66.34,22.21,69.59
62.51,62.51,65.51,23.40,68.75
75.97,75.97,76.02,32.53,76.53
77.60,77.60,77.40,22.74,76.88
79.94,79.94,73.40,17.08,78.85
83.80,83.80,71.08,22.99,76.67
82.20,82.20,70.21,27.72,74.06
83.16,83.16,71.78,27.99,74.98
83.97,83.97,72.41,12.70,70.86
84.51,84.51,69.07,16.73,74.02
75.36,75.36,63.27,13.74,85.12
63.13,63.13,65.88,14.59,85.78
78.09,78.09,74.09,14.85,82.06
84.27,84.27,73.22,12.93,77.16
82.28,82.28,71.09,7.79,70.26
81.93,81.93,72.45,1.91,65.23
79.44,79.44,81.49,0.64,75.29
70.42,70.42,80.25,5.67,85.00
62.82,62.82,75.00,6.62,80.48
73.49,73.49,75.55,1.90,82.19
81.92,81.92,79.12,0.03,79.70
86.18,86.18,77.13,0.97,76.91
84.81,84.81,77.02,5.82,75.98
81.28,81.28,77.30,10.36,71.22
81.05,81.05,77.29,9.88,71.59
79.74,79.74,73.90,6.66,73.63
78.82,78.82,72.77,2.93,72.21
71.62,71.62,79.67,9.60,70.11
80.58,80.58,78.50,16.27,70.89
83.80,83.80,74.27,17.25,71.30
81.68,81.68,74.44,19.63,73.34
82.83,82.83,73.11,22.19,74.95
83.56,83.56,73.51,24.33,75.03
82.56,82.56,73.55,25.32,75.37
81.75,81.75,72.91,23.16,77.32
77.55,77.55,74.21,29.25,74.00
77.26,77.26,81.07,39.87,74.17
74.50,74.50,89.48,51.89,73.27
60.43,60.43,93.75,54.63,64.38
59.19,59.19,96.37,61.41,59.39
57.22,57.22,95.67,61.00,63.17
56.49,56.49,94.90,67.32,67.48
55.72,55.72,95.62,66.24,71.35
58.52,58.52,94.20,66.13,73.94
56.76,56.76,94.69,62.88,71.80
53.41,53.41,93.57,63.34,73.17
50.91,50.91,93.07,64.27,72.83
46.77,46.77,93.03,69.43,71.20
43.75,43.75,93.05,71.87,72.87
45.57,45.57,92.21,70.56,72.79
47.97,47.97,92.75,68.56,72.83
41.99,41.99,92.50,64.03,73.58
41.51,41.51,93.07,56.43,74.09
44.90,44.90,92.03,59.75,78.54
40.45,40.45,89.78,60.34,72.16
33.41,33.41,95.28,68.40,68.00
32.23,32.23,95.28,64.97,67.64
34.11,34.11,96.12,63.93,68.70
30.67,30.67,94.45,63.27,73.27
25.14,25.14,94.60,65.99,74.13
23.53,23.53,94.74,64.59,76.20
27.79,27.79,93.02,64.34,77.83
26.40,26.40,93.65,62.75,76.03
24.58,24.58,93.86,63.84,76.37
24.55,24.55,93.01,68.15,77.66
24.85,24.85,92.95,68.80,75.90
26.94,26.94,92.17,67.95,75.78
26.21,26.21,91.84,66.81,76.23
25.42,25.42,91.73,62.52,76.64
28.88,28.88,92.13,52.23,75.29
37.29,37.29,90.59,55.80,80.54
34.93,34.93,90.68,62.88,75.70
26.44,26.44,95.51,65.74,73.43
21.59,21.59,95.17,64.09,71.62
19.09,19.09,95.23,63.84,74.43
19.66,19.66,94.19,63.52,76.70
18.81,18.81,94.58,68.33,76.81
19.73,19.73,94.69,67.34,74.98
15.42,15.42,94.05,64.75,76.29
21.28,21.28,93.49,61.63,76.28
18.44,18.44,92.38,64.91,76.22
19.85,19.85,93.00,66.17,76.49
19.94,19.94,92.58,65.89,77.48
20.21,20.21,91.95,64.67,77.00
17.20,17.20,92.07,61.15,77.56
21.01,21.01,92.07,52.94,77.09
27.20,27.20,92.66,53.86,77.24
29.93,29.93,90.40,54.63,80.82
24.60,24.60,92.19,62.74,77.39
17.65,17.65,95.79,62.26,72.69
15.45,15.45,95.39,62.97,71.32
9.88,9.88,95.58,62.43,73.43
21.62,21.62,93.96,62.34,76.84
17.36,17.36,95.57,66.64,75.24
14.56,14.56,93.40,65.42,76.84
13.42,13.42,93.74,62.98,77.56
15.12,15.12,94.23,61.02,75.59
19.99,19.99,93.71,64.82,75.29
17.09,17.09,93.04,66.98,76.20
20.59,20.59,92.30,66.46,77.30
16.59,16.59,91.99,63.55,78.53
20.69,20.69,91.74,60.17,76.41
20.30,20.30,92.29,53.80,77.83
27.19,27.19,90.57,51.85,80.02
21.88,21.88,90.96,56.45,79.78
21.98,21.98,93.98,60.17,75.88
16.35,16.35,95.80,60.60,73.27
12.93,12.93,95.20,60.32,73.88
12.53,12.53,94.78,60.96,73.91
10.27,10.27,95.16,62.62,75.93
18.72,18.72,94.17,64.95,75.98
20.18,20.18,94.69,62.05,76.29
22.59,22.59,93.61,59.34,77.99
12.33,12.33,92.83,57.28,76.47
17.70,17.70,92.75,63.42,75.24
18.04,18.04,92.98,66.77,76.06
22.62,22.62,92.23,66.17,78.23
18.10,18.10,92.08,64.07,78.92
18.06,18.06,92.48,61.02,76.90
13.03,13.03,92.17,53.12,76.50
12.23,12.23,91.93,50.38,81.23
16.85,16.85,91.06,55.28,77.18
15.08,15.08,95.16,56.79,75.20
16.28,16.28,95.53,57.20,73.51
19.53,19.53,95.27,59.21,73.51
19.18,19.18,94.66,58.60,74.97
17.90,17.90,94.37,63.43,76.49
15.45,15.45,93.99,63.83,77.03
19.09,19.09,93.83,60.02,76.80
20.15,20.15,94.08,56.39,76.14
19.33,19.33,93.56,57.19,78.03
19.62,19.62,92.84,59.28,76.84
18.09,18.09,92.79,60.17,78.02
24.64,24.64,92.36,60.30,78.81
16.94,16.94,91.98,58.98,79.03
20.86,20.86,92.52,57.09,78.06
18.69,18.69,92.20,52.61,76.73
26.35,26.35,90.25,54.47,81.85
21.22,21.22,91.68,54.24,77.48
23.49,23.49,95.24,59.07,74.45
24.84,24.84,95.52,60.19,72.33
24.00,24.00,94.79,63.60,75.72
25.54,25.54,94.23,65.31,77.88
28.93,28.93,94.27,65.61,78.12
32.33,32.33,94.91,63.11,75.70
42.33,42.33,87.00,74.87,82.94
48.86,48.86,81.20,72.06,84.46
60.37,60.37,82.59,75.29,80.95
66.16,66.16,86.66,72.57,81.36
59.67,59.67,87.76,68.22,80.25
51.67,51.67,87.40,65.85,82.15
49.34,49.34,86.42,64.37,81.79
53.59,53.59,87.30,73.55,83.20
63.89,63.89,88.57,79.42,82.87
69.84,69.84,87.62,81.92,83.23
72.89,72.89,84.97,80.80,82.17
70.85,70.85,88.50,80.36,82.31
70.00,70.00,87.26,79.48,82.18
70.27,70.27,89.55,81.49,83.82
63.05,63.05,85.83,79.81,84.67
51.86,51.86,89.35,80.90,83.83
39.54,39.54,86.86,79.42,86.01
37.49,37.49,85.25,69.63,86.77
34.68,34.68,86.22,58.82,81.71
30.38,30.38,87.41,64.64,83.61
30.61,30.61,87.94,62.14,83.57
29.00,29.00,88.60,61.22,83.43
31.50,31.50,86.62,57.10,85.00
32.65,32.65,89.40,58.16,81.90
33.58,33.58,86.62,54.84,82.97
36.45,36.45,89.55,60.06,83.56
25.76,25.76,89.49,65.01,83.84
18.62,18.62,93.61,67.52,79.92
18.94,18.94,94.72,68.15,82.30
28.44,28.44,93.74,64.25,78.11
23.47,23.47,90.16,53.54,82.34
17.35,17.35,92.28,42.46,75.76
14.08,14.08,95.12,46.67,77.78
14.60,14.60,96.45,53.03,67.96
15.39,15.39,95.98,52.38,71.47
19.31,19.31,94.96,50.03,74.99
18.48,18.48,95.40,47.29,73.18
20.11,20.11,93.98,52.53,75.46
28.03,28.03,91.50,58.36,83.39
16.59,16.59,91.32,61.67,76.11
12.65,12.65,94.37,65.00,82.87
16.52,16.52,95.24,62.72,76.30
29.57,29.57,91.73,50.89,82.07
19.05,19.05,89.36,51.38,73.02
11.99,11.99,94.69,50.58,73.30
12.13,12.13,95.61,55.09,71.59
13.62,13.62,94.86,59.50,71.96
17.16,17.16,94.43,57.33,75.32
15.37,15.37,94.94,58.28,73.26
12.09,12.09,93.78,59.37,75.08
17.95,17.95,93.63,57.75,78.97
19.72,19.72,93.90,56.41,76.36
15.95,15.95,93.71,56.25,76.48
18.70,18.70,93.12,54.73,76.39
24.32,24.32,93.64,49.15,75.13
26.38,26.38,92.49,47.21,75.49
25.65,25.65,92.75,47.22,75.31
22.70,22.70,92.20,43.71,76.37
21.86,21.86,92.52,42.98,75.38
25.96,25.96,90.64,40.67,78.60
23.33,23.33,91.55,49.15,78.11
23.80,23.80,94.93,48.44,71.26
18.19,18.19,96.10,55.59,71.92
23.44,23.44,94.95,57.66,71.55
14.32,14.32,94.60,54.40,74.54
19.77,19.77,94.67,60.79,75.29
14.42,14.42,95.27,61.15,73.79
16.95,16.95,94.02,56.33,75.37
21.17,21.17,92.89,54.65,74.50
15.34,15.34,93.60,58.17,75.11
20.97,20.97,93.64,55.85,73.45
18.20,18.20,93.46,52.51,75.10
20.26,20.26,92.66,53.66,76.19
21.22,21.22,92.06,53.99,74.74
21.96,21.96,92.78,45.92,75.91
22.24,22.24,93.06,43.11,75.10
20.49,20.49,91.13,42.05,77.51
20.02,20.02,92.65,45.77,72.69
22.75,22.75,95.96,49.30,73.03
19.31,19.31,96.10,55.56,70.99
17.80,17.80,95.59,55.94,70.99
22.09,22.09,94.41,53.48,73.94
18.98,18.98,95.07,57.99,73.81
19.58,19.58,93.49,56.87,75.66
20.87,20.87,94.18,55.80,74.38
16.35,16.35,94.10,53.87,75.28
20.20,20.20,93.62,55.83,74.84
22.15,22.15,93.57,56.58,72.83
19.65,19.65,93.26,56.16,75.25
16.07,16.07,92.67,57.13,77.06
15.48,15.48,92.46,54.76,75.70
17.29,17.29,92.05,46.31,75.09
27.13,27.13,91.03,41.48,76.58
26.80,26.80,91.71,43.85,75.36
32.50,32.50,94.86,44.81,71.19
28.00,28.00,95.34,48.02,71.20
24.34,24.34,95.66,51.40,72.71
10.05,10.05,94.71,51.23,74.48
15.40,15.40,94.49,54.05,75.85
22.41,22.41,94.72,52.81,76.15
14.78,14.78,94.65,55.64,76.32
19.18,19.18,93.45,53.18,74.16
18.48,18.48,93.15,54.54,76.18
20.39,20.39,93.35,56.14,75.42
17.75,17.75,93.14,57.26,76.62
19.95,19.95,92.13,57.22,76.58
16.20,16.20,91.98,57.19,76.72
16.01,16.01,92.20,54.23,76.32
20.37,20.37,92.74,44.34,74.98
27.53,27.53,91.59,40.31,78.81
16.12,16.12,91.34,45.45,74.10
20.67,20.67,95.00,44.19,75.45
23.07,23.07,95.72,51.60,74.10
23.42,23.42,95.07,55.47,71.76
16.99,16.99,94.84,50.06,74.36
10.93,10.93,95.09,55.37,78.22
9.52,9.52,94.02,57.14,78.05
16.87,16.87,93.54,55.57,76.65
18.19,18.19,94.15,51.11,75.25
17.63,17.63,93.80,53.21,75.62
19.02,19.02,93.50,52.76,75.96
19.69,19.69,93.05,51.81,76.12
25.66,25.66,92.53,52.45,78.05
15.68,15.68,92.81,52.58,77.50
21.40,21.40,92.79,48.61,75.76
19.90,19.90,92.38,44.20,74.40
22.79,22.79,91.09,42.01,80.76
20.76,20.76,92.03,36.84,76.30
25.10,25.10,95.08,41.22,73.83
24.20,24.20,95.89,42.81,71.53
24.64,24.64,94.33,43.06,73.16
28.59,28.59,94.44,49.17,76.13
26.55,26.55,94.53,50.70,75.73
22.42,22.42,95.32,49.99,73.66
29.06,29.06,91.56,47.42,80.96
23.00,23.00,91.15,51.55,77.35
28.10,28.10,94.52,50.43,73.88
31.55,31.55,95.44,52.48,71.81
36.94,36.94,95.86,57.88,72.31
51.78,51.78,94.33,55.43,73.83
56.38,56.38,93.98,59.94,75.27
60.73,60.73,95.08,56.30,74.79
65.23,65.23,91.42,58.74,78.18
80.45,80.45,80.67,60.45,84.78
81.04,81.04,77.97,59.10,84.96
81.01,81.01,80.51,58.88,85.65
79.48,79.48,78.05,60.51,85.48
78.81,78.81,80.96,61.90,86.60
77.29,77.29,77.60,61.14,86.68
75.82,75.82,80.43,62.48,87.50
75.69,75.69,78.50,63.64,86.84
76.29,76.29,80.43,64.60,87.36
76.55,76.55,77.23,64.37,86.56
76.37,76.37,79.80,65.74,86.43
76.45,76.45,78.19,64.11,85.74
78.55,78.55,77.95,64.33,86.77
78.15,78.15,77.39,64.44,86.44
78.66,78.66,76.33,63.92,86.47
76.61,76.61,78.31,61.02,83.78
67.06,67.06,87.42,56.07,83.41
61.41,61.41,92.79,42.90,75.62
46.26,46.26,95.19,45.50,63.39
40.78,40.78,95.45,50.88,61.45
41.04,41.04,97.13,52.80,64.51
37.96,37.96,95.86,50.77,68.10
37.48,37.48,95.46,50.18,70.64
43.67,43.67,95.82,50.62,71.85
40.18,40.18,94.94,53.51,72.48
34.92,34.92,93.36,51.34,72.26
32.90,32.90,93.80,46.80,72.80
32.22,32.22,94.19,50.01,71.25
31.16,31.16,93.85,50.53,72.47
27.79,27.79,93.14,52.10,74.80
27.99,27.99,93.01,52.72,74.38
24.92,24.92,92.84,46.50,73.54
22.63,22.63,93.05,42.55,74.13
30.22,30.22,92.28,39.29,78.12
14.79,14.79,90.91,49.19,73.13
14.48,14.48,95.57,48.92,68.56
17.22,17.22,96.19,52.98,67.97
15.54,15.54,94.82,55.88,69.79
17.18,17.18,94.82,54.00,71.98
21.57,21.57,95.39,54.32,73.45
16.97,16.97,93.83,56.23,74.97
18.53,18.53,94.46,50.95,75.21
23.00,23.00,93.74,48.18,78.48
26.00,26.00,93.18,53.65,75.51
24.50,24.50,93.02,54.03,75.60
19.05,19.05,93.06,53.35,75.77
25.17,25.17,92.48,52.04,77.14
25.58,25.58,92.21,50.08,75.54
21.56,21.56,92.73,40.82,75.73
20.54,20.54,92.65,40.22,74.71
27.48,27.48,90.88,38.23,78.36
22.55,22.55,91.85,44.04,77.34
23.69,23.69,95.24,48.14,72.44
25.02,25.02,96.08,52.75,70.76
20.41,20.41,94.91,52.56,74.49
17.65,17.65,95.02,51.81,73.06
14.55,14.55,94.58,54.59,74.50
12.52,12.52,94.72,48.04,74.65
18.10,18.10,93.88,53.72,75.12
21.42,21.42,92.89,53.23,75.13
17.66,17.66,93.74,51.76,76.00
24.64,24.64,93.42,51.03,74.48
27.81,27.81,92.41,50.98,74.63
24.83,24.83,92.32,53.45,75.85
22.60,22.60,92.18,54.25,75.65
17.18,17.18,92.55,49.25,74.82
24.20,24.20,92.85,47.33,76.01
20.07,20.07,91.38,44.06,79.80
12.60,12.60,93.68,45.01,73.88
11.68,11.68,95.79,50.29,71.35
21.56,21.56,96.00,49.13,74.22
19.88,19.88,94.96,51.84,72.47
19.53,19.53,93.97,43.11,74.48
12.46,12.46,94.61,47.97,74.43
13.78,13.78,93.72,44.17,75.83
14.81,14.81,93.43,46.41,74.91
17.43,17.43,93.88,51.74,75.04
17.10,17.10,93.63,58.96,75.39
22.01,22.01,92.69,55.73,75.64
32.16,32.16,90.83,64.76,81.73
20.72,20.72,89.99,58.71,79.38
22.20,22.20,94.50,64.38,76.00
19.99,19.99,95.09,74.44,71.96
27.05,27.05,91.58,66.32,81.32
15.12,15.12,88.96,57.48,84.06
29.13,29.13,90.22,59.31,80.92
21.20,21.20,88.77,59.28,83.75
27.51,27.51,91.43,62.08,79.67
19.28,19.28,89.44,60.23,82.48
26.72,26.72,91.50,60.04,79.45
22.59,22.59,89.29,57.36,82.94
27.77,27.77,91.59,55.88,77.27
20.64,20.64,89.62,50.64,81.97
14.37,14.37,92.08,52.81,74.65
18.18,18.18,95.65,56.11,71.45
24.30,24.30,94.98,54.26,75.23
25.13,25.13,90.62,45.34,84.02
18.05,18.05,89.74,42.41,76.70
13.80,13.80,94.81,51.12,72.24
19.07,19.07,95.92,52.96,73.71
29.79,29.79,91.57,45.24,81.52
20.90,20.90,90.22,42.20,75.54
17.52,17.52,94.97,40.82,73.37
20.58,20.58,95.55,37.35,74.05
19.77,19.77,95.09,36.02,75.50
13.12,13.12,95.07,44.06,75.71
15.58,15.58,95.66,48.79,75.90
14.97,14.97,93.98,39.05,75.89
19.38,19.38,94.57,36.93,75.25
18.06,18.06,93.94,35.62,75.46
23.44,23.44,93.48,38.77,74.87
18.40,18.40,93.61,34.91,76.16
14.51,14.51,93.47,35.39,73.26
19.39,19.39,92.52,37.50,76.59
20.38,20.38,92.78,35.75,75.12
23.48,23.48,92.88,38.34,75.61
26.09,26.09,92.60,33.97,73.67
25.99,25.99,91.33,28.89,78.89
24.63,24.63,92.25,42.32,75.79
19.47,19.47,96.23,41.45,71.85
15.18,15.18,95.94,41.94,72.81
14.60,14.60,94.61,42.33,74.15
21.37,21.37,94.86,49.72,74.11
24.22,24.22,94.90,42.15,74.45
26.95,26.95,95.24,33.37,73.44
36.44,36.44,93.71,34.16,76.25
35.77,35.77,92.81,36.13,77.73
36.03,36.03,93.80,41.03,75.16
33.35,33.35,93.46,40.89,74.06
38.12,38.12,93.09,46.78,75.06
36.36,36.36,92.37,39.00,76.67
36.56,36.56,92.03,46.86,74.78
31.99,31.99,92.33,51.39,75.50
34.64,34.64,92.15,59.86,74.51
33.22,33.22,91.58,49.94,78.23
27.61,27.61,93.76,51.52,72.78
30.98,30.98,95.64,56.60,71.13
42.56,42.56,96.06,59.36,71.69
50.91,50.91,95.25,63.51,71.21
50.66,50.66,94.01,63.02,76.90
61.91,61.91,94.32,58.87,75.12
66.13,66.13,93.73,67.40,76.36
83.88,83.88,82.56,72.22,77.49
88.21,88.21,77.11,65.72,77.03
87.99,87.99,77.42,74.18,77.41
87.92,87.92,80.94,79.97,77.61
88.27,88.27,79.52,83.70,77.38
87.52,87.52,77.59,83.53,78.60
87.16,87.16,81.07,83.28,77.13
84.77,84.77,83.31,82.87,78.38
77.39,77.39,83.16,74.59,85.28
76.05,76.05,84.07,61.16,87.49
87.76,87.76,81.41,60.90,82.42
84.13,84.13,82.06,52.22,86.03
85.80,85.80,81.60,56.32,82.42
81.86,81.86,83.10,59.27,86.36
74.87,74.87,86.68,55.67,86.43
77.89,77.89,84.64,62.72,86.93
70.95,70.95,91.52,75.76,79.12
65.06,65.06,92.12,78.50,77.12
64.83,64.83,92.37,75.89,74.27
68.01,68.01,91.03,77.29,77.81
64.96,64.96,92.03,76.99,75.10
64.44,64.44,92.32,76.96,75.88
73.16,73.16,90.95,67.33,79.18
78.25,78.25,87.61,68.07,85.55
80.92,80.92,84.05,69.16,86.84
78.99,78.99,81.91,53.90,89.27
80.18,80.18,81.55,58.31,86.55
87.60,87.60,81.01,49.18,82.24
88.61,88.61,78.64,56.73,79.90
81.77,81.77,82.27,61.40,85.02
76.29,76.29,83.06,63.92,87.20
77.26,77.26,85.73,64.46,87.59
74.76,74.76,82.95,67.27,88.00
65.33,65.33,89.88,72.59,84.45
57.76,57.76,89.69,76.89,81.62
59.20,59.20,91.82,75.05,81.48
63.80,63.80,92.33,70.11,82.72
61.84,61.84,91.16,72.76,81.84
58.42,58.42,89.90,68.21,84.50
61.53,61.53,86.37,69.63,86.48
58.57,58.57,85.02,72.33,87.91
64.98,64.98,84.80,70.24,88.12
74.57,74.57,83.48,65.21,88.68
82.32,82.32,82.68,55.23,85.30
86.35,86.35,82.49,54.11,83.89
87.37,87.37,80.08,59.62,84.33
79.75,79.75,84.26,64.03,83.54
65.77,65.77,86.32,70.27,85.19
60.82,60.82,87.09,70.80,84.06
55.41,55.41,88.95,75.06,80.54
53.35,53.35,91.20,79.48,76.99
61.51,61.51,91.28,74.07,77.62
57.31,57.31,91.62,76.92,78.91
57.55,57.55,92.94,76.10,75.07
50.37,50.37,91.97,76.02,77.38
55.72,55.72,91.19,75.03,78.81
65.37,65.37,89.42,71.46,83.17
64.67,64.67,88.63,77.42,82.53
69.97,69.97,88.23,71.39,83.71
73.79,73.79,85.58,64.88,86.76
85.28,85.28,84.51,52.74,84.59
84.62,84.62,82.35,55.36,84.77
86.63,86.63,80.32,47.69,84.49
76.83,76.83,83.69,59.28,85.85
73.15,73.15,83.32,64.04,83.92
67.88,67.88,83.71,67.43,84.66
67.20,67.20,88.68,73.31,80.51
66.69,66.69,90.48,78.71,79.07
64.74,64.74,90.37,74.21,79.62
62.14,62.14,91.11,76.66,78.36
59.55,59.55,91.05,75.69,76.25
60.98,60.98,89.95,76.27,80.80
61.95,61.95,89.18,74.03,82.02
67.14,67.14,86.97,73.62,83.77
66.87,66.87,86.96,75.52,82.73
69.85,69.85,86.42,71.28,82.47
81.77,81.77,87.51,55.64,80.62
78.78,78.78,85.73,63.41,84.33
71.14,71.14,84.04,71.92,85.71
68.74,68.74,84.37,71.82,84.22
72.33,72.33,84.74,65.06,80.11
75.04,75.04,85.50,61.57,79.26
76.79,76.79,84.44,66.77,80.85
77.73,77.73,83.74,71.31,80.55
72.68,72.68,84.19,74.82,82.69
76.18,76.18,83.25,74.14,83.39
77.43,77.43,82.05,70.17,83.66
76.70,76.70,82.18,69.44,86.39
75.97,75.97,81.88,70.48,85.37
78.02,78.02,82.44,67.16,83.19
76.31,76.31,80.99,59.63,83.72
75.44,75.44,81.48,55.12,81.29
70.98,70.98,85.79,52.53,80.98
69.16,69.16,89.96,69.50,78.79
72.83,72.83,86.12,78.00,78.92
70.26,70.26,86.53,79.77,74.06
62.92,62.92,84.70,76.69,80.18
67.26,67.26,86.66,71.58,82.04
63.66,63.66,85.21,65.66,81.33
55.19,55.19,85.78,62.12,75.89
47.88,47.88,87.43,60.51,75.82
45.00,45.00,86.82,68.89,80.28
42.51,42.51,85.33,74.19,81.27
40.57,40.57,83.99,75.55,78.93
39.11,39.11,83.46,74.75,81.38
40.74,40.74,83.20,71.65,82.66
38.02,38.02,83.29,65.30,81.35
37.48,37.48,81.73,57.41,80.37
42.48,42.48,82.10,49.22,78.21
50.83,50.83,86.41,42.66,81.76
47.64,47.64,88.80,51.29,83.82
40.31,40.31,89.23,57.56,79.22
38.48,38.48,88.32,59.42,77.44
40.59,40.59,85.70,58.04,79.77
38.94,38.94,85.20,59.60,80.08
46.27,46.27,87.02,66.43,79.56
45.50,45.50,85.85,70.91,74.82
46.19,46.19,84.71,72.80,80.64
48.87,48.87,86.98,72.77,81.31
46.70,46.70,86.05,69.21,81.52
46.61,46.61,85.95,66.67,78.63
43.21,43.21,85.92,66.09,80.39
43.28,43.28,86.15,60.54,80.93
39.38,39.38,84.44,49.35,83.00
36.85,36.85,83.13,36.15,79.78
34.30,34.30,83.31,18.66,80.59
34.26,34.26,86.00,3.44,80.85
31.91,31.91,83.38,0.15,82.05
29.82,29.82,82.24,0.01,79.80
36.86,36.86,82.87,0.48,76.19
41.40,41.40,84.50,1.83,77.41
39.40,39.40,84.18,2.15,76.55
32.73,32.73,84.70,0.50,76.25
30.46,30.46,82.61,0.04,76.99
36.12,36.12,81.72,0.03,77.20
31.74,31.74,81.36,0.09,80.45
25.07,25.07,80.60,0.03,78.78
23.54,23.54,82.22,0.56,77.05
27.57,27.57,85.16,6.26,77.86
25.23,25.23,83.59,21.40,80.10
23.56,23.56,82.47,23.74,80.60
24.06,24.06,80.84,23.62,76.65
24.36,24.36,86.18,35.88,79.81
20.99,20.99,91.47,34.71,71.45
18.23,18.23,94.37,38.71,71.65
14.70,14.70,93.99,47.61,75.79
11.88,11.88,95.64,46.86,70.40
12.36,12.36,96.98,49.34,67.86
11.78,11.78,93.18,57.87,72.13
8.04,8.04,89.33,49.60,70.78
9.01,9.01,94.88,45.90,73.51
14.82,14.82,84.83,54.32,74.79
11.04,11.04,91.58,61.22,77.70
8.76,8.76,95.22,56.63,76.31
11.35,11.35,89.30,51.99,74.15
13.43,13.43,88.79,55.82,76.78
15.27,15.27,90.77,53.74,78.14
10.51,10.51,91.74,57.48,75.13
16.04,16.04,95.50,52.66,75.81
20.03,20.03,90.43,36.87,81.22
9.36,9.36,91.13,39.82,69.89
8.77,8.77,93.86,41.24,75.84
10.49,10.49,95.13,42.91,78.86
8.30,8.30,96.88,46.39,70.60
5.92,5.92,95.65,46.28,74.97
9.86,9.86,91.75,46.97,74.89
16.21,16.21,91.36,46.14,75.45
18.09,18.09,91.61,41.93,79.87
16.57,16.57,86.40,55.83,79.43
13.58,13.58,93.29,64.34,79.89
19.09,19.09,93.27,54.03,78.61
16.89,16.89,86.10,49.53,82.18
21.27,21.27,87.12,55.93,82.38
20.10,20.10,91.95,50.91,81.59
20.24,20.24,90.49,51.78,82.96
18.84,18.84,93.19,41.12,80.59
21.08,21.08,87.76,31.33,83.03
22.69,22.69,92.81,32.68,76.55
20.90,20.90,93.41,35.70,78.34
18.62,18.62,94.71,38.50,79.64
17.95,17.95,94.98,40.85,77.74
16.28,16.28,93.15,48.51,80.86
12.85,12.85,90.49,47.24,76.94
19.61,19.61,92.82,47.63,80.49
19.52,19.52,87.87,48.10,81.78
17.47,17.47,85.95,60.72,81.49
16.12,16.12,93.77,64.48,80.45
16.80,16.80,94.05,51.08,80.53
20.49,20.49,85.15,54.60,81.56
16.07,16.07,88.03,55.12,81.27
12.55,12.55,94.99,53.87,78.66
21.20,21.20,91.08,50.16,79.06
25.08,25.08,91.86,39.24,82.96
22.50,22.50,89.68,35.74,82.39
20.66,20.66,94.29,39.47,74.52
18.09,18.09,94.78,46.68,79.43
15.25,15.25,95.67,43.57,78.05
19.45,19.45,96.16,45.57,75.14
12.09,12.09,92.45,46.25,79.30
13.47,13.47,91.64,45.45,76.85
21.29,21.29,93.02,42.72,79.02
24.97,24.97,85.46,51.15,82.51
17.11,17.11,87.78,63.83,81.82
19.32,19.32,94.80,62.06,80.07
24.43,24.43,91.26,53.84,81.34
25.55,25.55,85.32,50.40,82.24
20.37,20.37,89.75,51.61,83.08
22.84,22.84,91.91,48.77,81.17
19.45,19.45,92.09,45.44,79.84
24.10,24.10,90.22,34.74,83.66
25.33,25.33,90.26,28.74,80.14
23.32,23.32,94.75,24.47,79.47
22.49,22.49,94.01,30.84,81.07
19.63,19.63,95.46,32.45,78.23
13.74,13.74,95.71,39.83,78.21
16.66,16.66,91.79,44.63,78.31
19.99,19.99,89.97,42.28,80.27
19.69,19.69,93.18,40.61,80.58
16.23,16.23,84.96,53.13,82.60
15.53,15.53,89.91,64.41,81.93
23.73,23.73,94.05,60.97,82.43
26.52,26.52,89.05,54.16,82.82
25.82,25.82,87.47,53.88,83.59
22.21,22.21,90.01,53.34,81.08
24.25,24.25,90.22,54.08,82.24
27.63,27.63,94.29,48.27,80.53
29.40,29.40,88.45,35.27,85.13
28.69,28.69,91.34,34.69,79.32
25.13,25.13,94.66,35.73,77.90
21.67,21.67,95.21,34.82,79.26
19.14,19.14,95.86,38.25,75.02
15.96,15.96,94.37,44.08,76.66
16.41,16.41,91.99,50.05,76.18
16.24,16.24,90.93,48.34,79.56
20.21,20.21,91.62,44.53,81.39
17.71,17.71,85.53,58.56,80.56
14.04,14.04,93.24,65.40,79.78
19.16,19.16,94.01,54.01,80.22
21.26,21.26,85.03,53.01,81.25
21.41,21.41,87.11,59.71,81.77
19.75,19.75,93.64,58.31,80.83
21.40,21.40,90.29,58.68,83.05
21.09,21.09,93.11,46.94,80.44
17.36,17.36,88.11,42.37,84.63
16.29,16.29,93.14,33.01,75.98
19.84,19.84,94.25,38.59,82.19
16.77,16.77,94.45,36.68,80.57
16.09,16.09,95.90,38.93,75.89
16.77,16.77,93.94,52.03,78.66
18.20,18.20,90.67,57.25,78.66
18.14,18.14,94.11,53.97,81.23
20.95,20.95,89.32,45.76,85.46
23.18,23.18,91.25,51.90,79.33
25.83,25.83,92.78,62.50,85.10
23.36,23.36,86.76,68.47,91.72
20.72,20.72,89.02,68.47,88.25
18.31,18.31,90.54,62.62,80.87
25.85,25.85,93.45,64.32,81.78
21.04,21.04,88.33,71.50,90.32
20.41,20.41,90.66,71.07,87.12
23.88,23.88,90.23,64.23,81.96
30.11,30.11,94.55,52.70,77.02
30.65,30.65,93.51,48.89,83.16
24.92,24.92,94.68,52.11,78.76
11.84,11.84,95.81,49.46,74.15
7.39,7.39,91.66,63.83,78.94
13.50,13.50,91.35,68.01,77.84
7.82,7.82,93.25,69.07,80.64
19.95,19.95,87.63,63.05,86.85
24.24,24.24,91.14,67.77,80.24
26.23,26.23,85.89,76.56,85.57
23.01,23.01,90.86,65.23,80.56
24.67,24.67,86.95,78.29,86.58
25.87,25.87,91.57,71.42,79.23
23.35,23.35,87.79,80.81,85.26
20.03,20.03,90.74,70.76,78.09
22.00,22.00,89.65,78.21,83.35
18.49,18.49,91.66,68.60,75.08
15.65,15.65,94.31,56.72,77.66
15.67,15.67,94.45,54.43,81.29
16.80,16.80,96.15,50.02,75.09
18.78,18.78,96.83,49.40,73.81
20.29,20.29,92.75,58.77,73.76
20.80,20.80,90.74,52.45,73.77
7.79,7.79,94.59,47.80,76.03
8.68,8.68,85.81,59.71,77.45
10.08,10.08,90.97,64.88,80.93
15.91,15.91,95.12,57.38,77.00
22.00,22.00,89.02,55.00,76.10
18.51,18.51,88.10,57.43,77.42
12.09,12.09,91.64,53.32,78.26
13.66,13.66,90.99,58.82,79.22
17.41,17.41,94.73,52.18,79.08
20.74,20.74,89.18,40.79,83.91
15.51,15.51,91.24,34.09,71.05
15.60,15.60,94.11,40.96,78.12
16.82,16.82,94.82,36.19,78.59
20.36,20.36,95.71,38.96,77.57
16.28,16.28,93.88,45.47,76.58
19.83,19.83,92.13,52.95,77.41
20.26,20.26,89.94,50.08,80.25
18.94,18.94,90.65,46.36,81.46
15.24,15.24,83.88,59.34,80.42
16.02,16.02,93.47,63.47,80.59
15.78,15.78,92.32,53.27,80.61
16.14,16.14,85.45,54.64,82.49
14.32,14.32,87.92,58.16,84.42
17.35,17.35,91.94,56.24,79.86
18.04,18.04,88.38,56.68,83.79
19.76,19.76,92.38,50.17,81.73
22.81,22.81,88.13,43.10,84.66
27.26,27.26,92.72,36.94,77.60
28.14,28.14,94.23,34.58,79.94
24.86,24.86,94.50,39.72,79.46
19.90,19.90,95.71,42.14,77.97
20.27,20.27,91.85,49.39,81.34
20.73,20.73,91.40,51.59,79.29
24.82,24.82,92.95,48.05,80.44
24.89,24.89,87.50,50.37,83.48
22.45,22.45,86.90,62.28,83.99
23.11,23.11,94.00,62.18,81.24
24.45,24.45,94.12,53.40,79.79
21.91,21.91,85.33,56.50,81.07
23.07,23.07,86.96,57.39,81.31
18.99,18.99,94.59,55.96,81.08
22.66,22.66,90.17,56.23,81.48
26.74,26.74,89.96,47.16,83.03
21.02,21.02,88.71,41.19,82.03
27.03,27.03,93.64,44.48,77.69
25.92,25.92,94.13,45.50,81.38
26.55,26.55,95.00,40.75,77.44
21.37,21.37,94.98,47.88,79.41
22.02,22.02,91.43,57.74,81.61
24.07,24.07,90.66,59.33,81.37
28.95,28.95,93.38,49.86,81.41
28.94,28.94,84.32,51.37,83.12
28.78,28.78,88.35,68.47,82.58
27.12,27.12,93.83,62.41,80.90
28.75,28.75,90.16,55.87,83.21
28.34,28.34,84.90,58.36,82.93
26.70,26.70,88.48,63.16,83.96
27.28,27.28,89.76,60.91,81.84
29.75,29.75,92.55,58.66,81.79
34.68,34.68,88.70,50.01,86.45
32.82,32.82,90.14,44.50,81.10
36.22,36.22,94.08,35.60,79.53
34.27,34.27,94.07,40.05,83.10
31.99,31.99,94.79,35.05,79.86
31.17,31.17,94.54,46.38,81.61
30.25,30.25,90.47,53.90,81.98
36.03,36.03,90.40,52.22,81.11
37.93,37.93,91.96,46.43,83.04
37.55,37.55,83.44,55.95,84.88
39.98,39.98,89.18,67.63,84.49
44.30,44.30,93.14,60.32,82.40
49.52,49.52,86.68,52.23,83.13
48.95,48.95,87.12,57.63,82.50
40.48,40.48,89.64,59.88,83.50
37.43,37.43,88.95,59.23,84.11
29.96,29.96,93.03,50.45,81.97
25.60,25.60,86.69,47.34,87.58
24.61,24.61,91.77,42.46,78.56
29.34,29.34,93.41,44.69,82.30
35.07,35.07,94.44,41.74,82.78
36.01,36.01,94.95,44.22,78.62
38.26,38.26,93.65,51.85,80.76
36.45,36.45,92.30,56.77,79.67
38.42,38.42,90.02,56.33,83.50
36.24,36.24,88.97,56.08,83.58
40.89,40.89,83.39,70.18,83.80
39.15,39.15,93.00,74.13,83.22
41.82,41.82,93.10,64.67,81.76
42.03,42.03,83.76,59.26,84.28
40.07,40.07,87.93,67.50,82.95
36.43,36.43,92.91,67.99,80.58
36.40,36.40,88.16,66.61,84.01
25.75,25.75,92.06,69.40,81.72
23.80,23.80,82.67,74.55,86.80
24.25,24.25,82.56,78.27,85.09
28.03,28.03,82.43,76.77,82.83
25.89,25.89,80.87,75.13,82.53
25.66,25.66,80.11,76.55,82.59
28.67,28.67,79.78,77.94,81.92
30.99,30.99,79.09,77.39,81.36
31.03,31.03,80.27,75.82,80.64
33.03,33.03,83.86,74.86,84.77
33.01,33.01,86.45,71.94,83.10
28.36,28.36,82.69,78.20,85.30
27.47,27.47,80.71,81.31,85.39
33.64,33.64,79.43,80.93,86.60
41.97,41.97,80.26,80.72,85.16
41.65,41.65,79.47,82.10,84.65
47.63,47.63,79.92,80.86,85.31
52.24,52.24,80.52,77.87,86.10
55.30,55.30,81.00,70.97,86.02
50.89,50.89,80.28,65.06,84.79
52.22,52.22,78.90,60.21,81.21
55.62,55.62,82.58,50.73,82.76
57.31,57.31,81.10,49.69,80.11
54.98,54.98,83.51,46.47,79.96
48.08,48.08,84.52,45.08,78.45
50.66,50.66,86.29,47.14,80.86
49.68,49.68,81.51,52.97,79.28
46.11,46.11,81.11,46.49,80.72
44.58,44.58,80.99,52.85,79.41
46.36,46.36,85.28,55.90,80.06
43.95,43.95,88.13,59.81,79.90
44.52,44.52,85.76,57.34,79.86
40.80,40.80,84.93,56.30,81.12
49.19,49.19,81.11,55.56,82.32
50.95,50.95,86.14,45.48,89.89
49.24,49.24,90.30,36.03,87.79
53.83,53.83,93.03,29.43,86.73
51.76,51.76,91.73,25.83,88.78
46.82,46.82,90.30,34.35,90.06
52.61,52.61,92.17,48.06,88.67
47.21,47.21,89.27,57.22,89.05
40.64,40.64,91.23,66.59,85.69
35.05,35.05,89.71,76.67,81.20
29.10,29.10,89.10,76.42,77.54
30.87,30.87,90.63,77.29,75.27
32.26,32.26,90.27,77.81,76.51
36.51,36.51,88.52,81.11,77.56
38.62,38.62,88.87,79.24,77.42
40.10,40.10,90.96,80.35,80.22
43.77,43.77,88.50,82.63,79.07
42.57,42.57,88.18,76.76,78.92
48.26,48.26,88.98,72.21,89.51
48.42,48.42,88.92,63.71,89.40
53.44,53.44,89.17,51.81,88.69
48.17,48.17,91.25,52.20,90.65
45.74,45.74,90.40,50.24,89.92
49.41,49.41,89.06,55.79,89.23
50.46,50.46,90.84,62.86,89.10
57.39,57.39,88.55,70.75,85.30
44.80,44.80,90.59,79.22,78.54
30.68,30.68,89.78,81.20,79.01
34.12,34.12,87.93,82.19,76.87
36.20,36.20,87.44,81.44,77.21
39.70,39.70,89.58,82.89,78.55
39.65,39.65,88.03,83.74,78.65
39.21,39.21,87.54,82.26,82.26
38.11,38.11,88.03,82.61,81.68
42.38,42.38,89.14,78.79,82.86
47.05,47.05,85.10,68.58,89.28
50.60,50.60,88.39,61.57,89.19
53.34,53.34,90.20,52.35,88.90
51.23,51.23,89.33,53.20,85.71
50.69,50.69,90.48,52.95,86.40
50.41,50.41,89.35,55.11,87.07
46.34,46.34,89.03,63.57,86.62
38.08,38.08,90.81,76.16,82.51
33.53,33.53,88.60,80.42,82.10
33.69,33.69,88.36,80.33,78.06
38.00,38.00,90.01,82.49,80.56
40.88,40.88,87.88,83.73,78.68
43.35,43.35,86.57,82.33,79.48
43.38,43.38,88.89,81.85,76.57
46.10,46.10,89.52,83.67,80.14
47.06,47.06,87.88,83.09,80.29
52.90,52.90,89.53,72.25,84.75
56.93,56.93,86.62,66.09,88.59
57.27,57.27,89.39,53.94,87.79
59.83,59.83,89.13,47.84,89.43
58.28,58.28,90.69,46.58,89.50
61.36,61.36,88.58,54.05,88.58
63.16,63.16,89.21,58.15,87.74
58.92,58.92,87.91,65.79,87.18
53.14,53.14,89.09,80.64,81.89
51.98,51.98,90.73,81.29,78.50
58.73,58.73,88.15,82.05,79.95
58.35,58.35,87.31,81.94,78.11
60.33,60.33,88.31,82.28,77.76
58.69,58.69,89.83,82.69,79.04
60.05,60.05,87.39,82.54,79.76
58.90,58.90,87.29,81.62,79.43
57.46,57.46,89.62,80.38,77.76
64.18,64.18,89.78,72.28,85.88
64.98,64.98,86.86,62.39,87.53
63.39,63.39,89.55,46.03,87.07
62.30,62.30,89.32,42.24,89.26
63.30,63.30,88.99,40.66,89.05
63.51,63.51,90.50,54.33,88.15
65.69,65.69,88.48,59.05,87.13
62.31,62.31,90.35,68.56,84.19
63.45,63.45,89.47,80.51,79.50
61.55,61.55,87.72,79.04,78.76
60.02,60.02,88.75,80.97,77.56
62.19,62.19,89.95,81.65,77.60
62.41,62.41,88.24,82.60,77.92
60.05,60.05,88.66,80.66,78.10
60.73,60.73,89.90,80.99,78.83
62.03,62.03,89.45,82.12,78.09
61.28,61.28,88.57,77.32,77.62
65.46,65.46,90.64,70.88,86.40
62.72,62.72,88.53,61.21,87.56
61.13,61.13,89.67,46.55,88.56
61.49,61.49,90.11,40.57,89.23
61.04,61.04,89.78,41.33,89.61
63.67,63.67,88.28,56.03,88.42
63.09,63.09,90.47,63.25,85.61
62.44,62.44,89.33,75.01,83.12
61.03,61.03,89.71,81.13,78.24
56.32,56.32,89.42,82.05,77.11
59.87,59.87,88.24,82.01,76.79
59.69,59.69,87.79,80.51,75.97
60.59,60.59,90.51,81.30,76.24
57.63,57.63,89.43,82.17,76.26
58.32,58.32,88.83,79.95,78.69
55.77,55.77,89.25,78.13,76.05
59.25,59.25,90.45,76.70,79.28
63.32,63.32,88.40,70.02,88.57
59.91,59.91,88.73,56.94,87.91
60.38,60.38,90.44,52.11,88.58
59.02,59.02,89.11,53.94,88.94
62.14,62.14,89.39,48.92,87.63
60.32,60.32,90.50,39.52,87.01
61.93,61.93,90.85,43.64,87.18
61.86,61.86,90.83,48.58,89.42
63.04,63.04,91.08,45.95,89.26
64.10,64.10,89.45,60.79,89.55
64.03,64.03,90.38,64.81,86.18
62.31,62.31,90.13,72.99,83.09
57.81,57.81,90.40,69.55,78.56
54.77,54.77,91.78,70.74,76.99
56.93,56.93,90.75,71.34,76.73
57.09,57.09,90.58,69.94,75.33
58.95,58.95,90.09,66.62,82.63
61.26,61.26,86.47,57.81,89.13
60.57,60.57,89.63,52.28,88.21
65.54,65.54,89.84,55.18,89.59
62.26,62.26,90.72,55.44,90.62
65.68,65.68,88.85,55.66,90.14
65.04,65.04,89.71,53.42,89.39
71.86,71.86,89.36,50.11,87.14
66.48,66.48,91.64,46.81,79.57
62.42,62.42,87.01,42.12,89.34
64.33,64.33,89.57,38.86,88.80
65.76,65.76,91.02,43.32,88.51
61.24,61.24,90.34,41.29,90.67
61.17,61.17,90.85,39.39,90.62
63.50,63.50,89.40,41.22,90.21
66.18,66.18,88.47,51.87,88.73
67.71,67.71,92.26,57.21,82.35
66.46,66.46,86.65,46.59,86.37
66.38,66.38,77.95,40.35,88.32
62.54,62.54,78.13,42.71,88.30
68.80,68.80,77.24,36.27,88.29
70.01,70.01,78.48,35.58,86.32
65.49,65.49,80.54,36.82,84.54
57.79,57.79,80.26,37.39,79.24
52.34,52.34,81.39,36.65,77.42
47.00,47.00,84.27,37.52,78.13
40.11,40.11,83.08,37.88,74.95
42.97,42.97,84.31,35.63,76.35
46.11,46.11,84.81,35.33,74.36
48.22,48.22,81.22,34.68,76.69
42.72,42.72,87.18,23.32,78.07
46.41,46.41,89.24,21.61,79.58
52.01,52.01,88.94,32.84,81.08
53.87,53.87,87.01,31.43,80.83
62.44,62.44,81.89,32.05,84.41
58.93,58.93,77.44,38.93,86.94
55.49,55.49,76.16,42.69,87.35
57.70,57.70,75.44,34.11,87.92
55.30,55.30,76.17,34.50,86.90
55.98,55.98,77.73,26.34,87.51
53.48,53.48,80.52,25.29,83.07
53.58,53.58,80.66,32.50,82.61
50.30,50.30,78.89,29.72,79.91
48.76,48.76,82.82,26.27,79.04
47.54,47.54,83.14,21.59,79.69
48.27,48.27,82.40,31.44,77.64
47.80,47.80,80.53,30.93,78.55
48.65,48.65,83.80,23.64,82.01
47.66,47.66,82.42,22.04,82.54
53.41,53.41,82.61,13.80,83.18
60.25,60.25,83.07,21.36,83.11
65.05,65.05,81.33,23.96,86.26
59.54,59.54,80.05,21.66,86.26
60.14,60.14,79.70,13.76,88.93
61.42,61.42,80.91,20.78,87.83
58.66,58.66,81.73,20.97,86.97
65.53,65.53,81.17,19.28,87.47
68.56,68.56,80.65,18.56,87.48
62.72,62.72,82.64,14.10,84.58
56.83,56.83,80.33,10.63,84.42
56.78,56.78,82.16,10.71,86.92
61.73,61.73,81.90,10.83,84.64
63.58,63.58,78.84,5.47,84.06
64.22,64.22,81.39,0.47,85.08
62.18,62.18,80.05,0.12,81.74
63.49,63.49,79.32,0.26,84.04
66.44,66.44,78.80,0.90,85.46
66.30,66.30,80.05,0.22,82.21
59.88,59.88,80.08,0.01,80.68
65.63,65.63,79.65,0.03,81.10
63.85,63.85,76.50,0.08,79.63
70.83,70.83,77.89,0.06,82.14
76.65,76.65,78.93,1.01,83.53
71.34,71.34,79.04,10.54,80.99
70.45,70.45,77.35,17.53,79.05
70.88,70.88,78.28,20.55,78.40
68.68,68.68,79.50,18.05,80.53
67.61,67.61,81.39,13.03,81.34
63.54,63.54,79.48,6.42,79.42
62.97,62.97,78.42,8.84,76.43
66.06,66.06,82.91,14.89,79.50
64.25,64.25,82.64,15.35,78.28
60.54,60.54,81.24,15.61,78.31
60.12,60.12,78.93,17.19,77.23
62.47,62.47,84.47,18.56,80.96
64.27,64.27,89.87,23.06,81.32
62.92,62.92,87.62,35.41,85.19
62.55,62.55,84.01,38.08,86.17
59.52,59.52,81.83,34.71,84.97
59.74,59.74,81.40,31.21,83.32
59.67,59.67,82.12,29.54,82.67
58.95,58.95,82.48,28.49,84.21
58.25,58.25,82.62,25.46,85.52
58.19,58.19,82.03,27.39,87.06
59.35,59.35,81.97,28.46,87.00
53.98,53.98,81.40,25.73,86.32
52.90,52.90,79.84,26.03,87.62
42.29,42.29,77.49,24.63,87.72
40.24,40.24,77.82,29.47,84.58
35.86,35.86,76.79,23.31,81.69
36.51,36.51,78.80,13.26,78.15
38.54,38.54,86.79,18.26,79.40
35.52,35.52,88.99,42.59,79.75
38.37,38.37,86.75,55.86,83.17
37.15,37.15,84.29,57.08,84.10
32.90,32.90,82.82,46.01,82.51
27.29,27.29,82.47,30.60,80.68
28.62,28.62,83.47,45.65,80.19
27.63,27.63,83.48,51.82,81.41
28.81,28.81,83.17,52.21,82.75
32.23,32.23,84.73,48.52,85.08
34.80,34.80,83.51,30.10,83.69
36.05,36.05,82.80,31.60,85.41
38.35,38.35,82.28,42.10,85.64
38.00,38.00,79.98,40.72,85.40
45.86,45.86,78.21,28.90,82.33
53.70,53.70,78.41,19.43,82.16
64.86,64.86,83.94,16.28,80.88
68.36,68.36,82.10,15.69,80.43
75.87,75.87,79.41,19.10,78.86
86.20,86.20,77.74,20.22,79.05
77.86,77.86,78.05,16.51,77.06
85.36,85.36,78.26,10.44,78.22
84.72,84.72,77.63,5.98,75.10
81.31,81.31,80.04,9.11,77.32
67.12,67.12,89.57,3.11,74.76
67.12,67.12,91.30,0.02,76.36
80.17,80.17,81.47,0.02,77.91
85.91,85.91,79.51,0.00,75.45
83.21,83.21,78.49,0.03,74.96
81.72,81.72,80.37,0.01,75.22
76.41,76.41,86.38,0.00,77.28
70.66,70.66,86.30,0.00,76.16
72.04,72.04,85.51,0.00,77.54
71.70,71.70,87.58,0.30,77.12
79.94,79.94,81.46,1.07,82.11
79.03,79.03,79.12,2.11,82.68
75.15,75.15,80.44,0.23,81.29
74.84,74.84,80.28,1.25,78.06
77.75,77.75,79.96,1.60,77.28
72.39,72.39,79.27,0.06,75.59
71.66,71.66,79.01,0.02,75.09
66.11,66.11,82.01,0.39,77.64
74.16,74.16,80.49,0.02,82.88
76.61,76.61,79.92,0.00,81.10
75.48,75.48,78.71,-0.00,81.47
79.82,79.82,79.32,0.00,83.42
76.89,76.89,79.11,2.18,83.76
76.97,76.97,79.37,3.58,85.15
76.68,76.68,79.04,4.52,83.01
71.46,71.46,78.17,4.82,79.53
73.68,73.68,84.27,21.96,83.35
75.78,75.78,88.07,33.22,86.42
66.63,66.63,90.97,35.31,87.20
64.84,64.84,90.64,29.28,90.39
66.67,66.67,90.40,48.59,89.96
78.32,78.32,89.85,68.27,85.83
81.20,81.20,85.35,69.63,86.27
73.00,73.00,88.76,81.76,82.04
66.18,66.18,89.18,87.82,79.67
63.07,63.07,84.68,84.69,76.46
60.98,60.98,82.94,83.24,78.79
60.05,60.05,85.59,89.88,78.03
65.84,65.84,83.37,87.22,80.78
62.43,62.43,81.34,85.92,83.03
64.20,64.20,81.73,90.09,81.49
65.68,65.68,81.28,87.95,81.13
62.29,62.29,81.90,88.39,83.38
72.98,72.98,81.49,84.61,86.16
76.99,76.99,82.98,77.33,89.43
64.97,64.97,86.45,67.37,91.00
63.02,63.02,87.19,55.51,91.73
64.35,64.35,89.31,61.14,89.63
72.01,72.01,89.66,72.05,86.36
64.97,64.97,86.41,71.15,88.44
63.23,63.23,86.34,86.06,84.51
61.79,61.79,87.39,86.62,80.44
59.77,59.77,82.41,89.40,78.13
67.21,67.21,81.94,87.33,80.16
70.19,70.19,81.45,87.44,80.40
70.14,70.14,79.42,88.70,83.76
68.79,68.79,80.72,86.69,81.95
66.50,66.50,81.51,88.45,81.13
69.61,69.61,79.88,89.27,80.69
68.93,68.93,82.14,87.82,84.41
75.90,75.90,79.96,85.92,84.89
76.31,76.31,83.31,75.56,88.66
63.97,63.97,86.16,62.79,90.74
61.47,61.47,87.95,54.45,90.77
70.23,70.23,88.98,62.31,88.38
69.73,69.73,86.94,74.87,87.68
62.34,62.34,85.96,76.45,87.65
60.13,60.13,87.32,86.64,83.09
61.79,61.79,83.46,86.82,80.79
61.25,61.25,83.25,91.36,77.01
63.42,63.42,80.04,87.46,79.85
67.44,67.44,81.61,86.48,80.78
65.44,65.44,80.55,91.75,81.35
69.53,69.53,79.59,87.39,81.31
72.08,72.08,80.16,87.80,81.92
68.95,68.95,79.41,90.49,81.34
73.85,73.85,82.43,86.96,84.67
80.11,80.11,80.35,81.36,86.72
81.17,81.17,84.78,68.71,87.20
68.57,68.57,85.96,61.95,91.71
67.09,67.09,87.69,58.13,90.62
73.33,73.33,88.50,64.07,87.69
69.82,69.82,88.05,73.33,87.40
67.10,67.10,86.15,81.02,85.08
65.20,65.20,85.86,87.21,81.95
60.64,60.64,84.71,87.54,78.58
63.74,63.74,80.64,86.51,79.41
63.25,63.25,79.67,89.82,78.79
64.17,64.17,80.32,87.68,80.66
66.99,66.99,79.50,87.43,80.53
67.97,67.97,79.32,90.59,81.49
70.85,70.85,79.45,89.14,82.55
68.79,68.79,78.61,91.04,80.97
73.81,73.81,82.26,85.64,84.71
81.69,81.69,80.85,77.94,87.62
76.86,76.86,85.34,69.91,88.62
67.42,67.42,86.23,65.36,91.50
68.28,68.28,88.37,56.04,90.05
72.04,72.04,88.71,71.03,86.94
69.01,69.01,85.62,71.17,88.65
68.78,68.78,87.28,83.35,84.35
67.90,67.90,86.25,89.53,80.00
66.26,66.26,82.81,88.92,78.10
67.91,67.91,81.66,85.44,79.09
67.26,67.26,81.91,91.82,77.29
71.44,71.44,80.75,87.56,81.07
72.34,72.34,79.86,84.90,81.41
69.69,69.69,79.71,91.23,79.90
69.69,69.69,79.83,88.35,81.29
67.77,67.77,80.59,88.78,82.27
76.82,76.82,80.76,84.30,85.01
82.78,82.78,82.28,77.38,86.63
77.03,77.03,85.31,64.72,88.77
67.89,67.89,86.54,64.29,91.09
72.58,72.58,88.58,68.47,87.98
75.96,75.96,88.67,74.20,85.63
72.34,72.34,85.89,74.90,87.43
69.85,69.85,85.64,86.88,84.21
65.97,65.97,86.58,86.65,79.61
67.10,67.10,83.06,89.20,77.27
66.25,66.25,81.32,87.35,78.91
70.18,70.18,81.90,86.72,79.73
74.28,74.28,80.68,89.56,81.70
71.48,71.48,80.42,87.17,81.02
70.14,70.14,80.82,87.96,79.90
69.71,69.71,79.64,89.78,81.22
70.89,70.89,81.72,87.74,83.47
78.19,78.19,79.57,85.41,84.65
82.05,82.05,82.69,76.88,86.20
76.04,76.04,85.09,65.63,89.83
75.05,75.05,86.65,52.01,88.60
82.00,82.00,88.96,49.59,84.09
76.96,76.96,87.72,64.42,86.23
72.02,72.02,87.34,70.13,87.24
72.76,72.76,85.75,77.63,86.61
78.28,78.28,81.65,76.29,85.94
81.13,81.13,77.25,85.38,84.66
78.05,78.05,80.86,83.91,85.10
81.62,81.62,78.08,84.88,85.16
79.21,79.21,80.92,81.65,84.87
80.37,80.37,80.02,83.79,85.23
79.66,79.66,82.02,82.34,84.01
80.60,80.60,80.69,80.70,84.98
79.95,79.95,83.79,80.97,84.17
78.56,78.56,83.23,73.52,85.64
80.25,80.25,87.52,70.99,85.75
76.30,76.30,88.64,59.07,88.50
77.54,77.54,89.27,55.03,86.76
81.18,81.18,90.51,57.76,83.61
70.51,70.51,89.87,65.49,87.18
70.91,70.91,86.22,69.25,86.17
74.21,74.21,87.68,79.46,85.72
76.02,76.02,82.89,74.61,84.83
81.27,81.27,84.00,79.15,85.65
77.37,77.37,85.70,76.93,87.52
74.51,74.51,84.56,78.90,88.63
75.42,75.42,81.18,72.14,87.53
81.08,81.08,82.09,74.07,87.82
76.78,76.78,85.59,76.41,88.19
74.89,74.89,84.39,78.05,88.41
73.48,73.48,84.57,69.16,87.34
78.57,78.57,85.43,67.08,87.42
75.37,75.37,88.73,60.72,87.96
65.82,65.82,89.13,62.48,90.67
68.94,68.94,90.09,59.70,89.79
75.08,75.08,89.25,72.02,86.16
64.29,64.29,84.66,73.26,89.25
64.88,64.88,87.52,83.75,83.82
62.82,62.82,88.02,88.53,81.03
58.77,58.77,82.62,85.10,76.98
62.95,62.95,81.82,85.68,80.62
64.88,64.88,82.95,90.71,78.55
70.25,70.25,80.29,87.14,81.31
72.14,72.14,79.34,85.21,82.31
71.64,71.64,80.59,92.03,80.73
67.24,67.24,79.40,87.52,81.20
66.81,66.81,80.07,88.36,82.62
74.56,74.56,79.72,85.59,86.30
79.09,79.09,81.16,77.19,89.83
68.84,68.84,83.46,64.50,91.44
63.28,63.28,85.49,62.30,91.59
68.14,68.14,88.15,64.44,89.65
72.32,72.32,88.33,75.48,87.15
64.26,64.26,85.73,75.35,88.07
64.51,64.51,85.35,86.47,83.72
61.13,61.13,85.27,88.26,81.70
57.48,57.48,81.68,90.36,78.72
61.32,61.32,79.22,88.89,79.75
64.91,64.91,80.16,87.58,81.12
67.76,67.76,77.49,90.41,80.96
68.57,68.57,78.16,88.87,81.98
69.88,69.88,79.73,89.25,83.53
66.40,66.40,77.54,88.90,84.43
72.72,72.72,81.42,87.02,85.53
79.06,79.06,79.61,84.69,86.48
78.87,78.87,83.01,76.04,89.12
67.45,67.45,86.04,69.56,90.94
63.05,63.05,87.26,66.17,90.64
72.90,72.90,88.55,65.99,88.27
68.54,68.54,85.93,74.94,87.38
63.10,63.10,85.25,76.33,87.00
64.68,64.68,87.31,85.97,82.37
63.63,63.63,84.25,87.58,81.00
61.65,61.65,82.94,90.65,77.27
62.06,62.06,80.05,86.95,80.37
65.53,65.53,80.39,85.59,81.76
65.99,65.99,79.01,91.54,81.54
65.02,65.02,78.11,88.84,82.36
68.20,68.20,79.03,87.62,83.32
65.52,65.52,77.43,91.73,81.80
71.54,71.54,80.97,88.81,84.52
78.86,78.86,80.09,81.83,87.22
76.47,76.47,82.60,74.32,89.32
65.01,65.01,85.43,71.26,91.70
64.69,64.69,86.81,67.42,90.18
68.49,68.49,87.95,67.82,87.83
65.16,65.16,86.87,72.15,87.18
67.81,67.81,84.81,82.69,85.08
66.87,66.87,83.85,88.40,82.84
64.43,64.43,83.64,88.73,79.34
66.49,66.49,79.85,88.13,78.78
64.61,64.61,78.71,90.05,79.95
67.15,67.15,79.55,87.42,82.16
64.70,64.70,79.74,85.85,83.89
64.38,64.38,78.89,90.29,81.31
62.75,62.75,79.72,89.72,82.19
60.98,60.98,79.75,89.46,81.42
60.24,60.24,82.26,80.58,84.86
55.82,55.82,81.02,80.31,85.44
56.74,56.74,80.15,79.89,84.80
59.24,59.24,80.09,75.59,85.18
61.60,61.60,80.14,62.39,85.55
62.50,62.50,81.68,71.01,83.37
74.19,74.19,82.96,65.58,84.06
73.82,73.82,82.56,68.12,80.72
66.71,66.71,82.47,72.08,82.92
57.18,57.18,85.56,70.20,85.84
54.29,54.29,83.58,75.49,85.53
52.40,52.40,81.89,77.46,86.49
50.19,50.19,82.78,78.35,86.56
53.05,53.05,82.60,77.63,86.35
54.38,54.38,83.38,76.64,86.73
58.07,58.07,81.85,76.87,86.69
63.76,63.76,81.51,74.89,85.65
71.24,71.24,83.12,66.58,83.97
72.89,72.89,80.45,62.19,83.68
71.67,71.67,80.04,51.46,82.63
72.22,72.22,81.21,41.75,83.17
73.80,73.80,80.87,41.02,79.59
73.00,73.00,81.57,32.59,77.94
71.82,71.82,85.25,39.70,78.94
68.11,68.11,85.33,28.65,78.20
66.68,66.68,84.11,28.14,80.05
66.53,66.53,83.46,23.07,81.49
67.21,67.21,82.28,22.44,80.78
68.97,68.97,85.51,17.92,80.60
69.09,69.09,84.93,28.10,80.98
67.92,67.92,86.82,37.75,81.61
77.12,77.12,86.07,53.39,83.64
81.56,81.56,80.64,53.82,82.40
79.82,79.82,81.57,64.91,81.05
77.57,77.57,83.74,77.71,79.51
74.22,74.22,83.40,80.45,78.89
68.72,68.72,85.09,78.12,78.62
68.02,68.02,80.71,79.87,75.60
70.23,70.23,83.70,76.04,80.37
71.45,71.45,83.12,81.41,78.24
72.40,72.40,84.70,80.13,78.31
71.01,71.01,80.99,77.65,75.28
74.23,74.23,86.17,70.49,81.22
73.28,73.28,83.39,61.25,76.83
71.28,71.28,85.56,37.16,76.11
65.42,65.42,87.92,35.39,76.19
60.65,60.65,85.57,41.12,76.97
63.21,63.21,83.99,36.49,77.72
72.25,72.25,82.66,31.10,79.71
74.39,74.39,83.14,47.53,81.33
77.07,77.07,83.00,51.60,84.20
78.07,78.07,83.45,59.47,87.10
77.97,77.97,86.24,73.67,87.93
68.27,68.27,82.83,76.59,89.64
72.50,72.50,81.65,76.08,88.37
74.15,74.15,82.17,68.42,86.09
80.82,80.82,85.50,79.72,86.52
70.48,70.48,81.34,79.59,89.82
76.31,76.31,79.94,78.93,88.26
75.23,75.23,80.41,74.49,87.18
82.57,82.57,81.37,80.95,86.74
75.31,75.31,83.88,81.55,87.87
74.61,74.61,77.77,80.80,89.10
74.74,74.74,79.64,75.45,87.25
81.06,81.06,78.54,79.57,87.01
78.49,78.49,80.97,81.39,88.52
78.23,78.23,78.78,82.10,88.16
73.25,73.25,85.44,75.36,85.88
69.49,69.49,87.20,65.53,82.25
67.20,67.20,92.06,59.04,80.27
61.36,61.36,93.14,52.78,79.27
55.41,55.41,94.51,50.08,77.43
52.08,52.08,93.89,53.91,75.90
44.76,44.76,94.39,61.22,75.98
47.20,47.20,93.60,77.08,77.70
52.62,52.62,89.82,85.10,79.33
48.21,48.21,83.78,86.07,78.40
44.43,44.43,83.10,86.43,78.07
42.79,42.79,83.67,88.01,80.47
44.74,44.74,83.29,87.43,83.69
45.80,45.80,81.45,86.29,84.07
43.51,43.51,81.15,86.68,83.44
43.37,43.37,83.51,88.00,83.32
36.17,36.17,80.06,85.15,83.15
31.78,31.78,85.18,69.23,86.56
30.23,30.23,89.64,72.12,81.51
34.39,34.39,91.66,57.07,82.34
31.70,31.70,92.61,49.38,82.67
30.11,30.11,94.48,54.24,79.67
24.09,24.09,93.29,56.55,78.38
21.36,21.36,93.54,65.32,78.65
23.05,23.05,93.77,78.02,78.11
26.40,26.40,87.08,81.27,82.08
25.66,25.66,85.80,87.17,79.54
25.44,25.44,84.54,87.11,80.84
29.63,29.63,83.78,85.98,83.49
31.29,31.29,82.93,84.25,84.24
32.00,32.00,85.37,86.23,82.51
29.34,29.34,83.83,84.79,84.40
25.48,25.48,83.40,82.85,84.92
25.71,25.71,82.10,81.32,83.38
29.94,29.94,84.97,67.33,87.20
22.18,22.18,90.07,67.68,81.15
22.68,22.68,91.47,48.90,83.34
16.43,16.43,92.51,44.92,80.27
17.06,17.06,93.81,50.06,78.57
16.67,16.67,93.21,54.84,79.18
26.40,26.40,93.47,61.14,78.44
21.94,21.94,92.70,79.83,78.05
14.66,14.66,87.97,81.96,80.04
26.78,26.78,85.84,84.14,80.81
22.07,22.07,84.82,84.37,80.47
28.61,28.61,85.08,85.77,81.77
24.02,24.02,85.22,83.95,82.45
23.01,23.01,85.14,83.06,82.33
25.53,25.53,85.95,81.65,83.49
21.39,21.39,85.52,82.61,84.25
21.51,21.51,83.59,74.43,84.44
22.01,22.01,86.42,69.53,85.51
19.71,19.71,91.23,59.35,80.98
22.38,22.38,91.26,49.15,83.12
25.21,25.21,93.20,42.48,80.19
25.88,25.88,93.45,47.65,77.81
25.29,25.29,92.68,53.17,77.73
22.45,22.45,94.74,67.05,77.93
21.62,21.62,91.39,79.69,79.57
27.43,27.43,86.18,82.18,80.24
21.53,21.53,87.36,86.02,80.40
27.73,27.73,84.90,84.05,82.90
29.63,29.63,84.69,83.77,82.37
24.55,24.55,85.16,83.31,82.78
23.00,23.00,86.44,83.12,81.97
24.36,24.36,86.00,83.36,82.93
23.33,23.33,85.37,79.43,83.88
26.55,26.55,85.09,68.59,84.66
24.76,24.76,87.64,66.76,83.39
22.27,22.27,90.85,58.87,82.80
26.55,26.55,92.04,44.50,83.38
29.26,29.26,93.14,43.95,80.21
31.39,31.39,92.80,51.29,79.19
27.06,27.06,93.96,51.81,78.22
24.17,24.17,93.55,71.39,78.48
24.81,24.81,91.81,79.03,80.07
25.54,25.54,87.12,81.51,81.74
24.79,24.79,86.77,82.56,80.78
25.31,25.31,86.59,83.54,81.44
30.27,30.27,87.45,82.23,83.44
30.93,30.93,85.53,80.95,84.59
29.03,29.03,85.50,79.93,82.85
35.92,35.92,87.15,82.53,83.18
35.12,35.12,84.63,80.79,82.12
43.68,43.68,84.87,65.44,86.45
41.98,41.98,88.19,68.31,82.71
44.14,44.14,90.83,52.33,84.32
43.93,43.93,91.61,39.71,83.86
44.56,44.56,94.08,49.24,79.68
42.60,42.60,93.00,49.40,79.31
37.68,37.68,93.28,56.62,80.31
36.57,36.57,94.44,72.60,77.17
37.03,37.03,88.35,75.80,82.10
32.67,32.67,88.02,82.46,81.41
37.55,37.55,88.29,83.13,82.38
30.39,30.39,86.85,82.61,82.07
36.90,36.90,86.48,81.12,83.14
43.19,43.19,87.66,81.72,82.53
47.01,47.01,86.38,80.99,82.54
42.37,42.37,85.94,78.99,83.70
49.41,49.41,84.74,77.63,82.01
49.37,49.37,83.70,61.83,88.22
51.19,51.19,90.09,65.60,83.72
50.90,50.90,90.50,47.35,85.64
46.79,46.79,92.16,39.51,82.70
41.39,41.39,93.54,45.15,78.54
46.27,46.27,92.76,57.25,79.95
48.55,48.55,91.59,62.53,79.99
46.28,46.28,88.70,66.85,84.16
43.26,43.26,80.08,68.16,88.67
40.64,40.64,84.98,70.72,87.17
38.50,38.50,83.19,75.86,87.91
37.33,37.33,83.86,73.39,86.79
35.38,35.38,83.37,77.20,87.28
38.77,38.77,83.32,75.34,87.98
42.12,42.12,83.55,77.59,87.46
41.01,41.01,83.45,76.43,86.90
35.61,35.61,84.65,76.84,86.08
39.65,39.65,84.75,70.12,86.29
42.76,42.76,90.64,58.31,83.91
42.84,42.84,89.75,49.14,86.82
37.01,37.01,92.92,42.80,82.52
36.72,36.72,93.41,27.03,80.17
39.09,39.09,92.79,28.88,81.43
37.74,37.74,93.32,19.51,81.24
38.42,38.42,85.09,33.22,84.27
34.91,34.91,81.75,36.49,90.12
30.54,30.54,87.43,35.03,84.03
34.91,34.91,86.08,47.62,90.46
39.88,39.88,80.35,53.63,93.18
39.04,39.04,82.15,39.17,88.88
33.92,33.92,85.75,43.36,85.28
25.24,25.24,89.85,39.43,87.48
29.94,29.94,80.86,49.09,94.07
26.75,26.75,83.27,55.05,86.75
21.66,21.66,87.25,53.53,85.45
23.08,23.08,90.75,52.46,83.58
18.43,18.43,92.25,45.83,84.78
12.13,12.13,94.24,50.76,78.61
15.07,15.07,93.50,57.85,77.02
22.99,22.99,94.29,60.00,75.35
21.76,21.76,93.85,76.74,78.62
15.60,15.60,90.07,83.78,78.68
21.22,21.22,85.78,85.25,78.57
23.80,23.80,83.75,85.98,77.67
27.34,27.34,83.88,86.05,79.62
30.34,30.34,85.19,87.85,82.57
30.86,30.86,82.94,86.07,83.81
25.69,25.69,82.27,86.14,83.00
21.40,21.40,83.65,88.52,81.73
22.94,22.94,78.60,85.00,80.97
26.69,26.69,78.91,89.54,82.42
21.66,21.66,78.86,89.40,82.60
27.18,27.18,79.25,89.38,82.26
18.81,18.81,81.15,91.18,81.51
18.38,18.38,80.16,90.66,79.34
18.11,18.11,77.70,90.79,78.86
19.35,19.35,76.79,91.24,79.81
18.40,18.40,74.53,93.60,78.24
26.76,26.76,74.37,92.10,79.31
20.07,20.07,75.53,91.26,80.85
15.27,15.27,73.15,92.16,79.61
22.12,22.12,75.07,93.21,81.49
21.64,21.64,76.29,90.94,83.65
26.65,26.65,76.47,90.13,83.95
28.45,28.45,78.40,91.50,83.12
26.29,26.29,78.68,90.83,84.80
28.58,28.58,80.00,87.32,86.30
26.84,26.84,84.53,75.46,87.29
24.09,24.09,88.81,67.66,82.80
39.97,39.97,90.61,47.29,83.28
46.56,46.56,92.70,38.16,81.23
43.17,43.17,93.42,34.89,78.30
34.20,34.20,93.14,39.01,79.51
30.67,30.67,91.54,37.97,80.80
34.84,34.84,89.72,41.60,83.22
36.14,36.14,82.98,47.32,87.52
38.17,38.17,88.58,44.12,83.07
44.48,44.48,91.06,43.35,82.18
45.42,45.42,92.65,42.31,81.74
45.52,45.52,94.02,34.74,78.73
44.02,44.02,92.89,37.87,78.52
45.27,45.27,92.77,45.43,79.28
46.93,46.93,92.27,57.65,79.90
53.61,53.61,84.93,55.88,84.46
48.63,48.63,89.71,59.63,83.77
47.66,47.66,93.77,52.43,80.56
52.44,52.44,92.58,73.96,78.69
53.73,53.73,92.10,79.48,77.54
55.57,55.57,91.96,76.61,79.59
54.44,54.44,92.11,77.54,79.59
53.91,53.91,91.08,80.21,79.25
53.81,53.81,88.72,84.15,80.28
51.63,51.63,81.32,82.14,81.53
48.51,48.51,77.94,85.32,82.19
45.61,45.61,79.59,85.69,81.68
49.58,49.58,80.07,85.51,81.82
50.58,50.58,79.15,86.78,80.82
53.13,53.13,80.45,87.21,80.93
56.77,56.77,80.54,86.73,80.77
61.30,61.30,78.97,88.44,81.50
65.60,65.60,76.39,66.21,78.87
77.12,77.12,75.34,53.24,77.49
77.06,77.06,75.86,43.34,76.88
78.02,78.02,75.56,47.16,75.70
74.64,74.64,76.99,44.80,75.68
77.93,77.93,76.38,39.08,75.54
77.03,77.03,76.60,34.69,77.53
76.95,76.95,76.26,34.31,77.48
77.28,77.28,73.88,28.25,76.00
75.87,75.87,72.15,23.18,76.75
72.53,72.53,72.77,8.43,80.17
80.37,80.37,72.28,13.43,77.89
80.73,80.73,72.73,8.11,75.81
78.98,78.98,72.68,15.28,75.71
79.84,79.84,74.50,9.47,75.77
83.35,83.35,74.07,16.71,74.04
78.39,78.39,77.46,11.74,74.14
74.64,74.64,76.96,4.71,73.46
75.02,75.02,77.64,3.56,76.31
76.23,76.23,75.85,19.40,76.10
76.14,76.14,75.45,29.72,77.49
82.06,82.06,72.06,39.14,76.56
80.47,80.47,70.24,43.49,75.31
85.35,85.35,69.45,48.74,75.81
83.09,83.09,71.46,50.31,76.85
86.45,86.45,67.25,52.54,75.34
85.46,85.46,68.27,50.46,75.60
77.73,77.73,66.59,44.19,72.48
75.21,75.21,64.44,39.34,71.21
76.58,76.58,63.41,44.48,74.11
76.85,76.85,61.09,51.76,74.55
75.79,75.79,59.02,57.70,75.13
76.73,76.73,62.00,64.86,74.96
75.74,75.74,66.87,68.35,73.72
76.99,76.99,71.64,70.04,73.30
78.42,78.42,74.88,73.50,77.43
83.94,83.94,72.73,72.93,77.44
86.12,86.12,71.90,75.42,78.96
85.10,85.10,71.43,76.69,79.17
85.11,85.11,71.46,77.72,78.83
82.96,82.96,73.81,79.94,80.02
80.36,80.36,75.68,79.32,79.22
80.24,80.24,76.32,81.71,81.61
80.31,80.31,75.90,80.52,80.42
83.34,83.34,77.68,81.67,80.64
83.75,83.75,76.78,81.54,79.39
83.77,83.77,77.05,82.28,80.33
82.67,82.67,77.23,82.89,81.92
83.08,83.08,77.44,81.40,82.00
82.84,82.84,77.99,83.01,84.37
83.23,83.23,77.38,81.42,83.47
82.87,82.87,77.56,82.37,83.34
81.12,81.12,78.67,82.90,82.94
81.73,81.73,78.51,81.73,82.94
81.02,81.02,78.68,83.13,82.38
80.29,80.29,78.72,82.14,81.14
83.71,83.71,79.26,82.17,81.99
80.61,80.61,78.49,80.93,82.98
79.95,79.95,79.37,78.35,82.74
80.87,80.87,78.89,78.48,82.33
76.30,76.30,79.85,81.78,83.35
75.82,75.82,79.54,80.53,82.71
75.52,75.52,79.39,81.07,83.37
74.10,74.10,78.90,79.56,83.91
72.05,72.05,78.66,78.60,84.82
73.89,73.89,79.15,79.06,83.96
73.81,73.81,79.16,76.22,83.49
70.81,70.81,76.84,62.88,84.65
73.59,73.59,74.44,63.37,91.29
71.57,71.57,73.11,63.67,91.12
71.89,71.89,72.81,78.16,88.85
70.99,70.99,74.14,80.87,84.99
66.76,66.76,72.24,87.12,84.89
53.57,53.57,72.73,88.23,83.11
53.86,53.86,73.82,86.38,80.61
55.15,55.15,74.07,87.24,81.38
53.40,53.40,75.15,86.50,83.09
52.08,52.08,73.87,87.49,83.19
51.94,51.94,74.18,87.70,80.17
50.92,50.92,74.08,87.58,79.11
49.56,49.56,74.42,88.21,79.86
47.84,47.84,75.27,88.72,77.03
45.74,45.74,74.82,87.85,76.25
44.82,44.82,74.69,88.21,76.48
46.21,46.21,76.00,86.85,77.57
42.92,42.92,75.35,87.74,76.81
43.86,43.86,74.58,88.08,79.64
40.97,40.97,74.78,88.44,80.15
35.26,35.26,74.93,87.83,79.65
34.02,34.02,74.06,87.48,79.52
37.81,37.81,73.84,87.85,77.44
34.18,34.18,75.44,86.90,75.10
37.63,37.63,78.83,87.04,77.26
33.74,33.74,77.52,85.12,75.62
31.97,31.97,76.05,86.11,76.44
33.33,33.33,75.79,87.63,76.70
35.84,35.84,75.49,87.14,76.33
41.03,41.03,74.94,87.53,73.35
37.85,37.85,75.97,86.53,74.75
30.83,30.83,75.87,84.30,73.68
26.52,26.52,75.85,85.73,74.52
30.30,30.30,78.42,85.70,79.39
33.87,33.87,77.58,84.28,80.25
31.84,31.84,75.17,85.14,80.92
30.00,30.00,75.29,87.79,80.78
27.46,27.46,74.87,85.50,80.33
25.74,25.74,74.48,81.89,77.16
23.14,23.14,75.56,86.90,79.39
27.55,27.55,74.67,86.39,79.63
23.30,23.30,76.65,88.47,79.28
19.11,19.11,75.13,84.66,78.75
28.53,28.53,75.55,85.73,78.76
34.39,34.39,74.59,85.30,78.43
30.50,30.50,74.47,83.91,78.34
31.21,31.21,73.45,85.80,79.19
25.52,25.52,73.15,83.70,79.43
33.09,33.09,73.97,86.01,80.04
34.00,34.00,75.75,78.99,79.31
32.40,32.40,76.15,85.41,78.09
25.94,25.94,74.90,85.59,79.57
21.95,21.95,74.63,85.00,78.97
22.19,22.19,73.98,86.78,78.06
26.72,26.72,73.64,82.27,75.99
22.33,22.33,73.20,86.03,76.15
21.81,21.81,73.57,81.57,76.88
22.32,22.32,74.83,84.24,76.99
22.41,22.41,78.46,84.82,77.14
24.83,24.83,75.71,85.35,79.36
20.00,20.00,76.54,84.43,77.98
22.64,22.64,74.43,85.58,77.73
26.47,26.47,73.68,81.40,78.04
23.90,23.90,74.57,83.70,77.79
15.42,15.42,74.43,76.42,77.93
22.99,22.99,75.35,84.28,79.11
21.70,21.70,77.14,79.14,79.18
22.96,22.96,76.11,84.40,80.06
21.34,21.34,74.83,82.26,82.07
20.32,20.32,74.69,81.13,80.74
24.87,24.87,74.65,81.75,81.57
23.53,23.53,74.61,79.82,78.03
23.66,23.66,74.20,81.70,77.44
17.00,17.00,73.86,79.80,78.16
15.16,15.16,78.26,81.45,81.90
15.41,15.41,77.66,80.35,81.36
19.49,19.49,75.58,82.03,83.77
21.79,21.79,74.47,79.67,83.15
24.44,24.44,73.64,80.34,80.30
20.01,20.01,74.26,79.90,79.28
19.11,19.11,73.92,82.69,80.30
16.76,16.76,75.49,81.89,82.48
9.19,9.19,75.43,83.84,84.49
17.15,17.15,78.04,81.94,82.24
21.79,21.79,75.74,83.72,84.88
24.83,24.83,74.37,83.62,83.81
30.55,30.55,73.90,85.04,82.33
34.30,34.30,73.92,84.88,83.94
31.59,31.59,74.44,84.21,82.79
26.76,26.76,73.14,86.29,85.30
25.82,25.82,74.29,84.72,84.11
24.16,24.16,76.79,85.37,83.83
17.41,17.41,76.99,82.17,81.10
18.31,18.31,75.27,83.57,82.65
17.82,17.82,74.93,82.09,81.60
20.00,20.00,73.62,81.15,79.05
19.12,19.12,73.79,78.43,78.46
19.44,19.44,73.08,77.13,77.09
15.02,15.02,72.92,78.04,77.40
13.53,13.53,76.77,79.13,76.23
9.12,9.12,79.29,74.51,77.52
17.51,17.51,76.12,71.04,76.40
18.85,18.85,74.57,73.99,77.56
20.69,20.69,73.77,75.62,77.29
23.85,23.85,74.44,76.65,76.20
18.47,18.47,74.04,71.50,78.41
15.93,15.93,74.03,73.08,80.56
22.32,22.32,73.76,73.04,79.81
19.29,19.29,75.86,73.75,80.49
12.08,12.08,75.96,72.73,81.15
16.43,16.43,73.59,69.12,80.76
19.02,19.02,75.03,72.06,81.72
15.62,15.62,73.09,75.09,78.92
16.55,16.55,74.06,74.49,78.68
18.27,18.27,73.26,77.00,78.40
19.54,19.54,74.47,77.42,78.75
16.14,16.14,75.27,79.88,79.25
22.04,22.04,75.88,80.57,77.85
18.33,18.33,74.85,81.16,80.44
13.58,13.58,73.65,80.73,79.87
15.38,15.38,72.16,81.28,80.24
16.08,16.08,70.98,80.24,77.17
21.68,21.68,71.41,80.15,79.50
19.02,19.02,72.34,81.16,79.67
11.80,11.80,73.62,79.86,78.76
14.42,14.42,78.47,80.90,80.16
16.88,16.88,74.30,79.49,80.15
15.26,15.26,73.72,79.06,77.68
14.63,14.63,72.22,77.58,77.60
15.34,15.34,72.93,77.21,78.56
15.04,15.04,71.38,77.70,78.91
13.45,13.45,72.61,76.31,79.89
13.31,13.31,73.68,77.40,79.54
16.18,16.18,79.26,72.88,81.29
17.60,17.60,75.95,73.70,77.42
13.10,13.10,72.66,74.97,76.66
14.20,14.20,71.21,73.27,76.96
17.47,17.47,70.62,69.28,75.84
11.03,11.03,70.09,75.86,79.52
9.71,9.71,70.00,67.17,78.39
16.97,16.97,70.96,72.39,77.72
11.12,11.12,71.19,73.00,76.97
16.79,16.79,70.92,74.19,76.91
20.35,20.35,70.55,68.78,77.05
20.95,20.95,70.38,76.12,75.57
18.58,18.58,69.56,67.94,73.46
14.79,14.79,68.89,74.92,73.21
15.48,15.48,68.74,71.66,75.82
12.25,12.25,68.90,76.78,76.81
16.42,16.42,69.05,75.48,75.31
10.40,10.40,75.29,75.73,79.19
8.14,8.14,75.91,80.09,80.27
11.21,11.21,72.00,81.04,78.28
15.09,15.09,70.22,81.28,79.04
17.52,17.52,69.04,84.84,80.77
17.06,17.06,68.25,85.03,81.14
20.38,20.38,69.03,84.73,81.61
18.33,18.33,69.65,85.53,81.94
16.93,16.93,73.41,87.05,80.59
14.01,14.01,76.24,87.07,82.86
12.52,12.52,70.39,86.60,79.95
12.19,12.19,70.54,86.21,80.09
7.79,7.79,69.58,86.07,79.32
6.80,6.80,69.68,84.90,78.15
14.79,14.79,70.76,81.88,78.42
15.95,15.95,70.64,81.65,79.92
17.72,17.72,75.85,76.85,80.68
12.91,12.91,78.28,78.45,78.48
12.05,12.05,73.89,78.33,82.79
12.03,12.03,73.21,75.58,80.08
14.74,14.74,73.56,77.82,78.56
15.93,15.93,71.44,77.05,77.63
13.43,13.43,71.49,76.25,77.05
16.90,16.90,71.61,79.40,78.69
10.66,10.66,72.46,77.15,77.23
15.23,15.23,76.45,75.70,79.48
13.70,13.70,73.71,75.54,80.44
14.01,14.01,71.30,76.57,76.82
21.53,21.53,76.29,74.27,79.76
21.17,21.17,72.18,72.68,79.05
28.69,28.69,70.33,73.60,77.81
22.40,22.40,71.20,71.65,78.41
14.04,14.04,70.57,69.33,81.88
16.60,16.60,75.23,69.74,83.48
13.38,13.38,73.97,71.71,80.86
12.05,12.05,69.31,75.42,84.72
16.76,16.76,70.15,68.93,83.73
15.32,15.32,70.10,75.08,86.91
16.56,16.56,67.70,73.03,83.70
16.49,16.49,68.02,78.32,82.41
17.19,17.19,70.30,76.34,85.61
15.55,15.55,73.65,79.50,82.01
11.97,11.97,78.73,81.69,83.57
10.03,10.03,74.62,78.49,80.60
7.46,7.46,69.62,81.42,79.24
9.81,9.81,67.84,83.37,80.17
14.07,14.07,68.53,82.38,78.96
13.27,13.27,68.15,81.62,78.10
11.69,11.69,68.74,82.36,78.80
13.80,13.80,71.29,82.98,77.98
19.52,19.52,76.66,82.05,80.24
16.28,16.28,75.35,81.81,81.95
12.03,12.03,70.65,82.67,77.31
11.05,11.05,68.86,82.58,81.27
13.35,13.35,67.24,77.96,80.96
13.01,13.01,68.79,72.49,73.29
9.85,9.85,68.64,75.57,77.56
15.31,15.31,68.90,77.48,79.40
24.29,24.29,73.86,75.38,79.05
25.45,25.45,79.53,73.84,78.76
22.10,22.10,74.17,73.32,80.34
19.11,19.11,72.46,74.23,77.79
14.11,14.11,70.40,71.36,77.07
10.01,10.01,68.11,75.95,80.59
9.04,9.04,68.28,75.45,76.80
12.01,12.01,68.67,74.69,79.49
13.59,13.59,72.73,71.66,78.65
15.58,15.58,80.71,65.17,77.51
12.93,12.93,74.47,72.87,81.77
10.11,10.11,71.06,75.02,80.31
9.89,9.89,68.74,66.55,83.02
9.64,9.64,68.40,70.67,81.37
9.62,9.62,68.49,62.77,82.47
13.63,13.63,69.09,65.64,82.45
9.82,9.82,68.67,64.10,82.36
13.83,13.83,74.90,69.82,84.22
13.82,13.82,73.52,73.47,78.24
15.56,15.56,70.06,75.90,84.66
11.56,11.56,66.97,77.43,82.76
10.19,10.19,67.60,75.95,81.32
10.10,10.10,64.62,78.52,81.59
8.30,8.30,65.67,78.60,84.62
11.36,11.36,67.89,75.36,81.45
19.23,19.23,72.39,71.07,78.44
21.62,21.62,78.73,68.85,79.91
16.82,16.82,73.85,73.25,83.16
13.33,13.33,71.05,68.74,79.10
14.65,14.65,70.66,74.10,81.46
17.95,17.95,70.72,68.81,81.96
18.02,18.02,67.64,69.54,79.52
18.25,18.25,69.50,71.45,79.77
17.93,17.93,68.58,71.42,79.20
23.49,23.49,76.03,74.28,77.99
25.45,25.45,71.89,71.86,79.98
23.00,23.00,68.89,72.90,79.13
16.89,16.89,66.75,71.59,79.87
12.80,12.80,66.40,74.36,79.39
11.32,11.32,66.05,75.66,78.85
12.03,12.03,67.96,74.43,82.00
17.85,17.85,66.76,75.45,79.47
22.59,22.59,74.71,72.38,80.57
21.18,21.18,73.39,74.99,82.10
20.73,20.73,68.80,74.63,78.67
21.83,21.83,67.15,72.50,80.02
23.84,23.84,64.83,72.58,78.61
23.34,23.34,65.32,75.55,78.37
20.70,20.70,65.72,69.41,81.12
17.52,17.52,65.35,69.51,79.97
18.97,18.97,68.20,77.27,78.63
22.93,22.93,72.38,78.19,78.99
23.63,23.63,69.71,79.34,79.35
20.24,20.24,66.30,79.85,78.93
17.59,17.59,67.17,80.07,80.02
14.06,14.06,65.97,82.17,83.20
18.80,18.80,68.77,83.25,80.99
12.41,12.41,70.97,81.49,82.28
11.29,11.29,68.42,80.65,77.77
15.36,15.36,78.15,76.58,82.45
12.49,12.49,74.07,79.03,83.04
16.10,16.10,71.64,80.89,78.43
22.39,22.39,67.21,83.27,78.51
24.83,24.83,64.66,75.88,76.56
29.65,29.65,67.35,73.85,76.20
24.79,24.79,68.20,80.71,80.65
24.83,24.83,66.12,80.82,79.73
22.99,22.99,71.73,74.89,78.11
16.40,16.40,71.92,71.63,75.30
15.22,15.22,69.05,64.52,76.79
20.97,20.97,65.78,68.99,78.54
24.75,24.75,65.03,72.62,78.59
25.19,25.19,64.57,68.54,76.78
20.83,20.83,62.72,67.88,76.74
16.32,16.32,66.38,63.65,78.65
15.84,15.84,67.86,68.37,76.94
19.66,19.66,74.60,65.99,75.27
20.76,20.76,70.68,75.20,79.08
26.87,26.87,68.63,77.81,78.92
31.48,31.48,66.06,76.89,76.61
35.13,35.13,65.93,75.10,75.69
31.19,31.19,64.34,75.11,76.69
30.78,30.78,67.63,76.91,78.87
21.23,21.23,69.35,71.45,78.73
17.62,17.62,76.35,73.72,78.54
22.83,22.83,77.52,73.56,79.99
26.05,26.05,72.29,75.05,73.09
24.69,24.69,69.21,75.03,80.41
25.00,25.00,68.72,73.63,77.86
24.11,24.11,66.75,71.22,77.98
20.06,20.06,66.05,71.90,74.85
12.30,12.30,68.35,77.33,77.18
14.05,14.05,72.79,77.55,78.88
17.58,17.58,77.28,78.35,83.17
27.11,27.11,73.28,75.76,81.33
30.79,30.79,73.50,76.37,78.29
35.36,35.36,70.68,79.50,78.59
38.08,38.08,70.40,79.48,77.77
39.47,39.47,70.78,81.54,78.82
37.93,37.93,70.33,80.87,77.77
26.21,26.21,71.07,81.72,79.04
23.94,23.94,76.43,82.91,79.57
19.38,19.38,74.20,81.74,78.26
26.08,26.08,71.39,82.16,79.08
35.88,35.88,68.65,81.40,79.24
36.40,36.40,66.85,82.09,77.61
37.59,37.59,67.07,80.16,78.13
33.95,33.95,64.49,77.99,78.19
24.05,24.05,66.66,76.32,77.98
25.39,25.39,73.40,75.75,78.29
31.75,31.75,72.42,71.03,78.33
36.13,36.13,69.55,68.93,76.54
32.74,32.74,68.05,78.18,76.54
28.60,28.60,66.69,73.60,77.43
30.65,30.65,62.97,75.61,77.71
28.52,28.52,62.66,78.84,78.87
22.90,22.90,64.01,80.92,76.97
25.75,25.75,70.62,81.01,78.93
26.75,26.75,77.90,79.67,80.77
24.97,24.97,75.47,81.63,83.48
33.39,33.39,70.23,80.74,80.89
37.64,37.64,69.16,82.61,81.47
36.37,36.37,67.53,83.13,81.04
32.21,32.21,65.84,83.28,81.51
29.31,29.31,68.24,83.94,81.27
18.04,18.04,68.77,84.14,81.27
26.75,26.75,75.65,82.85,81.33
30.14,30.14,70.97,82.14,80.39
37.48,37.48,67.11,79.66,78.80
37.81,37.81,63.11,83.05,79.42
34.45,34.45,62.26,79.79,78.42
33.35,33.35,62.90,81.34,78.70
26.26,26.26,66.36,78.67,79.24
18.22,18.22,64.83,78.67,75.33
16.15,16.15,73.89,78.16,77.94
14.12,14.12,77.24,79.11,81.15
31.66,31.66,73.05,78.69,79.52
37.54,37.54,70.02,76.53,80.43
40.82,40.82,66.88,77.38,81.09
44.37,44.37,66.64,72.42,79.86
42.55,42.55,67.88,75.55,79.71
34.32,34.32,67.56,78.53,79.77
30.64,30.64,72.60,77.26,78.55
27.46,27.46,78.68,74.92,76.67
17.43,17.43,79.82,73.02,75.70
20.44,20.44,72.89,77.03,76.22
22.15,22.15,68.15,78.75,79.23
34.47,34.47,65.54,76.17,77.63
29.44,29.44,62.69,76.71,81.27
25.47,25.47,65.04,76.75,79.95
14.15,14.15,67.45,74.74,76.60
14.20,14.20,73.84,78.58,79.61
13.90,13.90,75.17,79.58,80.74
21.82,21.82,69.79,80.32,81.38
30.80,30.80,65.37,79.03,78.42
44.02,44.02,66.69,76.38,76.90
39.47,39.47,62.13,79.91,78.30
36.27,36.27,65.06,81.30,78.71
36.08,36.08,68.44,80.27,78.66
26.05,26.05,74.36,80.03,79.38
31.44,31.44,77.65,81.14,81.08
35.09,35.09,73.27,81.38,78.00
38.28,38.28,72.09,82.17,77.76
43.96,43.96,72.56,82.67,79.21
46.64,46.64,72.41,82.25,78.52
36.59,36.59,70.79,82.30,77.94
28.97,28.97,68.91,80.27,77.18
16.71,16.71,69.60,80.72,78.01
14.92,14.92,77.59,78.46,78.26
15.94,15.94,73.13,81.11,81.14
24.71,24.71,69.74,79.22,80.08
31.55,31.55,68.90,79.49,79.71
34.45,34.45,68.98,78.78,83.78
36.96,36.96,68.17,79.19,80.07
37.64,37.64,69.42,79.32,81.41
16.12,16.12,69.46,81.79,81.21
6.88,6.88,76.00,80.94,81.09
6.32,6.32,75.78,81.08,80.72
18.91,18.91,68.80,81.47,77.89
28.95,28.95,68.40,83.74,81.60
33.35,33.35,64.97,82.70,79.73
35.76,35.76,64.12,84.76,82.00
32.12,32.12,64.96,84.60,81.96
20.32,20.32,65.63,83.49,81.35
18.24,18.24,69.55,83.42,77.69
19.06,19.06,74.26,81.59,79.08
14.16,14.16,73.11,81.39,78.97
23.57,23.57,68.42,79.68,78.21
32.10,32.10,64.84,78.93,80.35
34.80,34.80,66.12,79.81,79.55
35.67,35.67,66.75,78.30,79.46
32.42,32.42,67.52,77.94,78.89
17.91,17.91,70.90,74.53,76.79
16.68,16.68,80.04,72.26,78.08
11.65,11.65,84.12,76.17,80.10
21.31,21.31,77.95,69.57,79.61
33.86,33.86,73.97,67.21,78.55
39.10,39.10,68.14,72.14,79.46
41.42,41.42,67.17,76.11,78.38
40.46,40.46,67.45,72.32,78.01
35.22,35.22,73.58,76.88,78.77
40.31,40.31,72.10,74.17,78.25
33.06,33.06,71.23,69.77,77.48
34.43,34.43,67.42,73.56,79.61
30.23,30.23,64.85,77.38,76.27
31.26,31.26,64.78,74.38,75.51
32.22,32.22,63.76,77.84,77.14
34.52,34.52,64.30,77.26,76.63
30.88,30.88,63.96,74.35,76.58
30.91,30.91,64.44,76.80,77.24
23.94,23.94,73.93,77.52,78.46
19.19,19.19,71.58,76.23,80.45
20.85,20.85,68.09,75.16,80.29
29.75,29.75,66.58,79.81,80.70
38.11,38.11,65.09,78.44,79.96
41.35,41.35,66.98,71.84,77.75
34.00,34.00,66.50,76.10,78.06
31.96,31.96,68.77,73.05,79.54
37.72,37.72,76.17,69.15,78.82
28.45,28.45,71.36,70.40,77.47
26.05,26.05,70.32,75.31,80.26
30.97,30.97,67.52,78.19,78.95
33.05,33.05,66.40,70.07,78.19
34.81,34.81,64.34,71.64,76.12
30.19,30.19,66.10,75.42,78.02
22.83,22.83,66.41,79.48,79.16
26.62,26.62,75.12,80.97,80.90
18.34,18.34,77.52,82.01,81.78
28.17,28.17,74.83,80.40,81.60
34.18,34.18,70.86,81.99,79.25
36.08,36.08,69.82,82.77,79.14
37.42,37.42,70.54,79.25,80.94
36.39,36.39,69.26,77.14,80.22
30.20,30.20,70.33,81.23,79.20
24.67,24.67,71.91,76.92,79.35
28.33,28.33,76.06,78.51,79.19
31.45,31.45,71.63,81.65,78.81
34.60,34.60,69.74,77.76,80.27
36.66,36.66,68.19,81.54,81.39
37.01,37.01,68.84,82.71,80.51
38.82,38.82,68.11,78.46,78.06
35.26,35.26,69.42,83.29,83.17
27.83,27.83,67.82,83.46,78.68
29.95,29.95,70.22,79.50,78.19
18.97,18.97,69.96,83.35,83.56
21.25,21.25,66.46,83.72,80.40
23.59,23.59,63.63,79.82,78.78
23.73,23.73,62.77,82.80,78.54
21.47,21.47,62.16,81.97,79.42
20.86,20.86,64.36,81.54,78.73
18.54,18.54,63.67,80.04,80.06
22.09,22.09,73.00,79.40,79.17
20.04,20.04,78.56,76.44,80.06
28.96,28.96,73.66,73.38,78.22
29.31,29.31,68.42,77.30,81.61
34.32,34.32,65.57,73.36,80.89
36.35,36.35,66.26,76.41,82.40
29.87,29.87,63.07,79.34,81.86
31.95,31.95,66.58,80.64,81.10
26.67,26.67,69.04,82.41,82.16
36.95,36.95,79.86,79.01,81.56
34.20,34.20,78.00,79.91,75.91
22.84,22.84,73.25,80.79,77.64
18.37,18.37,71.62,78.26,78.39
14.71,14.71,65.63,77.16,76.13
13.05,13.05,65.22,80.23,78.35
12.80,12.80,66.98,81.17,77.24
15.61,15.61,69.59,74.91,76.00
10.60,10.60,74.47,72.65,77.03
6.50,6.50,73.37,69.19,80.13
5.22,5.22,73.88,74.87,80.41
2.57,2.57,69.13,76.33,77.40
5.91,5.91,69.74,76.70,79.82
9.14,9.14,69.72,69.83,79.13
10.29,10.29,70.43,66.47,79.39
3.63,3.63,69.88,72.09,78.49
2.95,2.95,73.31,71.21,77.65
3.19,3.19,78.73,64.66,78.86
7.27,7.27,80.34,67.31,78.35
10.61,10.61,75.44,67.26,74.82
12.28,12.28,73.62,63.53,79.50
13.26,13.26,74.14,64.93,81.22
14.63,14.63,75.23,70.68,81.25
10.64,10.64,73.45,68.84,80.94
6.79,6.79,73.59,72.66,82.32
7.30,7.30,76.37,78.20,82.81
8.30,8.30,75.11,71.38,83.70
6.78,6.78,75.52,72.09,83.22
9.01,9.01,75.43,70.72,80.02
8.83,8.83,74.77,74.14,80.32
10.66,10.66,73.84,75.08,83.99
12.54,12.54,74.05,74.00,81.22
11.37,11.37,74.88,73.87,81.11
7.97,7.97,76.48,72.15,79.02
5.61,5.61,78.01,70.76,83.80
10.38,10.38,76.49,77.60,79.57
8.02,8.02,76.28,75.40,76.61
8.52,8.52,76.29,77.06,78.68
14.63,14.63,76.48,71.25,76.22
15.83,15.83,76.58,73.41,77.45
18.99,18.99,76.68,71.97,78.69
16.58,16.58,77.76,69.87,76.34
9.08,9.08,78.04,69.23,75.71
17.55,17.55,78.06,72.53,77.62
11.98,11.98,78.09,76.76,78.81
17.79,17.79,78.58,73.94,78.77
19.08,19.08,79.46,71.14,78.23
17.69,17.69,79.18,68.34,79.51
23.82,23.82,79.76,74.34,80.01
19.52,19.52,79.22,76.36,79.55
16.82,16.82,80.24,77.54,80.61
18.43,18.43,82.25,71.17,82.76
19.53,19.53,80.10,69.95,80.63
21.88,21.88,81.01,79.29,81.35
23.57,23.57,80.37,78.58,80.77
22.22,22.22,81.12,79.97,80.85
21.97,21.97,80.99,79.16,80.58
19.34,19.34,80.42,81.56,81.45
26.10,26.10,82.34,78.31,79.09
23.92,23.92,82.92,79.42,80.50
24.56,24.56,83.76,81.50,79.78
26.09,26.09,81.34,83.35,81.80
25.14,25.14,82.19,83.15,81.21
23.24,23.24,82.21,82.24,81.35
25.65,25.65,82.27,81.47,78.61
25.34,25.34,82.27,83.17,79.68
12.02,12.02,81.81,83.15,79.14
7.94,7.94,81.56,80.60,84.39
11.79,11.79,78.25,66.56,84.16
14.39,14.39,81.33,78.62,83.77
12.35,12.35,80.02,76.71,83.10
17.54,17.54,77.67,73.89,80.60
19.09,19.09,76.57,68.14,79.31
14.39,14.39,78.47,72.60,79.76
12.40,12.40,77.79,70.41,78.01
8.15,8.15,77.26,77.62,80.27
5.26,5.26,76.68,84.49,84.59
7.07,7.07,75.59,84.09,83.16
9.36,9.36,75.42,82.41,85.36
14.73,14.73,74.65,79.29,82.18
16.49,16.49,73.59,83.41,81.13
13.03,13.03,74.13,83.62,81.67
14.28,14.28,74.51,83.41,81.95
13.46,13.46,74.84,80.89,79.52
13.80,13.80,77.04,78.52,82.10
14.19,14.19,75.06,79.10,82.87
14.76,14.76,73.23,80.27,80.67
12.97,12.97,72.88,72.90,77.96
8.36,8.36,73.16,73.82,78.51
7.29,7.29,72.37,77.43,76.59
6.33,6.33,72.12,78.90,77.14
10.96,10.96,77.14,74.12,78.20
13.77,13.77,84.47,72.54,83.62
15.83,15.83,84.52,78.87,80.55
15.48,15.48,79.34,76.21,84.70
16.84,16.84,76.95,73.96,84.94
19.10,19.10,74.26,74.95,83.73
13.52,13.52,73.93,76.04,82.79
8.09,8.09,72.47,77.16,81.36
15.11,15.11,72.27,75.20,76.12
23.35,23.35,79.40,70.82,77.53
23.96,23.96,80.07,68.44,78.50
20.16,20.16,79.86,76.18,80.46
20.93,20.93,76.80,75.91,78.53
19.85,19.85,74.12,77.13,78.08
18.87,18.87,75.86,77.76,79.03
17.39,17.39,76.13,81.83,81.55
12.27,12.27,73.88,80.27,80.17
3.37,3.37,76.33,77.34,83.18
4.90,4.90,78.26,78.25,81.65
12.18,12.18,75.90,81.71,82.03
23.74,23.74,74.02,79.77,83.42
31.52,31.52,72.27,78.89,84.92
34.52,34.52,72.95,77.41,84.89
31.57,31.57,73.65,77.52,83.41
31.43,31.43,73.42,75.37,80.48
21.72,21.72,75.20,79.31,81.55
19.52,19.52,81.29,79.01,80.17
20.26,20.26,82.74,80.84,77.40
20.06,20.06,81.55,76.67,78.82
22.08,22.08,76.80,72.36,79.14
23.96,23.96,72.82,73.21,79.91
29.59,29.59,72.05,78.34,81.31
20.20,20.20,71.44,79.34,80.10
10.96,10.96,72.65,76.23,76.48
16.03,16.03,77.90,77.89,77.08
16.45,16.45,80.76,75.53,78.53
23.63,23.63,78.30,71.93,77.05
25.07,25.07,73.41,76.16,80.50
23.79,23.79,77.13,77.46,82.88
29.77,29.77,77.66,74.29,84.29
32.05,32.05,75.19,74.38,85.23
20.19,20.19,70.93,75.00,85.65
18.44,18.44,73.67,78.07,82.41
29.00,29.00,80.09,79.28,80.11
23.49,23.49,75.53,77.69,79.41
21.99,21.99,71.39,76.88,78.64
26.99,26.99,67.81,78.50,78.17
22.56,22.56,68.22,80.23,79.38
17.79,17.79,68.03,82.26,79.58
12.91,12.91,70.43,83.09,78.60
7.16,7.16,72.72,81.52,77.96
7.56,7.56,79.89,80.86,83.08
2.91,2.91,77.74,74.01,80.17
10.17,10.17,74.03,78.27,79.77
18.94,18.94,72.80,78.59,79.53
25.66,25.66,71.02,79.77,80.01
30.51,30.51,70.75,78.61,81.73
26.24,26.24,70.84,81.73,81.83
19.27,19.27,72.20,80.97,81.70
11.68,11.68,76.79,83.59,80.32
3.96,3.96,81.63,84.69,80.51
1.49,1.49,82.67,84.05,81.72
9.05,9.05,78.65,84.27,82.84
21.94,21.94,77.47,83.60,81.91
23.20,23.20,72.82,82.70,81.48
22.65,22.65,75.58,84.73,81.32
13.88,13.88,74.18,83.65,79.78
5.32,5.32,75.74,84.10,78.39
7.74,7.74,77.75,84.35,78.93
4.05,4.05,82.30,83.76,82.41
6.48,6.48,80.38,81.18,81.25
12.88,12.88,75.15,78.99,80.20
17.87,17.87,70.34,79.08,80.16
28.46,28.46,68.60,81.49,80.99
28.91,28.91,70.08,79.22,82.99
30.53,30.53,73.49,81.97,82.29
14.86,14.86,82.60,81.34,80.30
14.06,14.06,82.30,80.17,78.64
12.85,12.85,76.96,76.68,72.72
10.96,10.96,76.19,78.05,75.83
14.35,14.35,73.90,77.55,78.72
14.92,14.92,73.20,76.79,77.17
11.23,11.23,72.46,75.20,75.97
7.10,7.10,72.90,77.47,79.48
6.42,6.42,73.92,76.14,82.64
9.56,9.56,77.51,75.41,81.74
17.91,17.91,73.46,70.20,80.93
25.32,25.32,71.96,74.01,83.59
30.33,30.33,70.51,76.16,81.46
31.20,31.20,69.84,75.96,82.07
18.55,18.55,71.20,76.70,81.81
14.00,14.00,71.31,75.38,80.31
8.49,8.49,72.82,74.40,80.28
15.08,15.08,76.70,74.33,77.04
22.76,22.76,75.25,76.22,80.18
24.62,24.62,70.37,74.47,80.91
25.59,25.59,72.55,65.95,81.52
25.39,25.39,73.95,77.15,81.89
30.91,30.91,70.43,74.14,82.66
23.36,23.36,68.42,72.84,82.52
13.01,13.01,69.28,74.40,83.16
6.30,6.30,74.73,74.79,80.31
5.24,5.24,77.26,76.50,80.15
8.90,8.90,72.22,74.76,80.43
18.70,18.70,69.51,71.56,81.58
23.32,23.32,68.40,72.04,81.23
25.01,25.01,68.90,73.53,81.59
20.07,20.07,69.28,76.65,82.79
13.25,13.25,68.27,80.74,82.64
7.92,7.92,72.97,80.23,80.98
6.06,6.06,79.59,82.91,82.28
5.94,5.94,80.13,82.00,82.50
11.12,11.12,80.79,82.00,81.50
20.50,20.50,83.16,79.91,79.34
26.67,26.67,82.33,78.82,80.36
27.64,27.64,77.25,77.64,81.96
24.04,24.04,73.63,77.24,77.65
25.80,25.80,76.45,76.08,78.88
11.67,11.67,71.28,75.70,79.71
11.28,11.28,72.79,81.61,82.34
15.38,15.38,73.05,78.80,81.68
14.73,14.73,69.00,82.81,81.59
6.73,6.73,67.76,81.06,81.48
5.39,5.39,65.74,78.65,82.76
3.64,3.64,67.34,83.56,83.32
4.96,4.96,68.51,82.18,81.28
12.94,12.94,74.07,81.48,80.84
18.63,18.63,76.59,81.71,83.90
15.18,15.18,75.99,73.00,83.10
12.83,12.83,79.71,77.91,81.50
18.76,18.76,73.01,71.40,81.17
22.43,22.43,72.48,74.65,81.11
23.64,23.64,80.07,83.38,81.12
22.31,22.31,74.08,83.64,78.31
17.75,17.75,67.85,84.94,79.39
16.92,16.92,76.51,84.22,82.46
17.51,17.51,77.62,84.08,83.93
20.32,20.32,80.38,83.81,87.23
18.66,18.66,80.67,85.32,86.07
20.28,20.28,74.82,85.06,85.12
17.35,17.35,68.68,84.51,86.26
9.44,9.44,68.74,79.79,79.29
3.70,3.70,70.76,80.22,77.93
10.05,10.05,77.04,73.96,80.99
7.84,7.84,78.91,71.68,81.35
9.47,9.47,77.89,78.37,80.76
10.51,10.51,75.96,73.58,82.33
11.86,11.86,72.29,68.62,82.11
18.27,18.27,70.54,76.93,83.29
15.16,15.16,70.23,79.95,83.23
15.03,15.03,71.46,77.41,81.26
12.95,12.95,72.46,80.57,82.29
14.79,14.79,77.37,81.40,82.70
11.70,11.70,73.09,78.02,81.03
19.42,19.42,73.49,81.17,81.54
15.37,15.37,72.63,83.06,83.23
20.80,20.80,67.36,80.73,82.31
18.33,18.33,66.04,82.12,83.54
14.32,14.32,69.05,84.39,85.35
11.43,11.43,71.65,81.75,84.57
7.39,7.39,78.89,83.10,80.05
2.98,2.98,80.57,86.54,80.03
2.39,2.39,79.82,86.15,78.20
4.92,4.92,77.29,82.97,78.52
12.03,12.03,71.91,79.70,79.50
15.25,15.25,67.32,82.39,82.06
13.16,13.16,66.96,80.92,83.63
8.72,8.72,70.23,80.06,84.49
15.14,15.14,74.90,84.75,82.40
15.76,15.76,78.98,79.51,84.56
13.49,13.49,77.88,82.42,86.08
13.54,13.54,73.59,82.36,85.56
18.53,18.53,71.54,82.09,85.60
17.96,17.96,76.00,79.43,87.49
14.43,14.43,77.28,82.72,84.14
9.61,9.61,74.55,82.86,85.15
6.96,6.96,74.14,81.41,84.23
6.54,6.54,78.88,82.75,82.56
2.74,2.74,75.17,75.01,81.75
3.06,3.06,75.60,71.87,82.67
1.86,1.86,72.79,78.08,86.62
1.34,1.34,70.62,79.94,79.60
2.53,2.53,73.47,75.89,83.34
3.26,3.26,73.34,75.86,81.08
7.97,7.97,75.31,78.28,83.17
20.03,20.03,77.67,78.51,82.52
19.25,19.25,79.80,77.21,84.35
12.13,12.13,76.89,75.52,79.97
9.11,9.11,74.31,75.07,82.67
7.80,7.80,73.02,77.32,83.42
11.60,11.60,70.28,79.57,80.47
14.95,14.95,71.68,75.45,81.69
13.59,13.59,70.44,72.17,81.42
7.76,7.76,75.78,69.30,80.09
6.73,6.73,77.40,73.78,78.86
9.51,9.51,82.51,69.24,79.03
5.34,5.34,81.45,71.59,79.08
4.62,4.62,75.58,73.07,79.28
3.04,3.04,74.89,78.71,80.16
3.08,3.08,82.48,78.94,79.55
2.52,2.52,80.88,80.86,80.28
2.81,2.81,78.35,82.35,81.58
7.33,7.33,81.55,78.42,82.24
6.01,6.01,79.00,74.76,77.93
7.27,7.27,80.91,77.94,79.69
12.58,12.58,80.35,78.68,81.23
13.95,13.95,75.09,79.58,82.08
11.00,11.00,70.41,77.64,80.65
7.48,7.48,71.52,78.23,83.04
6.61,6.61,71.67,77.31,81.37
7.35,7.35,78.78,71.59,78.69
9.04,9.04,82.17,70.56,80.56
9.48,9.48,78.05,76.77,81.99
7.83,7.83,75.77,71.99,82.39
2.64,2.64,76.53,69.93,80.98
0.42,0.42,75.19,69.98,81.76
0.61,0.61,72.57,72.35,81.88
4.14,4.14,74.20,70.16,81.14
8.77,8.77,74.22,73.84,80.97
10.80,10.80,79.11,73.79,82.31
10.88,10.88,76.39,73.25,79.99
7.87,7.87,73.25,74.48,78.79
8.99,8.99,72.43,70.89,79.18
6.91,6.91,71.71,74.97,81.62
13.17,13.17,71.00,71.50,83.40
15.56,15.56,73.17,75.16,84.40
9.83,9.83,73.83,73.33,82.85
10.09,10.09,77.94,71.26,84.05
14.02,14.02,76.58,71.43,83.75
22.50,22.50,76.15,74.08,84.01
22.64,22.64,78.10,74.01,84.45
21.72,21.72,78.70,74.09,82.30
19.34,19.34,75.12,74.01,79.85
19.16,19.16,70.54,71.35,81.14
22.78,22.78,72.81,64.62,82.09
27.22,27.22,74.84,71.24,82.96
31.77,31.77,77.06,69.12,85.48
34.36,34.36,73.33,71.43,84.41
33.19,33.19,71.24,73.53,84.55
30.92,30.92,74.51,74.50,82.71
25.75,25.75,72.49,77.55,81.58
18.27,18.27,71.89,75.82,79.71
16.23,16.23,72.78,77.96,82.83
16.08,16.08,78.42,76.31,80.93
20.49,20.49,80.21,79.93,78.10
25.89,25.89,80.89,75.54,81.30
23.78,23.78,82.05,76.22,82.97
14.69,14.69,82.47,78.41,82.80
12.64,12.64,78.44,75.08,78.14
13.20,13.20,77.95,64.87,77.74
13.56,13.56,78.65,73.82,77.22
12.17,12.17,77.43,75.54,80.42
11.53,11.53,80.37,79.24,80.24
5.55,5.55,79.52,81.41,80.93
7.05,7.05,74.99,76.81,78.59
7.84,7.84,73.75,73.70,83.14
9.02,9.02,73.87,76.74,84.06
18.22,18.22,76.65,77.96,82.67
22.10,22.10,75.10,73.26,84.08
19.39,19.39,73.03,72.02,78.45
16.58,16.58,76.23,72.23,79.04
16.63,16.63,78.92,72.46,81.83
12.84,12.84,75.18,67.58,79.62
13.67,13.67,74.85,75.86,80.40
14.41,14.41,77.59,77.16,79.83
16.59,16.59,79.82,77.93,79.79
16.84,16.84,77.14,79.20,81.09
18.71,18.71,75.31,79.47,78.67
12.65,12.65,73.14,76.96,78.61
4.62,4.62,79.69,74.51,77.72
4.61,4.61,82.72,72.35,75.92
5.50,5.50,84.27,72.50,79.51
8.85,8.85,81.62,67.81,78.54
12.15,12.15,77.47,76.30,80.68
11.88,11.88,74.57,77.30,81.96
8.87,8.87,77.59,75.79,83.43
2.64,2.64,73.59,77.78,84.50
7.78,7.78,79.31,75.74,83.17
8.15,8.15,82.71,69.09,86.09
7.45,7.45,79.38,71.69,84.62
15.22,15.22,78.76,79.50,82.51
20.06,20.06,77.07,72.86,83.20
21.04,21.04,77.14,75.20,81.50
20.55,20.55,75.96,70.68,80.51
19.90,19.90,75.42,68.60,77.77
19.15,19.15,75.12,66.72,77.92
22.03,22.03,78.55,67.61,79.66
18.57,18.57,76.05,67.51,81.31
24.41,24.41,74.29,63.78,81.21
23.73,23.73,72.82,67.17,79.97
35.45,35.45,71.54,67.01,83.04
28.57,28.57,71.35,68.77,82.76
21.74,21.74,72.87,67.53,83.03
23.04,23.04,74.38,71.41,83.47
21.82,21.82,81.18,71.28,80.37
13.55,13.55,80.37,64.69,78.36
13.51,13.51,84.35,66.76,78.92
23.69,23.69,81.87,69.61,81.24
31.59,31.59,76.83,75.70,81.63
30.07,30.07,71.70,75.35,80.64
30.98,30.98,73.87,76.09,82.28
31.14,31.14,74.09,76.49,81.02
16.49,16.49,80.21,77.77,82.30
2.47,2.47,79.74,76.42,81.24
1.46,1.46,81.81,77.36,80.90
4.64,4.64,76.14,81.43,81.70
14.21,14.21,82.08,80.01,81.55
22.38,22.38,81.12,80.52,82.19
15.10,15.10,77.59,77.98,80.77
14.99,14.99,76.90,80.04,81.77
8.93,8.93,78.01,80.71,81.73
5.10,5.10,82.09,80.42,85.85
13.79,13.79,79.35,81.14,87.04
17.47,17.47,77.79,76.10,87.90
15.17,15.17,76.54,80.89,85.72
13.32,13.32,77.23,82.40,83.03
13.63,13.63,76.70,82.01,83.72
13.38,13.38,78.78,83.16,82.14
11.35,11.35,78.40,82.82,80.65
14.25,14.25,79.50,82.35,83.34
14.10,14.10,80.22,77.36,85.13
13.13,13.13,74.54,78.67,82.11
20.86,20.86,74.38,76.51,82.36
30.01,30.01,75.25,81.31,81.05
39.33,39.33,72.88,80.02,82.05
36.02,36.02,73.11,75.56,82.50
30.63,30.63,73.02,77.50,80.62
14.31,14.31,77.09,74.13,80.49
13.58,13.58,79.88,73.81,83.05
10.81,10.81,84.38,71.70,82.37
19.10,19.10,83.25,74.08,82.12
22.30,22.30,77.11,79.72,81.99
21.44,21.44,76.01,79.73,83.03
24.67,24.67,76.00,80.88,84.09
22.85,22.85,76.98,82.62,84.90
20.58,20.58,77.07,80.68,82.18
20.09,20.09,81.44,79.97,81.92
16.14,16.14,81.15,79.24,81.56
20.12,20.12,83.61,76.09,81.48
23.68,23.68,78.61,75.94,80.74
21.36,21.36,76.48,74.85,83.59
18.98,18.98,75.14,79.44,83.23
17.44,17.44,72.51,79.29,86.12
14.10,14.10,73.43,78.24,82.29
14.32,14.32,79.77,82.63,85.42
13.13,13.13,78.55,77.78,87.86
10.07,10.07,79.68,80.67,89.69
11.27,11.27,78.04,80.59,90.22
15.81,15.81,77.06,79.89,88.98
14.96,14.96,76.30,75.29,88.25
20.36,20.36,75.52,70.97,85.15
16.90,16.90,76.76,71.52,85.09
21.71,21.71,76.76,73.73,80.57
24.64,24.64,78.13,71.97,80.85
30.47,30.47,75.20,72.29,84.15
32.09,32.09,75.06,76.31,84.11
30.90,30.90,75.34,77.70,87.25
27.69,27.69,72.23,77.65,85.50
30.30,30.30,73.57,77.37,84.27
38.57,38.57,73.73,75.46,84.24
52.23,52.23,76.23,74.68,83.73
65.79,65.79,79.90,79.13,79.22
72.68,72.68,78.03,78.22,81.69
73.55,73.55,76.22,71.76,82.16
72.78,72.78,75.38,76.12,81.82
73.50,73.50,76.59,76.75,81.97
68.15,68.15,75.90,79.84,81.78
68.94,68.94,73.35,80.10,83.00
68.61,68.61,72.62,79.92,81.46
67.66,67.66,75.69,79.33,81.23
52.50,52.50,76.18,78.84,84.44
50.09,50.09,73.21,76.09,84.85
54.50,54.50,72.44,72.45,83.33
52.16,52.16,70.77,77.61,80.91
54.35,54.35,70.66,75.34,82.35
56.06,56.06,70.38,79.24,82.35
57.37,57.37,70.89,79.66,82.12
50.80,50.80,75.08,79.03,87.40
56.65,56.65,80.46,77.83,81.99
54.14,54.14,83.39,80.46,81.69
59.62,59.62,82.63,73.06,81.80
58.88,58.88,81.41,74.82,82.77
60.13,60.13,74.98,75.65,81.32
63.41,63.41,78.02,77.14,84.29
60.02,60.02,79.05,70.27,83.12
61.56,61.56,77.94,67.26,81.77
53.66,53.66,78.52,78.39,79.80
53.03,53.03,77.68,79.32,82.18
51.03,51.03,78.09,79.67,82.87
50.67,50.67,76.01,80.89,84.52
54.89,54.89,73.87,76.46,84.31
55.94,55.94,72.61,76.68,85.79
61.40,61.40,72.08,79.75,85.12
60.19,60.19,72.95,75.12,84.38
58.32,58.32,75.93,73.38,85.29
56.99,56.99,78.45,78.50,84.74
58.10,58.10,74.57,78.93,84.57
50.84,50.84,72.43,74.93,81.97
55.82,55.82,70.84,83.73,82.55
56.62,56.62,70.76,87.59,82.45
57.40,57.40,69.93,80.18,82.93
66.74,66.74,69.79,83.58,83.97
63.43,63.43,71.29,82.69,82.49
58.51,58.51,76.95,84.11,82.85
58.05,58.05,73.99,85.02,84.77
56.60,56.60,81.05,86.14,84.23
58.73,58.73,79.58,77.88,84.28
60.05,60.05,76.99,81.58,84.00
61.45,61.45,70.72,85.38,86.05
58.32,58.32,67.34,83.32,86.37
60.37,60.37,68.79,81.68,89.20
60.42,60.42,77.54,86.79,87.22
62.45,62.45,79.70,79.34,83.23
69.15,69.15,77.64,81.28,81.95
74.15,74.15,76.04,86.66,81.20
71.75,71.75,75.41,79.84,83.79
71.38,71.38,74.09,73.84,89.23
67.38,67.38,72.93,82.93,84.84
71.77,71.77,73.03,77.94,82.07
74.70,74.70,72.05,76.12,84.82
78.66,78.66,74.40,83.15,82.39
72.45,72.45,69.67,79.66,82.57
73.19,73.19,69.15,77.57,84.48
74.25,74.25,68.88,76.08,82.36
76.62,76.62,67.43,85.28,82.87
76.99,76.99,66.95,79.42,81.14
70.76,70.76,67.12,83.32,82.58
74.63,74.63,68.97,87.61,83.56
72.32,72.32,76.99,85.46,82.44
71.25,71.25,73.56,83.43,83.48
71.88,71.88,69.72,85.83,87.91
71.97,71.97,67.28,86.88,85.26
69.33,69.33,66.69,88.13,85.23
71.39,71.39,65.51,89.47,86.31
72.27,72.27,65.73,86.32,85.47
71.01,71.01,64.52,87.56,85.81
73.71,73.71,68.98,86.89,85.49
75.14,75.14,69.22,86.59,85.71
71.75,71.75,64.74,83.61,88.84
68.59,68.59,64.78,87.26,87.67
69.86,69.86,63.54,90.66,86.60
74.43,74.43,63.69,87.91,87.27
76.66,76.66,64.99,87.14,85.61
79.37,79.37,64.07,86.24,84.67
75.94,75.94,66.51,89.30,83.75
68.55,68.55,74.79,86.13,82.79
65.27,65.27,73.65,82.22,84.47
70.59,70.59,74.04,79.85,82.21
71.28,71.28,69.95,84.86,81.92
68.05,68.05,69.83,87.46,82.39
75.65,75.65,68.86,86.47,83.94
74.81,74.81,69.49,84.90,85.11
71.51,71.51,70.11,77.34,82.91
79.76,79.76,72.61,82.66,83.13
78.75,78.75,70.77,76.36,83.93
82.74,82.74,69.45,77.65,85.77
80.02,80.02,69.14,76.24,84.39
83.65,83.65,68.71,75.61,84.76
83.30,83.30,67.59,82.10,86.48
79.08,79.08,68.09,83.89,85.40
79.79,79.79,69.64,83.10,85.87
80.97,80.97,71.62,78.93,85.24
84.94,84.94,75.16,71.78,84.12
80.36,80.36,74.68,79.79,83.22
79.25,79.25,73.64,80.56,82.76
83.92,83.92,72.93,83.67,85.17
82.08,82.08,72.14,79.56,86.85
84.54,84.54,71.69,75.57,85.44
80.14,80.14,72.96,82.38,81.89
86.86,86.86,72.51,78.83,81.24
83.11,83.11,76.39,69.89,84.49
85.31,85.31,73.64,68.45,83.23
84.00,84.00,74.02,66.75,84.61
84.87,84.87,73.27,64.81,83.85
82.01,82.01,74.65,71.55,84.01
80.22,80.22,74.51,71.76,86.34
83.28,83.28,74.34,79.73,82.47
88.22,88.22,72.95,82.08,81.69
82.51,82.51,74.78,76.28,84.95
75.86,75.86,75.70,72.64,84.28
79.91,79.91,75.80,69.41,83.68
78.54,78.54,77.18,71.59,83.22
80.48,80.48,76.90,72.92,83.78
80.16,80.16,78.54,70.81,85.10
80.49,80.49,77.79,70.54,84.23
79.14,79.14,77.37,71.48,83.04
77.60,77.60,78.70,76.60,84.99
79.51,79.51,78.53,76.01,84.37
84.01,84.01,77.72,72.08,83.90
81.45,81.45,78.36,65.43,83.50
76.94,76.94,78.36,70.91,82.74
78.47,78.47,77.56,66.72,83.23
78.52,78.52,78.00,68.92,83.26
74.53,74.53,77.93,69.73,83.48
77.33,77.33,77.68,69.84,82.89
73.60,73.60,77.06,68.01,86.14
76.78,76.78,75.65,74.55,87.05
73.03,73.03,76.94,80.41,88.48
72.97,72.97,74.20,73.73,87.79
74.79,74.79,72.94,79.41,86.95
77.10,77.10,73.52,79.89,84.87
73.82,73.82,73.48,79.50,86.69
73.29,73.29,73.44,75.86,85.11
76.96,76.96,76.31,79.30,85.85
72.98,72.98,76.51,75.19,86.77
75.01,75.01,77.54,79.68,86.67
82.41,82.41,77.22,78.29,84.67
75.53,75.53,78.69,75.16,84.92
78.01,78.01,78.43,73.94,84.53
72.26,72.26,78.15,76.96,85.00
73.60,73.60,79.15,80.34,84.37
75.42,75.42,78.91,72.44,85.05
72.16,72.16,78.83,81.93,84.11
73.03,73.03,78.85,82.65,84.07
80.15,80.15,77.66,82.70,82.70
81.07,81.07,76.37,79.55,83.56
78.95,78.95,76.30,86.28,83.51
71.56,71.56,78.11,87.15,83.75
79.59,79.59,76.46,78.57,82.57
82.11,82.11,77.10,75.51,83.33
72.47,72.47,76.68,79.51,82.89
70.06,70.06,75.91,83.98,85.64
73.86,73.86,76.55,87.29,82.30
73.81,73.81,76.36,85.06,83.25
73.31,73.31,76.19,84.68,82.56
70.65,70.65,76.99,86.20,82.01
69.33,69.33,77.67,81.53,81.39
66.28,66.28,77.33,83.70,85.66
71.00,71.00,78.43,83.38,82.92
80.22,80.22,78.32,82.48,82.46
70.76,70.76,77.23,82.71,83.72
82.48,82.48,77.84,80.41,83.32
70.13,70.13,77.31,82.86,80.18
75.27,75.27,77.28,80.88,84.78
82.37,82.37,77.74,80.02,82.40
75.40,75.40,77.36,80.12,81.09
79.72,79.72,78.77,82.48,82.84
68.86,68.86,77.43,82.43,82.52
74.53,74.53,77.92,80.44,82.06
72.80,72.80,78.26,81.19,82.16
71.73,71.73,78.09,82.91,82.40
72.39,72.39,77.04,80.25,85.54
68.84,68.84,76.81,75.62,87.18
67.60,67.60,77.98,69.88,86.91
67.28,67.28,78.74,78.08,86.17
65.16,65.16,79.34,75.81,83.40
75.40,75.40,79.17,79.82,82.83
77.45,77.45,79.23,81.80,84.20
77.41,77.41,79.56,84.26,82.05
72.67,72.67,78.83,82.83,82.54
79.00,79.00,79.32,84.61,81.69
80.30,80.30,78.28,85.84,82.15
72.76,72.76,78.38,85.51,82.09
74.33,74.33,79.53,83.60,82.92
76.41,76.41,79.65,80.94,82.85
75.98,75.98,78.83,84.75,83.64
72.33,72.33,77.94,82.70,83.06
74.46,74.46,78.06,80.99,84.87
76.87,76.87,76.98,81.48,84.57
74.96,74.96,77.14,76.20,82.47
73.30,73.30,76.92,77.90,82.77
75.42,75.42,78.42,76.52,82.39
73.49,73.49,78.57,79.17,81.53
72.08,72.08,77.67,83.03,81.48
72.49,72.49,77.32,83.88,82.46
70.86,70.86,77.28,81.85,81.39
74.84,74.84,77.35,80.89,81.41
72.01,72.01,78.85,81.28,81.95
71.96,71.96,77.47,84.58,79.57
72.19,72.19,77.78,84.10,79.82
71.67,71.67,78.16,85.39,80.62
75.94,75.94,78.38,84.34,82.12
77.07,77.07,77.16,85.77,82.22
76.42,76.42,78.32,82.53,82.95
74.52,74.52,77.87,82.52,84.17
75.12,75.12,77.24,84.71,81.95
71.28,71.28,78.49,83.05,82.03
75.62,75.62,78.50,84.38,80.33
77.03,77.03,79.68,82.25,80.41
71.15,71.15,77.96,81.86,77.61
65.93,65.93,77.89,86.97,80.36
68.18,68.18,77.15,84.44,81.18
71.28,71.28,77.46,83.36,79.37
67.78,67.78,77.48,84.23,80.14
65.81,65.81,77.71,80.16,80.80
68.30,68.30,77.10,82.78,83.29
65.55,65.55,76.72,81.16,83.24
75.45,75.45,77.05,88.11,82.03
78.93,78.93,76.03,83.06,82.23
73.80,73.80,76.71,85.26,82.30
74.10,74.10,76.47,85.87,81.50
74.71,74.71,77.73,83.23,83.18
80.12,80.12,76.79,82.87,84.09
76.30,76.30,76.31,85.49,83.30
79.54,79.54,76.13,84.68,82.49
79.54,79.54,76.57,85.72,81.38
74.64,74.64,77.05,76.65,80.73
79.08,79.08,77.68,80.66,82.63
74.45,74.45,76.79,78.85,83.61
78.24,78.24,77.53,74.63,82.75
79.26,79.26,77.34,78.65,83.11
72.46,72.46,78.29,74.97,81.79
75.03,75.03,77.12,78.24,81.33
73.93,73.93,78.92,76.64,81.29
72.00,72.00,79.15,80.48,82.14
65.69,65.69,78.49,83.87,80.71
65.01,65.01,78.51,86.23,81.80
66.89,66.89,77.15,82.32,82.22
67.33,67.33,78.40,82.01,82.97
68.79,68.79,78.16,85.68,82.98
71.45,71.45,78.75,84.59,81.72
67.82,67.82,77.58,83.25,81.26
67.37,67.37,77.73,82.28,82.33
68.12,68.12,77.54,80.38,84.71
71.12,71.12,77.42,81.62,82.43
68.08,68.08,77.13,81.24,79.31
72.90,72.90,76.37,84.38,79.58
70.89,70.89,76.93,82.25,81.52
73.23,73.23,77.14,83.62,81.30
68.49,68.49,76.92,83.50,80.20
69.91,69.91,77.73,83.69,80.40
75.01,75.01,77.03,79.33,80.89
75.31,75.31,76.69,76.13,81.45
77.51,77.51,75.68,70.82,80.40
74.52,74.52,76.38,76.46,82.07
75.34,75.34,76.21,74.91,81.62
75.67,75.67,76.88,75.19,82.55
68.03,68.03,77.12,77.47,81.50
67.21,67.21,77.06,76.71,81.99
74.06,74.06,78.16,82.42,82.00
72.25,72.25,76.64,87.75,79.77
77.66,77.66,76.68,83.27,80.53
78.25,78.25,75.42,85.21,81.22
72.21,72.21,75.39,85.13,81.76
80.15,80.15,74.63,85.76,81.40
78.53,78.53,75.24,83.17,82.19
74.75,74.75,74.84,82.51,82.17
74.99,74.99,78.17,85.32,82.92
78.11,78.11,77.14,81.00,83.41
77.04,77.04,75.28,82.62,83.67
82.69,82.69,75.14,83.83,83.89
77.13,77.13,73.85,86.00,84.00
76.67,76.67,74.05,83.57,84.54
85.69,85.69,73.18,82.06,84.32
77.34,77.34,74.45,83.78,83.01
79.50,79.50,75.19,85.13,81.57
78.82,78.82,76.77,82.72,82.92
75.18,75.18,73.26,86.28,81.87
80.20,80.20,72.05,87.79,83.73
78.74,78.74,70.78,86.91,82.98
77.53,77.53,71.46,85.85,82.64
76.88,76.88,71.80,86.24,83.35
81.90,81.90,71.06,86.94,82.92
79.21,79.21,72.77,86.61,83.62
73.08,73.08,72.56,84.69,82.41
72.50,72.50,72.00,89.55,79.88
74.77,74.77,72.63,88.75,80.36
73.62,73.62,71.62,87.23,81.78
73.68,73.68,71.87,85.27,82.33
72.14,72.14,70.79,84.45,83.02
72.72,72.72,70.45,84.13,83.72
76.89,76.89,70.46,84.07,82.97
78.28,78.28,70.60,86.16,83.93
76.80,76.80,71.73,87.38,82.24
80.02,80.02,72.39,82.95,83.82
83.53,83.53,71.69,81.42,82.51
82.65,82.65,72.84,83.61,83.13
81.52,81.52,71.34,84.69,82.62
80.20,80.20,72.39,83.50,81.69
78.12,78.12,72.60,84.99,81.34
77.68,77.68,71.88,84.42,81.34
72.86,72.86,72.09,85.89,83.58
76.10,76.10,72.72,81.74,85.64
72.96,72.96,73.36,83.94,84.31
76.24,76.24,74.21,83.91,83.72
73.17,73.17,73.36,78.88,82.21
71.14,71.14,73.22,74.59,79.78
72.09,72.09,74.85,71.05,79.77
68.18,68.18,73.96,72.66,79.43
79.43,79.43,76.07,78.42,82.28
78.69,78.69,74.32,87.24,82.67
72.70,72.70,74.89,86.91,81.96
77.16,77.16,72.48,86.25,82.34
78.06,78.06,73.51,86.41,83.67
76.73,76.73,74.32,85.09,84.47
75.70,75.70,73.73,83.97,83.03
74.70,74.70,74.56,84.02,82.06
74.61,74.61,74.46,85.17,82.40
74.11,74.11,75.23,84.39,81.03
75.82,75.82,73.70,84.03,81.50
75.37,75.37,73.48,84.55,82.04
73.22,73.22,72.77,85.06,82.36
76.05,76.05,71.76,77.69,81.81
75.98,75.98,70.82,77.41,80.95
78.87,78.87,69.64,75.34,82.85
78.62,78.62,70.48,73.61,82.23
72.42,72.42,68.38,72.86,80.45
70.67,70.67,69.26,78.97,81.48
74.79,74.79,71.73,79.94,82.82
71.81,71.81,72.36,81.06,83.48
70.45,70.45,72.50,80.52,81.71
72.12,72.12,73.87,80.43,82.27
74.60,74.60,72.14,81.43,81.56
73.02,73.02,71.67,82.14,83.08
74.81,74.81,76.05,85.96,82.09
73.11,73.11,75.91,86.31,83.30
77.32,77.32,75.99,85.50,83.99
72.53,72.53,76.14,86.63,84.40
74.51,74.51,74.21,86.67,83.59
71.56,71.56,75.52,86.45,83.49
71.53,71.53,75.10,87.14,84.09
72.40,72.40,74.71,88.53,82.53
75.02,75.02,75.23,87.28,80.27
68.02,68.02,72.32,84.75,79.17
69.04,69.04,72.37,85.01,82.90
69.96,69.96,72.28,83.20,84.62
73.74,73.74,73.78,82.64,81.34
72.45,72.45,72.40,83.24,83.06
72.93,72.93,72.60,83.21,84.28
73.97,73.97,72.53,83.24,80.78
72.70,72.70,73.32,83.16,80.34
73.39,73.39,74.54,81.28,82.86
74.99,74.99,76.02,84.70,82.95
74.56,74.56,74.03,83.83,82.96
70.20,70.20,74.09,84.15,81.85
74.49,74.49,74.91,84.81,82.32
72.27,72.27,74.76,84.59,81.53
75.77,75.77,73.87,85.43,83.12
75.39,75.39,74.67,85.48,81.80
72.31,72.31,78.08,84.07,80.05
70.94,70.94,77.21,76.04,82.58
71.49,71.49,75.74,77.77,81.81
72.45,72.45,75.63,76.75,81.84
74.70,74.70,75.10,74.67,83.23
70.03,70.03,74.99,72.40,83.02
71.25,71.25,74.85,69.26,81.82
73.12,73.12,75.15,69.45,84.41
74.37,74.37,75.30,71.04,81.85
69.14,69.14,76.25,86.72,80.51
80.80,80.80,75.70,85.93,81.83
80.73,80.73,75.23,86.42,82.67
78.62,78.62,75.30,86.97,79.92
75.70,75.70,76.30,87.26,81.73
77.08,77.08,74.88,86.76,81.12
74.68,74.68,75.01,85.96,80.86
77.25,77.25,74.96,85.98,82.18
82.58,82.58,72.82,81.42,82.73
83.07,83.07,70.40,72.23,81.06
84.46,84.46,69.30,67.42,82.60
84.21,84.21,66.83,66.77,82.25
78.67,78.67,67.10,67.17,83.48
87.95,87.95,67.15,65.65,82.16
84.77,84.77,68.11,74.96,81.06
79.99,79.99,69.46,73.79,81.44
76.87,76.87,71.73,75.38,80.49
78.98,78.98,73.17,74.33,82.36
82.03,82.03,71.80,71.30,83.54
77.60,77.60,70.52,68.58,82.96
76.37,76.37,70.37,70.24,82.91
81.26,81.26,70.54,66.59,83.32
80.01,80.01,69.16,66.64,83.60
76.10,76.10,71.63,69.80,84.20
79.59,79.59,72.54,69.50,84.40
81.56,81.56,72.76,85.66,80.69
83.55,83.55,72.95,85.83,81.42
78.79,78.79,73.00,85.76,82.09
77.06,77.06,74.02,86.03,82.42
76.74,76.74,73.82,86.26,82.16
83.31,83.31,72.67,86.08,82.16
76.17,76.17,73.24,85.54,82.55
75.84,75.84,73.25,85.69,82.09
80.24,80.24,75.03,85.40,81.39
80.65,80.65,74.86,84.53,81.71
79.01,79.01,73.85,84.09,82.65
85.06,85.06,75.11,83.35,82.33
81.23,81.23,75.11,83.40,81.77
80.39,80.39,74.68,83.83,82.76
75.28,75.28,76.31,84.41,82.87
79.21,79.21,75.48,84.74,83.53
72.35,72.35,75.85,85.11,82.31
76.72,76.72,75.34,80.97,82.62
81.60,81.60,73.79,81.75,83.02
81.30,81.30,73.24,84.54,83.52
81.36,81.36,71.87,82.90,82.37
79.51,79.51,72.71,83.47,83.28
73.07,73.07,73.57,84.34,84.28
80.39,80.39,72.86,83.94,84.51
78.20,78.20,72.42,83.41,82.48
74.56,74.56,73.04,80.54,83.58
72.89,72.89,73.21,82.50,81.24
74.51,74.51,75.38,80.31,80.95
74.60,74.60,76.19,80.91,81.69
76.51,76.51,75.41,77.96,81.33
74.18,74.18,74.90,80.47,81.48
68.71,68.71,75.51,77.10,80.10
71.13,71.13,75.93,77.61,79.59
75.70,75.70,78.83,78.25,81.17
75.53,75.53,76.80,85.30,80.85
78.87,78.87,76.15,86.82,79.66
77.48,77.48,77.11,84.93,79.79
76.47,76.47,76.67,85.14,81.34
71.30,71.30,74.81,87.00,81.27
76.27,76.27,77.17,84.94,81.45
77.01,77.01,76.49,84.64,79.93
82.35,82.35,78.12,84.94,78.97
71.14,71.14,76.08,87.09,78.78
75.04,75.04,76.96,84.54,78.12
72.82,72.82,78.68,82.82,79.26
74.60,74.60,78.00,84.69,80.90
71.19,71.19,76.23,85.10,81.31
70.67,70.67,75.01,84.83,83.09
73.05,73.05,76.17,83.18,83.42
69.82,69.82,76.76,82.97,84.12
74.07,74.07,79.59,80.26,82.79
78.24,78.24,78.08,81.48,81.19
74.79,74.79,77.04,81.79,81.64
74.23,74.23,75.74,83.13,81.88
79.62,79.62,75.55,81.42,82.39
79.41,79.41,76.00,81.37,83.23
78.21,78.21,76.53,82.48,81.74
77.12,77.12,77.12,83.96,79.66
78.58,78.58,80.20,82.76,82.14
75.38,75.38,78.60,82.44,78.78
76.43,76.43,76.72,84.83,82.08
75.41,75.41,75.51,83.59,81.28
77.68,77.68,74.60,83.93,82.90
77.80,77.80,72.50,81.63,80.88
77.99,77.99,71.83,77.90,81.71
75.49,75.49,74.80,77.98,81.90
77.27,77.27,74.82,79.75,79.11
72.41,72.41,73.72,78.33,80.51
73.92,73.92,75.91,80.66,82.41
69.17,69.17,74.38,81.42,83.68
71.69,71.69,75.44,81.54,81.93
73.75,73.75,76.11,83.59,81.04
72.25,72.25,76.13,82.34,79.32
75.83,75.83,76.91,83.42,80.30
76.20,76.20,76.64,82.84,78.37
74.08,74.08,77.24,85.75,80.11
77.47,77.47,77.88,84.48,81.73
76.38,76.38,76.59,84.56,81.83
75.81,75.81,77.22,85.91,80.87
74.47,74.47,76.49,83.86,80.97
76.27,76.27,75.63,83.96,80.66
74.61,74.61,76.82,85.75,82.40
77.21,77.21,78.09,84.25,80.89
77.16,77.16,77.04,84.14,80.17
74.37,74.37,75.61,80.71,80.50
73.65,73.65,75.43,78.94,79.97
73.29,73.29,74.91,77.66,81.21
76.09,76.09,76.41,78.75,80.61
74.71,74.71,75.19,79.36,82.31
73.20,73.20,75.28,78.28,83.24
70.91,70.91,75.55,80.19,82.35
72.21,72.21,75.59,79.60,81.39
75.75,75.75,78.14,83.60,82.80
75.55,75.55,75.70,83.62,82.17
76.40,76.40,76.06,82.58,82.91
74.61,74.61,75.73,82.50,80.90
77.69,77.69,76.76,83.99,81.35
77.20,77.20,77.04,83.27,80.92
78.76,78.76,76.54,82.45,80.84
75.32,75.32,76.42,84.46,79.25
77.69,77.69,76.66,82.60,79.66
75.66,75.66,77.69,80.78,80.12
77.59,77.59,76.24,81.48,79.33
75.61,75.61,74.65,80.04,80.33
75.09,75.09,75.46,79.64,79.94
75.62,75.62,76.04,76.87,79.17
81.18,81.18,75.48,75.76,79.39
79.19,79.19,74.95,71.88,80.75
77.22,77.22,75.85,73.35,80.12
71.19,71.19,75.63,84.79,83.37
73.83,73.83,76.39,85.36,83.96
70.62,70.62,76.55,86.33,83.50
73.07,73.07,76.98,84.83,83.44
74.08,74.08,77.27,83.69,83.61
74.60,74.60,75.51,84.84,83.51
74.37,74.37,75.45,86.66,84.09
68.97,68.97,75.31,84.47,82.03
70.84,70.84,75.59,80.32,80.74
71.69,71.69,75.14,85.23,79.40
72.75,72.75,74.79,86.77,79.84
73.52,73.52,74.41,85.65,79.31
70.08,70.08,74.27,87.42,78.97
71.25,71.25,74.30,86.67,80.53
69.50,69.50,75.27,87.21,81.55
68.16,68.16,75.22,87.08,80.80
70.28,70.28,76.47,86.89,80.70
71.22,71.22,75.61,80.57,80.86
73.27,73.27,73.35,75.82,80.66
79.95,79.95,74.15,77.09,82.01
79.89,79.89,73.74,75.27,81.65
68.96,68.96,74.33,74.71,81.05
69.40,69.40,73.74,73.94,80.20
75.64,75.64,75.24,73.67,79.23
75.84,75.84,76.10,72.40,79.76
70.34,70.34,75.81,83.09,84.75
69.95,69.95,75.87,85.37,84.72
73.56,73.56,75.09,83.74,85.75
70.17,70.17,73.90,84.37,83.72
71.75,71.75,72.97,84.59,82.78
80.54,80.54,73.09,85.73,84.49
75.66,75.66,73.18,84.31,84.34
71.54,71.54,75.09,83.75,81.79
70.84,70.84,78.84,84.03,81.93
77.43,77.43,77.29,85.31,82.74
75.46,75.46,74.96,83.42,82.57
78.62,78.62,74.13,83.74,82.20
79.66,79.66,73.36,85.08,82.80
81.14,81.14,73.70,85.45,81.95
85.04,85.04,74.13,82.80,81.76
77.39,77.39,73.89,83.54,81.39
82.86,82.86,74.99,82.09,80.59
79.45,79.45,77.27,82.12,82.63
76.20,76.20,75.27,84.98,84.45
77.44,77.44,72.38,83.71,83.98
76.74,76.74,71.52,84.81,83.54
76.65,76.65,70.81,83.30,82.59
81.19,81.19,72.36,82.51,84.35
80.78,80.78,70.13,82.97,83.10
81.19,81.19,71.21,84.16,83.56
70.80,70.80,69.69,83.48,84.73
68.95,68.95,70.87,83.18,86.57
74.07,74.07,71.99,82.12,84.05
75.83,75.83,74.00,81.99,83.83
77.03,77.03,71.03,78.46,82.54
78.11,78.11,69.52,80.23,82.18
73.00,73.00,70.01,80.67,86.03
73.70,73.70,70.29,80.89,85.87
76.17,76.17,71.47,77.72,83.77
76.23,76.23,72.20,84.12,82.43
75.85,75.85,69.40,84.13,81.73
73.81,73.81,68.78,85.05,82.79
80.79,80.79,68.07,82.85,82.52
83.21,83.21,68.01,83.13,83.58
79.19,79.19,67.63,84.36,82.94
80.08,80.08,69.15,85.36,83.07
76.63,76.63,70.01,85.09,82.05
75.33,75.33,68.66,86.74,83.15
74.05,74.05,70.61,85.82,83.76
76.66,76.66,70.82,86.96,83.08
70.96,70.96,71.54,86.16,81.70
73.15,73.15,71.41,82.36,80.42
73.33,73.33,71.36,78.29,80.67
71.88,71.88,72.82,77.13,82.12
74.60,74.60,73.32,78.56,82.57
79.62,79.62,74.32,83.89,82.67
79.88,79.88,74.18,85.67,81.01
76.81,76.81,74.06,87.27,82.56
79.68,79.68,72.56,85.31,83.52
82.98,82.98,71.73,85.42,84.00
80.65,80.65,71.84,86.67,83.60
83.40,83.40,72.30,86.83,83.56
82.41,82.41,71.87,85.36,83.29
79.44,79.44,73.78,85.81,81.95
72.52,72.52,73.64,86.33,82.86
76.15,76.15,71.39,86.35,85.12
78.22,78.22,70.21,84.86,84.97
82.57,82.57,69.97,85.16,84.76
76.56,76.56,68.25,74.17,87.11
75.51,75.51,67.23,67.71,87.13
81.05,81.05,68.23,67.23,85.23
76.63,76.63,68.71,68.75,83.25
71.72,71.72,67.69,80.68,82.83
72.80,72.80,69.72,80.37,81.60
72.01,72.01,71.09,79.87,80.64
72.69,72.69,71.19,82.04,80.61
72.95,72.95,71.06,81.71,79.13
72.59,72.59,72.17,81.10,79.69
72.69,72.69,71.06,81.75,80.04
74.94,74.94,70.47,83.08,81.73
78.52,78.52,72.31,86.13,82.79
80.03,80.03,71.04,85.43,84.81
75.72,75.72,69.82,84.79,86.60
74.33,74.33,68.61,85.80,86.30
75.81,75.81,69.84,86.71,86.04
73.89,73.89,68.31,86.02,87.58
74.02,74.02,66.88,85.72,87.25
74.68,74.68,67.67,85.89,85.87
76.08,76.08,65.85,85.96,83.67
74.32,74.32,63.60,82.34,81.44
72.88,72.88,64.56,84.25,85.72
73.83,73.83,67.09,83.64,85.02
74.88,74.88,69.52,83.89,85.54
68.51,68.51,69.52,82.67,84.79
72.23,72.23,70.86,82.03,84.32
69.80,69.80,69.74,82.13,83.47
71.66,71.66,73.15,83.23,83.05
78.51,78.51,74.62,86.49,82.72
79.26,79.26,75.30,84.75,83.13
74.19,74.19,74.75,84.34,84.73
77.64,77.64,74.04,83.93,84.38
80.75,80.75,72.48,83.70,84.44
81.13,81.13,71.44,83.83,84.85
77.39,77.39,72.14,83.93,83.29
76.64,76.64,71.99,84.16,82.56
73.64,73.64,72.30,81.13,80.73
81.22,81.22,69.95,74.56,81.99
82.46,82.46,70.76,75.37,83.46
80.30,80.30,70.07,77.86,82.68
81.32,81.32,69.22,78.44,82.55
78.99,78.99,69.16,78.54,81.70
75.54,75.54,69.77,75.64,82.26
75.31,75.31,68.65,75.55,82.34
76.91,76.91,71.29,76.38,82.67
83.07,83.07,72.16,84.84,83.43
76.29,76.29,71.34,85.00,83.59
78.07,78.07,70.63,84.97,83.07
78.53,78.53,71.18,84.86,82.73
77.07,77.07,71.31,85.53,82.22
76.48,76.48,71.52,86.37,82.59
75.61,75.61,72.38,86.22,81.54
76.44,76.44,72.28,86.60,81.50
75.20,75.20,70.87,80.35,82.17
79.22,79.22,68.76,72.43,82.05
85.47,85.47,67.30,76.45,81.38
84.67,84.67,67.74,76.62,82.53
80.26,80.26,67.28,75.92,81.18
81.25,81.25,65.94,77.63,81.38
78.14,78.14,68.17,78.46,81.55
75.23,75.23,68.33,77.83,82.47
79.41,79.41,71.63,76.39,81.80
81.71,81.71,70.83,75.04,83.46
82.53,82.53,70.08,74.51,82.55
76.29,76.29,70.24,71.93,82.32
74.98,74.98,72.01,71.94,81.67
74.70,74.70,70.86,71.62,82.65
75.28,75.28,71.37,68.16,82.79
78.52,78.52,72.24,60.61,82.39
77.88,77.88,73.50,72.73,82.64
82.61,82.61,74.45,86.24,83.47
78.60,78.60,73.91,86.33,82.71
80.71,80.71,72.87,85.57,83.63
80.55,80.55,72.28,85.15,82.55
79.28,79.28,72.82,85.56,82.37
80.17,80.17,70.41,85.76,82.53
80.72,80.72,70.87,85.54,83.99
82.17,82.17,69.71,84.80,83.34
80.93,80.93,74.45,83.70,82.62
83.26,83.26,73.99,84.21,82.16
80.91,80.91,74.45,84.20,82.65
82.26,82.26,74.28,83.89,81.93
81.38,81.38,76.05,84.32,82.46
81.61,81.61,77.14,84.63,81.66
81.13,81.13,78.09,84.31,81.80
84.56,84.56,79.73,83.31,82.06
75.49,75.49,80.67,84.04,81.81
65.02,65.02,81.18,85.25,82.17
63.33,63.33,80.79,84.18,83.52
64.81,64.81,80.39,81.26,84.11
64.69,64.69,78.57,82.39,84.40
64.24,64.24,77.37,87.19,83.20
64.84,64.84,78.34,86.09,84.27
60.59,60.59,79.42,78.36,83.60
67.10,67.10,80.05,77.03,83.47
69.30,69.30,79.07,77.15,79.89
66.83,66.83,78.98,84.19,79.41
67.54,67.54,79.42,86.18,79.28
65.88,65.88,78.82,86.35,82.07
66.18,66.18,78.96,83.97,81.68
64.15,64.15,77.91,83.32,82.53
66.80,66.80,77.98,85.20,81.57
69.46,69.46,79.74,77.86,82.56
70.20,70.20,82.58,78.69,82.16
73.16,73.16,82.60,83.98,81.89
76.10,76.10,82.39,83.92,83.62
75.01,75.01,81.56,80.79,81.48
73.38,73.38,83.04,82.08,83.58
73.87,73.87,82.61,80.95,81.98
74.51,74.51,81.79,80.88,84.18
67.54,67.54,81.56,80.28,82.73
64.99,64.99,80.75,81.39,82.54
63.48,63.48,80.88,82.48,82.70
66.56,66.56,80.44,84.03,83.34
68.09,68.09,78.26,81.46,82.03
68.10,68.10,78.60,84.88,81.87
66.07,66.07,77.54,84.48,80.67
69.61,69.61,78.29,79.92,82.76
71.11,71.11,78.09,75.40,83.34
69.63,69.63,78.44,81.15,79.97
79.05,79.05,80.34,80.83,82.72
71.42,71.42,78.94,79.25,82.47
75.42,75.42,80.59,83.24,81.18
72.54,72.54,79.63,84.76,81.61
80.48,80.48,80.83,82.53,82.85
75.47,75.47,80.58,84.66,81.51
76.87,76.87,80.49,83.23,82.17
71.17,71.17,79.82,83.89,82.37
71.91,71.91,81.26,84.96,80.94
74.20,74.20,81.44,77.77,80.18
76.50,76.50,78.30,79.30,80.41
79.23,79.23,77.19,81.95,81.38
75.68,75.68,76.55,81.45,81.01
76.66,76.66,75.93,81.20,80.38
75.72,75.72,76.75,75.92,80.81
76.52,76.52,76.81,77.01,79.95
78.54,78.54,79.40,78.34,81.74
68.62,68.62,79.81,76.42,80.81
60.50,60.50,80.76,82.50,80.97
63.10,63.10,81.21,83.83,82.57
58.99,58.99,80.63,80.74,82.64
60.78,60.78,80.56,83.48,81.01
60.92,60.92,80.69,81.51,78.47
63.22,63.22,79.94,82.07,79.13
64.89,64.89,79.43,79.94,80.09
73.13,73.13,80.43,83.08,79.79
75.91,75.91,81.00,85.83,81.64
75.92,75.92,78.78,83.33,79.79
76.87,76.87,79.65,83.30,80.25
76.48,76.48,78.58,84.75,81.58
74.60,74.60,79.00,82.76,80.41
76.75,76.75,78.97,82.47,80.81
75.80,75.80,79.18,84.57,80.40
74.60,74.60,78.53,85.14,80.65
69.84,69.84,78.68,84.78,82.54
65.45,65.45,78.07,87.94,79.58
66.98,66.98,77.56,86.90,81.66
62.93,62.93,78.58,83.94,80.22
66.65,66.65,77.95,83.50,82.09
69.09,69.09,78.55,82.71,81.99
66.69,66.69,77.95,85.10,84.17
67.83,67.83,77.83,83.71,82.74
73.74,73.74,78.20,87.23,80.44
76.05,76.05,77.98,82.13,80.49
76.72,76.72,78.07,84.87,82.68
77.51,77.51,77.56,83.55,82.32
80.56,80.56,77.72,85.50,80.91
82.76,82.76,76.12,83.40,80.51
76.12,76.12,77.53,79.77,80.70
76.21,76.21,77.78,84.68,80.16
76.46,76.46,79.86,85.43,80.30
73.85,73.85,81.54,78.93,81.49
74.23,74.23,80.50,80.77,83.03
72.58,72.58,80.78,78.42,81.90
73.70,73.70,81.39,79.98,83.30
71.25,71.25,79.83,78.69,82.42
73.55,73.55,78.97,78.79,83.15
74.37,74.37,80.01,78.37,82.06
69.89,69.89,79.60,75.32,81.10
70.77,70.77,80.29,83.39,82.81
69.94,69.94,78.80,83.47,83.16
68.03,68.03,78.99,83.27,83.86
71.60,71.60,79.16,82.10,83.51
66.53,66.53,79.43,82.52,83.45
71.02,71.02,78.71,83.90,83.39
71.06,71.06,78.30,84.05,83.02
68.79,68.79,78.45,84.17,83.84
67.18,67.18,77.00,79.32,80.32
67.20,67.20,78.04,78.47,80.81
70.63,70.63,77.87,82.06,79.65
69.10,69.10,77.30,81.23,78.46
72.39,72.39,78.21,84.62,81.02
69.25,69.25,77.51,84.46,80.31
69.18,69.18,76.99,83.64,79.12
69.42,69.42,75.90,82.14,78.86
71.35,71.35,78.08,80.64,79.78
74.26,74.26,79.29,66.86,80.40
73.80,73.80,79.02,70.95,82.87
75.91,75.91,76.91,69.72,83.67
74.87,74.87,77.69,73.91,82.97
71.90,71.90,77.86,73.62,83.65
70.58,70.58,78.48,71.71,83.09
77.13,77.13,78.24,72.45,82.25
75.72,75.72,80.16,73.27,82.75
68.34,68.34,79.40,84.66,84.44
70.80,70.80,80.47,82.67,84.75
72.75,72.75,80.15,85.97,83.32
73.77,73.77,81.01,84.17,84.25
70.69,70.69,80.56,82.53,83.37
72.46,72.46,80.56,84.44,80.92
73.62,73.62,80.21,83.96,80.76
72.23,72.23,79.06,83.03,79.13
73.31,73.31,80.36,80.15,79.89
77.92,77.92,79.40,84.36,81.92
73.25,73.25,77.44,83.72,81.24
70.64,70.64,76.53,81.46,82.50
75.61,75.61,76.98,81.02,82.33
79.96,79.96,77.35,82.48,82.53
78.13,78.13,77.84,82.49,83.58
75.99,75.99,76.57,82.89,81.11
74.79,74.79,77.03,85.03,81.42
74.10,74.10,77.74,83.80,82.26
78.51,78.51,76.66,84.45,83.49
77.09,77.09,75.35,83.39,85.58
81.12,81.12,72.73,83.52,84.64
75.85,75.85,72.53,84.66,84.59
81.98,81.98,72.39,83.45,85.88
78.34,78.34,71.66,83.29,85.39
72.03,72.03,71.42,85.69,83.54
70.78,70.78,74.28,82.65,84.24
75.46,75.46,73.96,79.21,84.84
70.21,70.21,73.68,77.80,84.15
72.73,72.73,74.91,78.98,83.83
73.58,73.58,74.44,79.04,81.69
70.69,70.69,73.95,81.77,82.19
71.94,71.94,73.83,81.79,81.09
73.61,73.61,74.63,81.94,84.26
75.94,75.94,79.68,76.72,84.56
81.36,81.36,78.81,85.53,81.91
74.63,74.63,78.73,85.63,83.45
76.26,76.26,79.01,86.25,84.73
82.72,82.72,78.32,86.64,83.18
79.93,79.93,78.37,84.15,82.84
74.00,74.00,77.71,86.26,84.28
78.46,78.46,77.45,85.80,82.88
75.10,75.10,77.16,87.11,82.45
71.47,71.47,76.61,89.01,82.33
75.23,75.23,75.66,89.57,82.69
73.61,73.61,74.58,89.55,84.07
75.35,75.35,74.31,89.82,83.50
74.44,74.44,74.01,86.32,82.49
71.93,71.93,74.90,83.15,82.55
72.68,72.68,74.09,82.51,84.91
72.60,72.60,74.84,84.13,85.60
66.59,66.59,73.14,87.52,85.52
70.58,70.58,73.75,83.43,86.55
69.02,69.02,74.62,84.79,86.19
67.75,67.75,73.57,86.11,84.62
72.17,72.17,75.88,84.29,85.72
69.92,69.92,73.96,85.11,85.07
72.62,72.62,75.84,86.27,83.02
71.90,71.90,75.22,87.06,81.71
75.50,75.50,77.49,85.88,83.40
76.08,76.08,74.91,86.24,82.70
78.23,78.23,73.18,86.46,83.16
71.50,71.50,73.46,87.63,81.72
75.26,75.26,73.47,86.01,84.25
74.43,74.43,72.05,74.38,83.59
73.22,73.22,71.53,72.50,82.51
77.70,77.70,71.80,69.20,83.94
73.94,73.94,76.29,70.37,83.80
68.01,68.01,78.61,77.73,84.87
71.20,71.20,78.50,83.88,86.05
69.54,69.54,77.39,85.27,84.68
69.08,69.08,76.26,84.93,82.87
68.60,68.60,76.62,84.17,83.62
69.47,69.47,76.19,84.19,84.73
69.97,69.97,75.90,85.34,83.42
70.50,70.50,75.66,84.20,82.80
69.46,69.46,77.61,78.12,83.49
70.36,70.36,77.52,84.23,82.89
75.26,75.26,76.82,83.90,84.48
67.73,67.73,76.99,83.39,83.00
73.40,73.40,77.00,83.24,85.52
69.79,69.79,76.14,84.71,83.67
70.41,70.41,76.20,83.83,83.31
69.87,69.87,75.80,82.86,84.84
72.44,72.44,75.65,80.16,83.19
71.17,71.17,75.41,81.48,82.40
70.17,70.17,75.66,83.23,84.02
70.35,70.35,76.44,81.13,84.84
68.55,68.55,76.38,80.64,83.14
69.95,69.95,76.89,80.51,82.13
69.75,69.75,76.74,81.54,84.74
70.76,70.76,76.35,81.20,83.88
69.17,69.17,75.46,80.74,82.60
69.89,69.89,78.63,86.52,82.54
65.15,65.15,76.68,84.35,82.63
70.37,70.37,76.81,84.37,82.75
72.08,72.08,75.94,83.35,82.75
72.71,72.71,76.41,83.21,83.16
70.84,70.84,74.49,83.31,81.06
70.63,70.63,77.06,84.18,81.97
67.84,67.84,77.61,84.37,82.88
71.56,71.56,80.89,84.01,81.25
69.53,69.53,79.88,83.14,82.75
67.17,67.17,79.33,82.28,81.78
66.02,66.02,79.28,75.78,83.15
71.30,71.30,79.75,71.87,82.15
74.00,74.00,78.04,68.18,82.12
75.00,75.00,79.54,69.00,82.47
72.73,72.73,77.18,71.85,82.61
74.43,74.43,78.24,75.20,82.07
78.87,78.87,78.22,86.77,82.11
73.36,73.36,78.37,84.94,80.04
76.25,76.25,77.21,84.51,81.90
77.63,77.63,76.86,84.13,82.16
72.64,72.64,76.52,84.55,81.74
77.23,77.23,77.02,82.97,81.04
79.18,79.18,76.78,83.27,82.55
69.32,69.32,74.93,83.47,82.26
80.24,80.24,75.79,81.07,82.08
79.53,79.53,73.54,79.61,82.74
82.88,82.88,72.81,80.14,82.48
79.89,79.89,71.51,79.92,83.45
81.81,81.81,72.79,79.43,83.36
75.81,75.81,71.03,78.08,83.07
78.07,78.07,72.57,77.19,82.93
75.78,75.78,73.74,76.16,81.98
81.53,81.53,76.24,74.16,81.66
77.24,77.24,75.80,73.35,82.56
79.49,79.49,73.91,73.80,83.25
80.31,80.31,73.37,74.59,82.84
79.59,79.59,73.18,76.03,82.80
75.50,75.50,73.70,78.25,82.60
84.26,84.26,74.54,78.81,81.94
76.47,76.47,74.76,80.19,81.92
74.92,74.92,78.65,83.20,81.75
81.46,81.46,79.50,88.84,80.14
73.10,73.10,81.35,88.15,79.28
74.39,74.39,80.01,87.48,79.88
77.63,77.63,79.44,87.08,80.48
76.58,76.58,79.17,87.11,80.06
74.91,74.91,78.59,86.80,80.10
76.57,76.57,78.78,86.65,81.02
77.52,77.52,78.38,86.26,79.97
74.45,74.45,80.28,85.81,80.87
79.57,79.57,79.68,85.24,80.40
66.77,66.77,78.51,85.35,83.00
78.17,78.17,77.86,85.28,84.28
74.32,74.32,77.17,85.39,84.16
72.70,72.70,78.63,85.70,84.49
81.43,81.43,79.45,84.76,84.07
80.89,80.89,78.66,84.37,82.56
73.98,73.98,81.62,84.86,83.74
68.18,68.18,80.59,83.13,82.59
70.42,70.42,78.96,82.02,82.68
75.87,75.87,78.70,80.93,82.65
75.27,75.27,79.59,82.88,82.90
73.79,73.79,78.43,84.84,82.82
71.81,71.81,77.16,82.45,81.97
74.25,74.25,77.87,81.36,82.28
73.78,73.78,78.28,81.80,81.58
72.63,72.63,77.98,85.35,79.74
72.89,72.89,78.85,82.91,79.87
71.58,71.58,78.91,83.27,80.46
73.29,73.29,78.15,84.51,81.34
73.92,73.92,77.64,85.11,80.98
70.86,70.86,76.22,83.18,79.49
69.24,69.24,77.49,82.59,80.91
68.05,68.05,77.19,80.64,84.59
74.15,74.15,81.68,79.68,81.09
76.77,76.77,81.79,81.86,80.69
78.83,78.83,81.27,82.91,81.54
80.48,80.48,81.75,84.47,82.63
82.36,82.36,81.99,83.13,82.25
75.37,75.37,80.77,82.56,80.95
77.90,77.90,80.65,82.70,81.63
78.09,78.09,80.57,84.22,82.54
76.48,76.48,80.18,82.69,81.73
73.63,73.63,79.26,79.76,81.46
69.90,69.90,78.68,85.02,80.71
73.50,73.50,78.89,82.84,82.56
70.28,70.28,78.80,82.67,81.56
69.49,69.49,77.17,84.36,81.43
72.98,72.98,78.19,81.62,81.17
71.29,71.29,76.80,80.64,80.88
68.56,68.56,78.32,82.13,80.04
77.48,77.48,81.55,83.03,82.32
76.08,76.08,80.13,84.74,82.24
73.36,73.36,80.16,83.07,80.15
73.93,73.93,78.96,83.03,80.51
73.65,73.65,81.17,83.27,81.38
70.85,70.85,79.87,83.36,80.57
75.37,75.37,81.07,81.07,80.02
72.74,72.74,79.99,82.49,78.96
73.11,73.11,83.20,83.50,80.63
75.67,75.67,80.61,84.15,80.83
71.17,71.17,77.83,82.32,80.78
74.63,74.63,78.85,82.11,83.11
71.07,71.07,77.46,83.82,84.27
68.28,68.28,76.80,76.99,83.15
73.82,73.82,76.95,76.96,82.21
72.91,72.91,76.59,75.31,79.60
70.47,70.47,80.07,74.86,81.02
69.61,69.61,80.85,83.40,78.73
69.70,69.70,81.27,84.62,79.12
68.54,68.54,80.64,84.20,78.61
68.96,68.96,80.83,82.47,81.76
68.01,68.01,79.96,83.39,79.59
71.37,71.37,79.74,81.82,79.73
63.11,63.11,79.70,82.83,80.20
66.75,66.75,79.14,81.46,78.50
74.25,74.25,80.37,80.57,81.36
74.34,74.34,79.06,85.30,81.43
76.59,76.59,78.82,84.74,82.03
75.62,75.62,79.56,84.36,79.16
75.18,75.18,79.64,85.48,80.78
75.62,75.62,79.88,83.82,79.51
74.56,74.56,80.36,83.76,80.18
74.63,74.63,80.13,84.12,80.02
72.20,72.20,79.07,83.94,79.45
67.78,67.78,77.63,86.58,80.17
69.64,69.64,77.39,87.92,77.46
67.59,67.59,78.17,86.88,79.70
70.80,70.80,77.90,87.14,79.46
67.13,67.13,77.10,86.79,77.86
71.74,71.74,78.14,85.30,79.95
69.41,69.41,77.93,85.61,81.81
69.95,69.95,78.94,82.46,79.21
75.35,75.35,80.60,81.98,81.40
76.13,76.13,79.23,85.67,80.06
79.11,79.11,78.45,85.23,79.63
75.26,75.26,78.57,84.51,79.94
76.84,76.84,78.31,83.73,81.23
81.78,81.78,77.18,83.86,80.32
76.16,76.16,78.47,85.38,79.83
70.62,70.62,79.63,83.76,79.17
78.81,78.81,81.25,84.32,78.63
75.49,75.49,81.56,86.05,80.03
77.81,77.81,80.17,84.00,81.38
75.46,75.46,80.14,83.20,80.05
75.38,75.38,80.22,73.18,81.07
75.96,75.96,79.75,70.72,79.72
77.05,77.05,79.59,71.63,80.54
73.84,73.84,79.73,73.99,78.39
75.92,75.92,80.58,68.02,80.28
73.30,73.30,79.99,83.24,84.67
74.66,74.66,79.85,82.94,85.14
69.35,69.35,78.24,81.41,88.03
69.66,69.66,77.70,82.01,88.27
67.48,67.48,76.60,82.53,87.83
71.06,71.06,77.25,82.46,87.14
71.93,71.93,76.17,83.78,85.31
72.08,72.08,77.21,85.30,83.52
70.03,70.03,77.86,81.80,83.13
70.27,70.27,78.70,81.81,83.88
70.46,70.46,77.34,82.73,81.92
69.84,69.84,77.80,81.08,80.43
69.90,69.90,77.17,82.18,80.76
70.19,70.19,77.99,80.24,82.40
70.38,70.38,77.61,79.80,81.99
72.47,72.47,76.48,79.68,83.06
67.15,67.15,78.07,77.98,80.28
75.96,75.96,77.82,75.53,81.42
74.99,74.99,76.73,78.83,83.11
77.73,77.73,76.13,76.40,84.50
69.34,69.34,75.02,75.39,83.66
69.56,69.56,76.36,74.32,83.97
69.99,69.99,75.77,71.41,83.65
78.67,78.67,77.19,66.27,83.70
75.07,75.07,79.75,70.46,82.33
76.72,76.72,80.34,82.50,81.79
74.45,74.45,81.31,82.78,83.18
74.57,74.57,78.94,83.69,82.47
73.98,73.98,80.52,83.98,82.64
70.73,70.73,78.78,82.43,82.18
71.28,71.28,77.33,83.38,81.48
71.79,71.79,77.70,84.74,81.09
73.65,73.65,78.77,82.89,81.91
73.10,73.10,79.68,81.68,79.49
80.19,80.19,79.58,81.58,82.61
76.69,76.69,77.94,84.61,82.62
70.64,70.64,77.64,82.77,83.41
80.23,80.23,77.00,81.82,82.51
80.50,80.50,77.11,83.81,82.86
75.73,75.73,78.18,82.69,82.88
79.22,79.22,77.36,82.85,84.82
82.94,82.94,77.42,78.86,82.67
72.01,72.01,78.21,83.02,81.78
78.11,78.11,76.28,87.56,82.42
79.42,79.42,74.98,85.95,83.03
77.70,77.70,72.36,85.87,84.66
76.38,76.38,74.12,85.95,84.66
77.98,77.98,72.74,87.32,84.74
72.79,72.79,72.60,86.94,82.82
74.83,74.83,73.53,86.02,81.21
72.08,72.08,73.88,86.40,82.41
74.58,74.58,73.79,86.28,82.97
77.27,77.27,74.63,87.32,83.89
71.57,71.57,75.12,86.77,82.30
72.22,72.22,72.94,84.71,82.34
72.37,72.37,74.42,82.63,80.63
69.43,69.43,74.17,83.28,81.88
68.24,68.24,74.53,83.88,82.46
75.67,75.67,79.12,82.74,84.42
79.16,79.16,79.03,87.04,81.71
73.88,73.88,78.65,84.78,83.61
78.03,78.03,78.57,83.72,84.20
78.75,78.75,78.24,84.37,84.19
78.08,78.08,77.62,85.25,84.44
72.75,72.75,77.19,83.90,82.81
76.62,76.62,76.57,83.59,84.46
78.66,78.66,75.37,84.37,83.30
69.02,69.02,76.46,87.30,82.96
71.95,71.95,75.31,88.24,82.02
72.88,72.88,75.74,87.88,81.39
71.18,71.18,74.90,88.99,81.29
73.74,73.74,74.49,84.98,84.16
71.56,71.56,75.72,81.62,86.89
69.26,69.26,72.80,82.36,88.65
70.67,70.67,75.63,84.27,87.56
71.54,71.54,75.24,87.92,83.74
73.19,73.19,76.37,85.89,83.70
72.73,72.73,75.14,84.92,83.05
71.21,71.21,75.76,85.72,84.30
78.47,78.47,76.63,85.35,84.57
78.42,78.42,75.02,84.47,84.95
72.20,72.20,74.57,84.65,83.90
82.23,82.23,76.57,84.60,81.77
77.73,77.73,77.06,85.29,81.39
71.43,71.43,76.73,84.60,82.58
72.93,72.93,73.37,84.26,85.98
76.96,76.96,72.35,84.67,85.31
77.84,77.84,70.12,84.12,86.18
71.29,71.29,68.28,74.45,86.10
72.44,72.44,70.06,69.75,85.93
73.72,73.72,71.89,68.03,86.53
75.46,75.46,75.35,72.15,84.08
71.57,71.57,74.56,72.65,80.01
72.93,72.93,77.87,80.19,83.13
70.63,70.63,77.64,76.69,83.55
74.41,74.41,76.29,78.79,83.24
75.18,75.18,75.81,79.52,80.94
72.78,72.78,76.83,78.60,81.18
72.82,72.82,76.70,79.18,81.35
72.72,72.72,74.39,80.63,80.20
78.05,78.05,76.42,82.45,82.17
76.02,76.02,75.44,84.19,84.36
77.41,77.41,74.10,84.81,85.29
72.96,72.96,72.19,84.97,86.34
74.92,74.92,72.38,84.03,87.30
71.36,71.36,71.35,84.63,87.35
73.57,73.57,72.44,85.92,87.62
73.02,73.02,72.84,84.63,86.00
70.32,70.32,71.38,86.60,84.27
73.01,73.01,71.82,81.37,84.14
71.78,71.78,72.04,86.29,81.86
69.33,69.33,72.72,85.66,81.70
70.11,70.11,72.93,85.11,81.44
76.33,76.33,73.58,84.24,82.53
73.25,73.25,74.07,83.71,82.83
71.70,71.70,74.46,83.09,81.58
70.86,70.86,75.86,83.62,81.30
76.94,76.94,78.28,86.50,81.87
80.01,80.01,76.67,84.01,82.63
73.13,73.13,76.17,84.97,83.61
76.84,76.84,77.31,85.00,84.10
74.57,74.57,75.23,84.66,83.28
77.85,77.85,75.72,84.77,82.99
72.60,72.60,74.92,84.96,81.85
75.66,75.66,76.87,85.83,82.68
77.40,77.40,78.89,81.99,81.87
75.08,75.08,78.21,66.40,83.08
79.99,79.99,79.07,64.86,83.25
77.37,77.37,78.55,60.19,83.04
70.04,70.04,77.60,63.43,81.65
74.37,74.37,78.86,62.98,82.35
74.43,74.43,77.59,69.50,83.07
74.55,74.55,79.00,73.10,82.07
74.99,74.99,78.72,78.99,81.46
71.37,71.37,79.15,87.29,80.08
71.46,71.46,78.48,86.33,83.39
70.72,70.72,76.78,85.16,85.79
73.91,73.91,77.54,85.16,85.59
74.42,74.42,80.05,85.76,84.31
75.44,75.44,80.14,85.94,83.02
79.35,79.35,80.87,85.41,82.80
73.34,73.34,77.69,85.90,82.49
70.18,70.18,78.07,78.80,82.79
69.67,69.67,77.58,72.48,83.54
66.91,66.91,75.77,74.29,83.68
77.66,77.66,76.02,73.34,85.09
77.37,77.37,75.14,73.72,84.62
74.55,74.55,75.40,72.60,82.99
75.44,75.44,75.61,71.68,84.31
70.85,70.85,76.85,67.97,83.92
73.75,73.75,77.55,64.40,82.83
78.47,78.47,76.99,66.58,81.66
76.30,76.30,78.08,68.04,83.03
75.36,75.36,76.61,70.16,83.88
77.63,77.63,76.95,69.56,82.75
79.93,79.93,76.95,69.51,82.96
78.52,78.52,76.21,71.23,83.09
80.39,80.39,77.15,69.29,81.83
79.89,79.89,80.01,78.17,82.25
72.43,72.43,80.49,87.42,82.69
72.45,72.45,80.83,86.14,82.91
75.41,75.41,79.54,85.56,82.40
69.28,69.28,80.23,86.87,82.35
70.93,70.93,80.33,86.93,80.68
71.94,71.94,81.07,87.05,81.35
71.80,71.80,82.17,86.19,80.47
76.18,76.18,81.05,85.82,80.62
78.69,78.69,81.10,85.69,81.67
70.17,70.17,81.32,86.49,81.72
79.69,79.69,81.73,85.76,82.26
77.70,77.70,82.24,85.58,81.61
71.20,71.20,81.40,85.94,79.75
76.80,76.80,82.60,85.48,80.51
79.19,79.19,82.70,85.41,80.71
76.43,76.43,82.93,84.81,80.24
73.29,73.29,83.04,83.93,80.50
71.87,71.87,83.64,81.23,81.48
71.85,71.85,86.00,82.22,81.40
71.71,71.71,83.52,81.46,82.83
74.26,74.26,82.23,79.00,85.40
73.07,73.07,81.02,82.58,84.97
76.28,76.28,80.38,83.42,84.10
72.80,72.80,79.12,76.88,84.68
69.92,69.92,80.35,76.35,82.87
66.33,66.33,80.13,78.78,81.48
67.21,67.21,80.11,85.09,81.71
72.11,72.11,79.48,81.89,83.98
68.03,68.03,79.89,83.49,83.15
66.00,66.00,78.64,83.69,80.85
69.12,69.12,79.48,86.15,81.35
69.25,69.25,78.99,85.64,80.82
69.89,69.89,81.16,83.67,80.53
69.29,69.29,82.50,79.23,82.72
76.63,76.63,80.98,79.73,81.66
77.80,77.80,81.05,81.85,84.27
74.28,74.28,80.14,82.87,83.45
67.22,67.22,79.69,82.16,82.77
77.88,77.88,80.64,80.09,84.09
76.05,76.05,80.38,78.80,82.07
77.07,77.07,81.08,79.84,79.97
73.56,73.56,80.24,84.23,79.58
68.39,68.39,79.59,79.69,79.43
69.65,69.65,79.50,79.99,79.64
72.41,72.41,80.23,82.15,81.22
70.84,70.84,78.67,79.71,79.78
67.83,67.83,78.11,83.52,78.56
68.35,68.35,77.68,82.06,79.84
64.81,64.81,78.32,84.40,79.41
66.52,66.52,79.66,81.35,79.84
70.09,70.09,79.87,83.48,83.65
71.56,71.56,80.96,83.71,86.67
74.27,74.27,80.76,83.89,84.81
69.45,69.45,79.47,83.70,81.91
73.42,73.42,81.66,81.78,83.72
73.96,73.96,80.91,86.31,82.71
69.48,69.48,80.42,83.92,81.70
70.57,70.57,79.71,85.36,80.35
66.23,66.23,81.15,84.16,81.17
69.83,69.83,82.16,84.61,79.42
68.86,68.86,79.58,84.29,81.48
73.36,73.36,78.55,80.68,83.04
72.49,72.49,77.17,79.01,81.47
70.92,70.92,77.63,82.60,82.86
73.78,73.78,77.89,78.92,82.87
71.11,71.11,77.23,78.45,83.26
73.42,73.42,78.21,72.54,81.51
72.34,72.34,79.04,80.82,79.92
73.50,73.50,79.17,82.21,80.33
66.97,66.97,79.87,82.00,83.74
67.53,67.53,78.60,82.99,82.82
68.03,68.03,77.43,84.06,80.83
70.30,70.30,76.99,82.62,80.20
76.04,76.04,76.78,82.74,81.85
71.44,71.44,78.08,81.90,81.02
75.12,75.12,81.82,77.43,82.27
74.92,74.92,79.83,84.17,83.64
76.04,76.04,79.76,81.29,82.98
71.82,71.82,79.06,83.64,83.36
70.32,70.32,79.52,84.52,83.56
69.23,69.23,78.20,83.48,81.01
70.14,70.14,79.44,82.61,82.84
68.75,68.75,80.33,82.76,82.52
64.75,64.75,81.21,85.36,81.29
56.87,56.87,78.44,85.05,81.90
57.59,57.59,75.46,84.82,84.28
56.75,56.75,74.14,84.83,82.65
55.97,55.97,72.47,80.44,83.26
59.14,59.14,74.12,80.88,83.51
58.04,58.04,75.10,81.13,83.83
58.90,58.90,76.31,76.19,82.15
60.59,60.59,78.92,69.18,81.94
61.00,61.00,83.93,76.68,84.64
56.63,56.63,82.05,81.80,86.06
55.63,55.63,78.90,80.82,86.88
53.86,53.86,77.50,81.65,87.16
54.63,54.63,78.03,82.25,88.08
56.16,56.16,78.46,79.71,87.91
56.70,56.70,79.01,71.70,87.59
59.84,59.84,81.62,68.39,86.84
68.15,68.15,82.31,71.88,83.36
71.40,71.40,78.77,72.96,84.45
71.80,71.80,76.24,72.85,82.39
71.39,71.39,75.27,73.76,81.42
69.29,69.29,78.60,74.85,81.60
69.24,69.24,78.74,75.96,79.37
67.90,67.90,83.28,73.49,77.98
67.13,67.13,82.50,70.69,76.18
69.77,69.77,78.86,71.42,80.21
73.31,73.31,77.39,73.64,81.88
71.03,71.03,76.32,74.59,81.48
71.57,71.57,79.96,77.56,81.78
70.61,70.61,82.71,81.49,79.54
68.33,68.33,76.64,83.32,81.80
66.79,66.79,76.07,80.51,83.10
67.89,67.89,74.15,78.93,82.75
70.37,70.37,76.75,78.81,82.21
67.02,67.02,81.85,78.41,80.09
66.76,66.76,79.50,86.06,80.41
64.26,64.26,79.78,82.31,79.85
57.61,57.61,74.80,80.61,69.59
65.59,65.59,81.85,79.09,82.00
65.65,65.65,80.11,85.15,81.70
66.26,66.26,79.48,83.78,82.57
57.74,57.74,76.89,80.20,74.40
63.79,63.79,81.63,80.20,82.10
70.79,70.79,79.91,76.21,81.14
72.49,72.49,78.87,71.42,84.62
66.83,66.83,83.57,75.69,78.05
68.00,68.00,83.79,78.25,73.83
75.35,75.35,82.18,78.60,75.50
80.79,80.79,79.01,75.12,76.07
76.01,76.01,79.14,74.13,78.39
79.42,79.42,78.98,77.37,79.01
77.99,77.99,80.36,69.08,79.45
74.33,74.33,76.28,77.84,76.71
71.33,71.33,75.70,77.07,76.21
70.07,70.07,75.55,74.63,75.49
71.93,71.93,75.54,75.95,77.21
68.17,68.17,74.30,77.62,76.06
68.69,68.69,73.96,76.19,74.88
70.22,70.22,74.51,75.32,75.66
69.73,69.73,74.95,76.52,76.60
68.63,68.63,75.55,78.20,75.44
70.19,70.19,76.44,75.43,77.78
69.30,69.30,76.88,75.29,77.89
71.95,71.95,76.29,75.87,79.87
69.82,69.82,77.98,77.70,79.09
71.83,71.83,77.86,74.61,79.87
74.41,74.41,81.03,76.14,80.99
71.19,71.19,81.47,78.37,82.46
72.38,72.38,83.35,82.85,80.50
74.10,74.10,84.56,83.63,81.01
76.49,76.49,83.50,80.76,83.27
74.18,74.18,83.34,79.84,84.02
73.11,73.11,83.23,81.41,83.92
79.33,79.33,80.23,80.31,83.63
74.27,74.27,79.70,73.80,84.24
73.12,73.12,79.24,76.40,82.71
66.25,66.25,82.17,81.33,80.16
66.59,66.59,80.44,82.72,81.89
65.61,65.61,79.91,80.35,82.99
73.15,73.15,80.82,81.83,83.41
72.91,72.91,78.35,79.92,80.77
69.35,69.35,79.86,81.62,82.16
67.66,67.66,78.80,76.44,81.30
68.12,68.12,80.76,77.95,82.34
74.78,74.78,82.30,81.00,80.75
77.50,77.50,81.49,83.37,81.36
70.40,70.40,81.00,82.31,83.83
80.36,80.36,80.08,83.15,83.24
80.76,80.76,78.33,84.48,82.01
78.52,78.52,79.09,82.18,81.84
73.84,73.84,79.92,79.19,82.42
77.02,77.02,79.82,83.39,82.29
72.78,72.78,80.01,83.35,82.35
69.36,69.36,82.61,82.42,83.27
68.89,68.89,81.16,82.57,82.98
71.22,71.22,81.02,84.90,82.23
67.54,67.54,79.22,83.82,82.37
68.37,68.37,78.24,81.32,80.27
67.05,67.05,79.42,76.65,79.23
67.32,67.32,80.77,74.70,81.24
66.57,66.57,80.29,70.30,80.32
72.19,72.19,82.32,78.41,81.48
75.02,75.02,81.39,81.75,80.84
79.80,79.80,78.82,82.77,84.98
76.41,76.41,79.22,81.51,84.58
69.86,69.86,79.59,82.41,81.29
69.24,69.24,80.30,85.06,83.69
72.12,72.12,79.27,85.43,85.46
68.17,68.17,80.18,83.82,83.41
66.13,66.13,81.27,82.80,80.52
72.33,72.33,82.71,82.90,82.78
72.97,72.97,80.50,83.32,81.48
75.16,75.16,80.07,80.84,83.25
68.00,68.00,79.42,80.57,83.04
77.92,77.92,78.52,80.53,82.26
75.81,75.81,78.08,75.93,81.19
73.25,73.25,79.90,70.25,82.12
77.26,77.26,80.47,78.30,81.20
66.53,66.53,82.36,82.34,79.24
67.21,67.21,80.92,81.90,80.89
66.65,66.65,81.65,83.96,81.45
63.71,63.71,80.34,83.92,79.83
65.33,65.33,80.05,85.40,78.74
63.56,63.56,79.83,84.01,79.71
69.13,69.13,79.61,84.72,80.78
69.66,69.66,80.53,83.57,81.12
78.34,78.34,81.79,81.70,82.46
73.40,73.40,79.80,86.18,81.63
67.88,67.88,80.17,83.30,82.50
71.16,71.16,79.53,83.29,82.46
73.63,73.63,79.20,83.41,85.31
73.36,73.36,78.65,83.77,84.58
68.44,68.44,79.14,82.35,83.36
71.14,71.14,80.70,83.62,83.79
63.55,63.55,82.02,85.57,77.68
66.54,66.54,81.77,75.26,76.00
59.81,59.81,81.24,66.54,74.52
56.58,56.58,81.91,52.01,72.20
55.27,55.27,85.61,49.79,72.79
56.48,56.48,86.25,46.71,74.57
57.61,57.61,84.01,69.55,73.22
57.33,57.33,79.28,74.02,74.00
53.05,53.05,76.25,76.54,75.01
49.65,49.65,78.31,76.47,77.98
50.35,50.35,78.10,75.70,77.72
51.95,51.95,78.88,75.87,79.95
53.16,53.16,79.37,76.88,80.48
54.03,54.03,78.97,75.20,80.37
48.12,48.12,77.53,76.65,79.66
45.19,45.19,78.54,75.20,79.15
44.25,44.25,72.03,72.72,72.25
53.30,53.30,81.22,54.49,78.19
53.31,53.31,82.21,50.50,75.93
46.33,46.33,82.36,56.34,74.20
50.09,50.09,85.90,57.31,74.35
49.16,49.16,86.85,53.07,72.39
47.15,47.15,87.77,53.76,74.88
42.70,42.70,86.67,56.41,71.80
40.60,40.60,84.30,60.19,69.93
50.73,50.73,75.84,51.57,70.84
54.59,54.59,83.17,49.27,77.66
46.90,46.90,81.37,46.77,73.26
45.14,45.14,84.31,38.57,72.61
45.90,45.90,86.98,42.51,71.78
41.19,41.19,88.40,44.46,73.78
41.76,41.76,87.77,49.89,72.04
40.72,40.72,85.02,53.95,71.34
34.47,34.47,78.73,53.83,64.13
38.25,38.25,80.98,47.09,75.48
39.38,39.38,80.07,30.25,71.74
41.19,41.19,83.33,42.18,70.20
48.93,48.93,83.88,43.24,72.42
54.58,54.58,82.42,43.50,75.98
60.94,60.94,78.88,41.59,74.10
60.31,60.31,78.66,45.27,76.19
62.42,62.42,81.08,43.31,74.13
66.77,66.77,80.32,42.90,72.35
71.33,71.33,79.77,43.70,72.77
79.81,79.81,79.82,36.46,72.67
75.96,75.96,78.85,36.72,68.83
78.02,78.02,79.39,35.39,68.68
76.27,76.27,77.87,39.88,68.44
77.09,77.09,78.49,46.87,69.18
74.35,74.35,80.06,56.47,69.59
66.88,66.88,83.46,66.77,71.28
54.29,54.29,86.97,71.14,68.02
52.89,52.89,87.16,69.52,72.41
54.60,54.60,90.34,68.66,76.30
52.67,52.67,89.23,69.01,74.95
45.81,45.81,83.90,73.40,67.07
46.40,46.40,84.76,71.98,66.28
45.24,45.24,86.32,72.58,66.32
55.04,55.04,85.40,73.04,67.81
64.39,64.39,87.01,70.07,75.51
59.51,59.51,86.47,72.09,73.45
49.26,49.26,84.36,69.50,72.03
49.57,49.57,85.66,65.03,70.63
46.44,46.44,85.70,70.54,67.47
45.07,45.07,84.41,72.04,66.59
50.65,50.65,87.44,69.20,67.27
49.44,49.44,83.63,68.20,68.00
64.26,64.26,83.47,77.18,78.05
68.10,68.10,85.03,81.10,79.75
68.62,68.62,85.69,81.55,80.85
73.63,73.63,85.55,80.66,84.05
67.67,67.67,84.44,78.17,86.08
78.26,78.26,83.32,79.53,85.11
64.85,64.85,82.39,79.45,83.96
69.55,69.55,80.40,76.74,84.51
74.07,74.07,79.83,71.40,83.54
64.90,64.90,83.11,80.03,80.57
69.49,69.49,81.52,79.07,83.19
65.26,65.26,83.45,78.56,83.66
67.63,67.63,82.03,78.55,83.13
64.36,64.36,81.57,80.63,83.35
63.61,63.61,81.59,78.26,81.57
63.48,63.48,79.98,70.58,79.60
63.56,63.56,82.82,70.85,79.83
70.73,70.73,83.66,78.21,80.97
75.11,75.11,82.52,81.40,79.51
75.55,75.55,81.41,80.15,80.70
80.22,80.22,81.38,80.66,82.51
77.27,77.27,79.76,82.60,82.88
79.97,79.97,78.82,80.06,82.60
75.41,75.41,80.15,76.34,81.58
75.28,75.28,80.27,83.09,81.27
66.08,66.08,81.35,82.56,79.00
66.99,66.99,80.37,80.02,80.31
65.93,65.93,81.79,80.12,81.90
71.92,71.92,81.49,82.86,81.01
67.77,67.77,81.43,81.98,80.76
70.02,70.02,79.85,76.22,80.95
69.71,69.71,80.15,77.06,81.22
65.01,65.01,79.90,77.26,80.64
67.04,67.04,81.80,75.57,81.14
76.43,76.43,81.47,75.43,83.70
73.06,73.06,81.31,80.01,83.65
69.16,69.16,80.73,83.68,84.56
67.22,67.22,80.49,82.05,82.98
70.03,70.03,80.56,81.23,84.23
70.37,70.37,80.50,83.53,84.21
69.40,69.40,79.47,85.17,84.20
67.22,67.22,80.71,83.33,83.10
67.44,67.44,82.82,81.40,83.32
69.13,69.13,81.73,80.19,84.33
70.51,70.51,79.64,81.18,83.07
70.29,70.29,79.00,79.21,83.08
74.27,74.27,77.57,78.53,83.00
71.36,71.36,78.15,71.06,83.47
70.86,70.86,77.85,70.59,82.02
71.59,71.59,79.95,69.20,80.64
72.15,72.15,80.38,77.03,80.61
65.74,65.74,81.89,76.46,78.77
60.60,60.60,81.57,80.08,80.34
65.21,65.21,81.05,77.64,80.55
67.27,67.27,80.75,77.83,82.26
66.96,66.96,80.32,75.82,81.77
68.81,68.81,79.30,77.04,79.29
67.98,67.98,79.81,77.58,81.35
63.10,63.10,80.76,76.36,80.86
70.29,70.29,81.44,80.34,82.12
71.99,71.99,80.44,83.74,82.08
67.01,67.01,79.52,83.80,81.97
67.10,67.10,80.97,82.51,82.18
71.39,71.39,81.33,82.39,82.41
71.23,71.23,81.35,82.70,82.00
71.30,71.30,80.31,80.22,81.93
68.14,68.14,81.83,82.32,83.38
63.47,63.47,82.23,84.33,80.41
58.76,58.76,79.14,77.79,84.86
58.34,58.34,78.88,74.98,81.55
59.61,59.61,78.68,71.47,79.09
57.77,57.77,76.88,71.34,78.02
54.24,54.24,73.97,73.90,75.94
46.83,46.83,72.04,72.96,75.11
47.64,47.64,64.06,73.28,66.63
56.35,56.35,74.51,74.79,71.04
61.37,61.37,84.21,74.02,78.43
62.16,62.16,80.93,66.64,79.63
60.10,60.10,83.53,69.45,78.58
56.81,56.81,78.23,68.43,76.34
59.72,59.72,78.45,70.33,74.24
59.42,59.42,77.22,70.30,71.96
48.44,48.44,71.82,69.25,64.98
43.83,43.83,73.31,72.50,63.26
57.75,57.75,82.52,70.61,77.81
54.95,54.95,80.31,60.25,78.02
57.34,57.34,77.44,64.50,78.75
57.98,57.98,76.70,70.55,77.70
58.25,58.25,77.00,69.47,80.46
56.54,56.54,75.91,68.96,75.89
56.44,56.44,75.16,72.35,75.44
56.43,56.43,76.10,73.53,74.97
58.02,58.02,80.56,71.90,75.19
62.18,62.18,80.94,68.43,76.99
62.65,62.65,78.36,71.41,77.56
59.11,59.11,76.87,71.36,77.28
59.26,59.26,77.26,70.30,76.99
61.35,61.35,75.92,73.72,78.63
60.14,60.14,76.84,76.74,79.95
57.04,57.04,75.58,80.43,78.91
55.79,55.79,78.26,77.65,80.63
55.08,55.08,83.84,79.64,81.91
50.21,50.21,84.84,83.69,82.14
47.51,47.51,81.58,80.04,86.85
47.50,47.50,77.94,83.33,86.42
56.54,56.54,82.92,76.08,86.08
61.88,61.88,82.58,84.83,81.25
57.64,57.64,83.68,83.08,79.26
57.79,57.79,83.33,79.93,81.75
66.42,66.42,82.22,73.12,85.75
72.79,72.79,80.63,64.08,84.52
68.27,68.27,82.07,66.26,81.17
54.72,54.72,83.29,67.49,79.12
65.38,65.38,82.11,71.05,82.53
69.38,69.38,84.46,71.27,83.07
64.04,64.04,85.20,74.09,83.60
61.95,61.95,78.90,71.36,81.67
60.43,60.43,82.86,69.90,80.01
63.61,63.61,83.13,68.63,81.54
74.03,74.03,82.38,71.72,82.48
66.36,66.36,84.15,69.95,84.52
65.29,65.29,81.50,69.08,84.10
75.71,75.71,80.22,70.10,85.70
73.31,73.31,79.74,76.12,81.44
72.49,72.49,78.61,73.71,81.34
71.80,71.80,78.85,71.76,82.70
79.85,79.85,79.20,69.27,83.67
79.63,79.63,82.62,69.07,82.59
78.60,78.60,84.72,73.04,82.83
76.78,76.78,85.87,65.16,83.23
78.74,78.74,88.13,69.43,80.88
78.66,78.66,88.59,59.94,78.83
62.32,62.32,86.76,61.62,72.53
56.35,56.35,83.25,63.25,71.46
71.89,71.89,80.63,80.36,79.25
74.23,74.23,81.81,84.42,83.36
75.38,75.38,82.27,83.69,82.70
76.00,76.00,79.75,75.89,83.66
74.24,74.24,79.09,77.46,84.54
73.07,73.07,77.48,78.39,84.93
75.14,75.14,80.51,81.85,86.01
69.68,69.68,80.48,83.26,84.83
72.71,72.71,79.66,85.25,83.94
70.38,70.38,79.78,84.72,85.27
73.55,73.55,79.84,84.57,85.79
71.55,71.55,78.21,85.99,83.79
72.90,72.90,77.71,86.17,83.44
70.12,70.12,77.30,81.02,82.92
69.49,69.49,76.84,82.73,84.80
67.89,67.89,76.68,85.02,85.66
69.55,69.55,76.35,84.04,83.55
75.96,75.96,79.16,84.54,84.09
71.74,71.74,78.07,82.71,83.52
78.81,78.81,78.23,80.42,84.23
78.93,78.93,77.18,83.24,85.35
82.30,82.30,77.29,83.17,83.64
82.77,82.77,77.06,83.48,85.04
78.63,78.63,76.89,84.47,85.32
77.00,77.00,79.03,85.23,85.36
76.74,76.74,76.23,84.28,84.57
72.36,72.36,76.32,83.31,85.19
69.72,69.72,78.29,83.20,83.44
70.61,70.61,77.65,85.94,85.18
75.05,75.05,76.84,83.32,83.11
73.84,73.84,76.23,80.59,83.37
72.34,72.34,77.60,80.68,82.04
68.71,68.71,77.66,83.60,83.71
75.88,75.88,78.73,82.52,85.58
79.65,79.65,82.32,82.40,82.15
78.53,78.53,81.38,83.91,83.44
79.12,79.12,81.71,81.37,82.03
82.96,82.96,78.71,74.48,82.32
84.66,84.66,77.88,76.96,82.04
78.97,78.97,79.58,79.77,82.79
79.47,79.47,82.55,83.19,83.17
83.82,83.82,80.25,82.70,83.69
77.37,77.37,80.46,83.21,81.39
77.29,77.29,79.83,81.74,84.62
80.81,80.81,79.36,82.77,84.79
79.99,79.99,78.19,82.32,84.12
74.30,74.30,77.22,80.89,85.41
76.55,76.55,77.55,78.69,85.15
76.04,76.04,77.92,78.37,84.55
79.24,79.24,77.27,78.51,83.85
73.76,73.76,76.83,78.85,81.87
72.14,72.14,77.19,82.75,86.37
75.71,75.71,77.46,82.28,87.75
74.66,74.66,77.09,81.32,84.57
71.46,71.46,76.22,80.47,83.14
70.81,70.81,75.30,81.72,82.65
69.61,69.61,76.05,80.92,84.21
75.72,75.72,75.82,79.29,84.71
76.35,76.35,77.07,80.11,86.29
74.93,74.93,77.70,85.89,83.05
74.24,74.24,76.67,85.05,86.38
75.12,75.12,75.36,83.30,85.89
75.42,75.42,75.65,84.48,87.60
72.95,72.95,74.42,87.19,85.68
73.85,73.85,74.48,85.97,83.37
74.09,74.09,75.91,84.54,83.28
73.65,73.65,76.65,84.33,82.21
74.41,74.41,80.20,81.11,80.61
74.29,74.29,80.65,78.76,83.70
73.09,73.09,80.94,84.68,81.85
74.69,74.69,79.55,83.21,80.89
72.54,72.54,78.03,80.61,81.79
73.42,73.42,81.08,83.26,80.33
72.30,72.30,82.73,85.21,80.35
75.22,75.22,79.78,85.23,82.54
75.77,75.77,80.31,82.59,85.89
78.81,78.81,79.45,80.93,83.00
78.40,78.40,80.03,84.56,80.40
74.93,74.93,80.49,85.15,81.70
76.68,76.68,78.11,86.08,81.79
81.16,81.16,78.57,85.92,81.87
78.66,78.66,78.15,86.46,82.02
75.34,75.34,79.35,87.88,82.13
78.47,78.47,79.33,86.30,80.67
77.86,77.86,82.32,82.04,79.19
81.11,81.11,82.40,69.44,81.77
81.02,81.02,80.62,78.64,81.26
78.63,78.63,80.19,84.15,80.18
79.42,79.42,80.55,80.62,80.62
74.64,74.64,81.70,75.31,80.43
77.72,77.72,82.02,77.88,82.04
81.40,81.40,80.78,78.64,81.58
80.31,80.31,79.29,83.00,82.17
87.58,87.58,77.44,85.48,81.43
79.36,79.36,78.50,85.49,81.91
75.96,75.96,77.93,85.98,82.77
83.25,83.25,76.78,85.65,83.17
81.09,81.09,77.94,84.26,82.48
79.84,79.84,77.71,85.59,83.14
79.04,79.04,76.75,85.91,81.15
77.30,77.30,78.39,82.70,80.59
77.19,77.19,81.33,73.34,80.55
79.27,79.27,81.28,73.40,82.66
78.28,78.28,79.37,80.54,84.08
76.15,76.15,79.47,76.73,83.18
74.41,74.41,81.21,74.99,83.33
74.65,74.65,82.92,74.10,81.45
78.00,78.00,82.41,72.06,83.48
77.23,77.23,80.44,74.89,83.43
77.81,77.81,79.66,75.25,83.45
78.55,78.55,78.48,73.49,83.00
81.67,81.67,78.17,71.86,84.44
79.69,79.69,77.49,72.34,84.18
81.59,81.59,77.57,73.29,83.89
80.00,80.00,78.59,75.53,81.96
79.34,79.34,77.56,74.32,82.10
73.36,73.36,75.67,76.11,82.42
70.85,70.85,79.04,82.40,80.11
78.36,78.36,81.91,85.80,81.45
76.58,76.58,82.26,85.34,81.35
76.10,76.10,80.43,89.32,79.46
76.60,76.60,79.70,88.30,80.00
78.20,78.20,80.01,85.37,81.70
80.34,80.34,80.80,83.32,82.24
72.10,72.10,80.94,83.15,82.06
77.91,77.91,79.00,83.15,83.82
80.78,80.78,77.81,83.34,80.83
73.74,73.74,79.20,85.06,81.58
77.48,77.48,79.17,85.26,82.05
77.50,77.50,78.48,85.00,80.76
81.64,81.64,78.69,85.72,80.44
77.43,77.43,79.04,85.68,82.22
74.30,74.30,79.27,85.68,80.80
77.42,77.42,77.32,85.64,79.81
77.52,77.52,82.75,79.81,81.66
80.01,80.01,83.33,63.57,82.10
78.33,78.33,83.18,71.40,81.14
77.28,77.28,82.60,74.92,82.13
83.58,83.58,82.09,67.09,82.00
79.17,79.17,82.08,61.32,81.83
77.66,77.66,84.78,59.94,81.41
77.38,77.38,87.30,58.74,78.90
77.89,77.89,85.26,68.87,80.19
82.63,82.63,82.77,76.49,82.05
78.83,78.83,83.29,80.55,81.36
78.43,78.43,82.55,81.56,80.85
81.95,81.95,82.02,80.82,81.42
79.34,79.34,82.65,78.95,83.13
72.75,72.75,84.15,80.61,82.29
74.85,74.85,85.85,79.29,83.75
70.21,70.21,86.05,79.44,80.27
77.41,77.41,82.51,71.95,82.72
78.79,78.79,83.14,61.16,81.93
77.24,77.24,83.18,72.63,82.95
76.46,76.46,83.23,70.59,82.21
78.34,78.34,81.70,60.75,81.56
78.70,78.70,83.85,65.28,80.58
82.09,82.09,85.47,64.38,80.90
74.80,74.80,84.99,59.83,81.70
73.36,73.36,85.81,65.33,84.20
78.58,78.58,83.71,65.42,83.44
76.66,76.66,83.25,64.71,83.76
76.99,76.99,82.60,67.21,83.77
77.34,77.34,82.78,73.79,80.09
76.15,76.15,81.93,72.52,81.01
71.45,71.45,84.77,75.51,84.89
68.12,68.12,86.17,74.37,85.20
73.27,73.27,84.30,73.43,84.71
78.92,78.92,83.29,67.56,83.90
79.24,79.24,83.62,63.09,83.82
73.61,73.61,83.03,63.08,82.79
79.20,79.20,82.70,61.73,81.54
80.17,80.17,83.45,54.00,80.26
73.80,73.80,83.78,61.25,79.59
74.85,74.85,87.49,60.26,78.19
78.88,78.88,87.76,59.06,79.28
83.11,83.11,83.58,57.28,79.51
79.18,79.18,82.73,58.82,81.86
82.07,82.07,83.70,65.38,82.64
78.69,78.69,83.10,67.73,82.75
78.42,78.42,82.30,57.38,82.94
76.61,76.61,83.08,62.72,82.04
76.77,76.77,86.47,65.45,80.40
73.02,73.02,87.74,65.48,82.60
74.07,74.07,86.84,72.09,80.72
80.04,80.04,83.46,77.22,83.13
79.82,79.82,82.16,79.25,81.66
75.83,75.83,85.15,82.69,82.53
80.53,80.53,81.95,80.07,83.11
81.83,81.83,84.11,81.55,82.20
72.27,72.27,84.99,80.70,82.63
67.15,67.15,86.71,82.29,79.88
73.53,73.53,86.69,78.98,80.29
83.63,83.63,82.09,72.48,83.11
79.19,79.19,81.37,66.25,83.36
80.04,80.04,81.91,70.28,84.97
79.87,79.87,82.63,65.27,85.93
78.45,78.45,81.61,52.03,85.93
75.78,75.78,82.87,62.39,85.77
72.23,72.23,87.05,62.42,82.00
72.36,72.36,87.42,59.62,80.27
77.68,77.68,84.17,60.99,79.37
75.85,75.85,83.69,67.61,82.98
77.71,77.71,81.73,70.75,82.37
75.60,75.60,82.82,75.50,83.79
82.47,82.47,81.28,73.65,84.07
80.38,80.38,81.75,77.92,84.42
72.41,72.41,84.67,77.13,82.77
69.49,69.49,85.86,78.87,81.96
72.80,72.80,84.77,74.24,80.33
82.30,82.30,80.10,66.65,83.94
82.11,82.11,80.34,66.28,84.58
77.68,77.68,81.25,67.69,82.53
81.18,81.18,80.29,62.58,83.40
82.15,82.15,80.59,61.29,82.83
76.98,76.98,83.60,61.39,82.58
75.46,75.46,86.07,67.32,80.09
75.69,75.69,87.14,66.30,80.60
78.23,78.23,84.69,62.28,80.80
77.40,77.40,82.14,58.50,82.35
74.65,74.65,84.38,58.47,81.46
76.04,76.04,84.84,64.20,83.77
78.74,78.74,84.31,55.95,84.21
76.56,76.56,83.72,58.98,83.70
70.02,70.02,84.73,58.60,83.18
73.07,73.07,86.46,62.59,81.06
73.48,73.48,88.33,59.38,81.76
74.60,74.60,86.12,60.56,82.62
75.94,75.94,83.56,58.96,82.94
77.16,77.16,82.94,62.10,82.84
79.17,79.17,81.76,56.65,83.46
79.77,79.77,81.94,58.49,83.21
74.47,74.47,85.20,61.49,81.17
78.53,78.53,87.72,57.43,81.41
79.09,79.09,86.74,59.24,81.24
83.26,83.26,81.21,58.78,83.57
78.46,78.46,83.14,59.88,82.54
75.10,75.10,80.78,56.38,84.77
78.87,78.87,82.57,63.37,83.47
78.35,78.35,83.13,69.25,83.96
74.53,74.53,82.40,68.08,82.49
71.36,71.36,86.61,69.84,82.74
73.39,73.39,86.35,66.64,81.43
78.64,78.64,84.37,65.21,81.80
76.03,76.03,84.86,62.79,82.86
79.70,79.70,84.20,58.79,83.86
79.00,79.00,83.76,59.46,82.66
81.04,81.04,80.63,58.29,82.82
80.72,80.72,83.90,60.26,80.96
73.78,73.78,85.87,60.72,81.23
74.67,74.67,86.76,61.74,81.71
74.95,74.95,85.91,62.10,82.52
77.96,77.96,84.68,56.55,84.65
80.17,80.17,82.27,54.96,82.77
77.06,77.06,84.34,54.14,82.75
80.54,80.54,82.48,62.29,84.40
80.94,80.94,82.18,63.65,82.67
76.14,76.14,85.44,63.53,78.98
76.55,76.55,87.33,61.02,79.54
77.04,77.04,87.89,59.07,80.04
78.84,78.84,84.49,60.88,81.42
80.14,80.14,84.46,60.52,82.60
81.07,81.07,85.05,62.57,83.60
78.55,78.55,84.30,65.98,80.33
85.27,85.27,79.94,66.44,84.43
81.22,81.22,83.02,67.54,82.64
79.90,79.90,87.88,65.01,82.85
79.23,79.23,86.80,62.67,82.17
83.46,83.46,83.54,55.01,83.70
77.84,77.84,83.76,53.99,81.69
81.18,81.18,83.69,55.64,83.29
78.44,78.44,84.54,57.34,83.22
79.70,79.70,82.61,57.36,82.22
78.82,78.82,81.64,59.61,81.01
76.85,76.85,87.09,61.12,82.16
73.88,73.88,88.88,56.99,80.98
73.81,73.81,86.78,57.99,79.38
77.46,77.46,84.13,62.16,82.38
79.13,79.13,83.68,64.39,82.16
76.60,76.60,85.34,69.30,82.79
77.54,77.54,82.44,69.08,83.54
79.61,79.61,82.61,72.26,82.61
70.55,70.55,84.66,72.63,82.90
68.27,68.27,87.13,74.43,80.13
70.30,70.30,88.49,70.64,79.52
78.21,78.21,84.43,65.58,81.07
83.96,83.96,81.97,54.67,82.87
78.49,78.49,83.21,57.35,81.88
77.00,77.00,84.47,59.01,80.58
82.07,82.07,80.92,56.24,82.32
81.66,81.66,83.90,61.16,80.72
74.14,74.14,86.40,65.14,80.52
74.84,74.84,88.04,64.03,80.73
76.72,76.72,85.36,60.54,81.98
81.79,81.79,84.71,56.78,83.64
77.77,77.77,84.99,62.95,85.49
79.10,79.10,84.75,67.43,85.35
79.95,79.95,82.61,67.81,83.66
77.99,77.99,83.32,70.25,83.12
70.90,70.90,85.97,67.82,80.90
69.52,69.52,89.00,67.66,79.43
74.94,74.94,86.11,63.89,81.88
79.18,79.18,81.23,57.97,83.02
74.56,74.56,84.01,56.84,81.57
77.34,77.34,83.05,56.56,84.48
76.27,76.27,83.96,60.33,83.07
77.78,77.78,81.62,59.10,84.42
74.70,74.70,83.88,60.44,83.49
70.54,70.54,87.32,58.17,81.22
78.85,78.85,88.26,56.99,82.74
75.01,75.01,85.35,52.75,81.78
81.70,81.70,83.31,56.94,83.04
81.23,81.23,84.11,54.23,83.85
80.07,80.07,83.09,54.39,83.07
77.48,77.48,82.53,57.06,82.49
76.86,76.86,83.44,60.49,81.25
75.41,75.41,87.15,57.25,79.20
76.88,76.88,88.77,55.60,78.52
72.82,72.82,88.14,57.41,79.69
75.14,75.14,86.40,61.22,82.25
76.64,76.64,84.07,61.01,81.57
76.00,76.00,86.49,62.91,83.10
76.97,76.97,85.34,67.16,81.94
74.88,74.88,86.89,68.60,80.66
72.47,72.47,85.42,70.61,79.67
69.95,69.95,85.69,67.98,78.18
72.75,72.75,86.41,66.70,80.62
79.40,79.40,83.86,61.40,83.31
78.34,78.34,84.35,56.95,82.71
77.99,77.99,83.45,58.22,83.15
81.89,81.89,83.29,59.28,82.01
77.25,77.25,83.65,60.08,81.70
76.49,76.49,83.75,57.70,79.93
75.43,75.43,88.02,55.86,78.68
75.46,75.46,88.13,60.42,78.83
72.13,72.13,86.67,61.39,79.71
78.55,78.55,85.93,61.04,80.26
77.00,77.00,84.43,59.68,81.74
74.95,74.95,82.99,64.41,81.35
77.10,77.10,86.13,66.51,83.77
73.07,73.07,82.80,68.20,83.28
68.27,68.27,86.74,67.62,82.13
68.13,68.13,86.79,65.35,80.59
69.13,69.13,85.39,62.21,78.80
79.15,79.15,83.52,57.28,81.09
76.30,76.30,84.33,61.21,80.63
77.88,77.88,85.05,58.84,82.63
79.32,79.32,84.41,63.31,81.42
79.08,79.08,82.02,66.27,81.20
76.87,76.87,85.03,62.67,80.53
71.53,71.53,87.42,62.56,78.68
74.69,74.69,88.27,63.08,79.00
77.38,77.38,86.90,62.41,80.91
77.65,77.65,85.86,61.16,80.67
77.67,77.67,84.72,60.73,80.82
73.24,73.24,86.16,64.71,81.97
78.62,78.62,83.23,63.32,81.18
71.10,71.10,82.92,61.58,80.32
73.19,73.19,87.39,58.68,79.45
71.62,71.62,88.28,56.65,79.42
73.91,73.91,85.87,58.92,82.01
80.03,80.03,85.95,61.89,81.31
78.68,78.68,84.27,61.65,81.96
79.09,79.09,85.01,62.80,81.71
76.30,76.30,83.92,66.39,79.96
76.12,76.12,82.60,62.02,80.36
73.46,73.46,87.57,61.47,80.14
73.96,73.96,89.71,58.91,78.75
71.94,71.94,88.51,56.95,79.56
76.72,76.72,87.55,55.56,80.42
79.70,79.70,86.81,59.99,82.19
77.58,77.58,85.07,58.17,83.11
73.72,73.72,88.03,62.17,80.69
79.43,79.43,81.44,59.64,81.87
70.82,70.82,85.23,62.31,80.57
67.91,67.91,86.19,59.56,79.27
70.88,70.88,87.16,60.19,79.17
74.39,74.39,86.71,54.71,80.58
76.99,76.99,85.84,58.09,82.21
75.95,75.95,85.88,56.56,83.65
76.08,76.08,86.60,60.41,82.72
79.35,79.35,82.01,55.72,83.23
72.12,72.12,84.05,55.94,82.12
72.67,72.67,86.68,55.38,82.07
68.51,68.51,87.87,53.51,80.57
73.22,73.22,87.08,46.10,80.07
80.22,80.22,85.44,53.00,81.05
73.38,73.38,87.04,55.42,80.08
76.86,76.86,85.85,56.50,80.24
76.67,76.67,85.67,55.11,81.14
79.11,79.11,83.94,63.49,80.79
75.88,75.88,86.23,62.55,80.13
73.80,73.80,89.34,63.17,81.08
78.29,78.29,87.88,59.56,79.29
78.83,78.83,85.85,55.72,80.50
75.62,75.62,85.66,56.68,80.09
77.44,77.44,83.70,57.02,83.32
78.62,78.62,83.34,56.11,82.98
81.46,81.46,83.88,53.69,82.78
72.01,72.01,84.77,56.86,81.20
78.92,78.92,88.60,57.08,83.53
73.63,73.63,89.36,56.01,78.88
76.74,76.74,85.55,50.79,79.69
76.07,76.07,85.31,49.95,79.66
75.94,75.94,88.10,53.92,80.66
77.61,77.61,85.24,54.99,81.77
75.81,75.81,83.70,49.60,81.52
80.15,80.15,82.76,46.32,82.95
74.48,74.48,84.07,56.09,83.18
76.86,76.86,85.07,56.94,82.08
78.55,78.55,83.30,43.32,82.21
76.72,76.72,86.34,50.42,82.00
75.08,75.08,86.16,56.61,82.67
74.87,74.87,85.11,56.00,80.22
74.38,74.38,87.67,58.73,81.39
74.60,74.60,88.02,54.11,81.19
71.68,71.68,88.40,53.27,80.54
70.89,70.89,87.26,57.64,80.18
74.86,74.86,87.83,58.12,80.51
77.89,77.89,86.50,52.65,80.89
80.49,80.49,86.14,51.51,81.35
76.18,76.18,85.43,57.66,80.90
78.58,78.58,85.33,54.88,80.51
79.49,79.49,84.21,46.63,79.24
80.00,80.00,85.58,49.85,79.69
77.27,77.27,85.65,56.52,79.93
76.89,76.89,85.70,55.89,79.19
77.01,77.01,86.12,49.91,79.59
77.99,77.99,87.07,52.65,80.58
75.84,75.84,86.31,54.66,79.63
76.54,76.54,87.43,55.69,78.42
76.65,76.65,85.94,50.95,78.61
76.02,76.02,86.25,58.56,79.88
75.22,75.22,83.38,52.88,80.02
74.39,74.39,83.60,54.42,79.37
77.30,77.30,86.04,54.97,78.68
78.00,78.00,85.54,50.03,79.98
79.55,79.55,84.47,50.83,81.82
76.69,76.69,85.93,55.81,79.39
77.25,77.25,84.51,46.98,79.45
80.95,80.95,84.41,45.90,80.43
78.61,78.61,86.16,49.25,80.83
77.70,77.70,85.63,52.05,80.71
79.07,79.07,84.81,47.87,81.59
80.30,80.30,85.94,50.49,82.26
77.28,77.28,85.33,50.82,80.42
76.25,76.25,90.39,51.99,79.84
77.81,77.81,88.52,49.37,80.66
79.24,79.24,87.63,51.96,79.32
77.35,77.35,87.06,50.34,79.45
78.77,78.77,87.48,44.99,78.73
78.48,78.48,84.71,48.88,79.00
80.56,80.56,85.20,47.96,76.93
76.58,76.58,87.32,54.57,80.05
73.44,73.44,87.28,56.63,78.46
75.63,75.63,86.73,55.07,77.21
78.49,78.49,87.48,55.22,79.05
76.70,76.70,85.66,53.05,79.28
76.26,76.26,88.45,58.95,78.78
76.09,76.09,89.57,58.29,80.47
77.33,77.33,85.92,57.69,77.42
78.75,78.75,86.06,51.49,79.79
76.67,76.67,86.26,52.69,81.67
75.13,75.13,84.94,56.73,79.33
76.65,76.65,85.05,51.34,79.60
77.16,77.16,85.48,46.90,79.09
77.62,77.62,86.92,54.14,80.15
77.22,77.22,85.54,59.72,80.75
77.10,77.10,86.51,57.29,79.66
80.05,80.05,84.98,55.61,80.64
77.59,77.59,87.03,62.56,79.64
76.73,76.73,88.14,62.62,78.37
76.49,76.49,88.86,62.94,77.80
77.73,77.73,84.71,61.69,78.20
78.34,78.34,86.97,57.75,78.74
73.87,73.87,86.90,61.91,79.69
76.65,76.65,87.19,61.41,80.32
79.25,79.25,84.04,60.73,78.95
78.22,78.22,86.48,53.87,80.14
77.36,77.36,84.91,58.71,78.95
76.61,76.61,87.19,60.95,78.04
79.87,79.87,84.36,56.97,79.07
79.54,79.54,83.71,52.92,79.86
78.33,78.33,84.62,53.76,81.24
76.81,76.81,84.83,56.26,79.50
76.31,76.31,86.94,51.88,76.50
79.17,79.17,85.93,47.93,78.79
74.21,74.21,86.12,49.86,80.64
73.70,73.70,85.73,53.33,80.23
76.53,76.53,85.48,52.23,78.77
76.90,76.90,86.98,49.38,80.41
74.27,74.27,86.18,51.52,80.87
73.60,73.60,89.42,53.81,78.70
73.54,73.54,87.42,57.33,78.34
75.79,75.79,85.73,51.61,80.13
74.51,74.51,86.16,52.79,80.30
74.26,74.26,86.70,59.81,81.34
76.12,76.12,87.11,59.37,80.86
78.41,78.41,83.48,57.39,82.05
78.31,78.31,85.01,53.73,77.94
76.57,76.57,85.33,58.29,78.40
76.05,76.05,86.78,60.85,78.34
76.81,76.81,84.30,56.47,77.27
77.68,77.68,87.20,57.82,78.32
75.23,75.23,87.59,61.36,78.64
76.05,76.05,89.69,61.36,77.30
77.33,77.33,86.89,60.94,77.30
76.54,76.54,87.86,57.81,77.30
72.78,72.78,86.29,58.88,77.70
74.59,74.59,89.21,59.30,78.27
75.10,75.10,85.47,54.03,78.76
74.45,74.45,87.34,53.76,80.29
71.34,71.34,85.65,50.57,80.05
71.37,71.37,88.90,53.21,80.26
72.21,72.21,86.57,54.86,79.66
74.90,74.90,85.30,53.16,79.99
73.36,73.36,87.06,48.41,80.10
72.10,72.10,87.75,49.42,78.93
72.64,72.64,85.46,55.80,79.43
76.85,76.85,85.47,53.63,78.41
74.78,74.78,87.38,53.47,79.68
74.26,74.26,86.55,46.74,78.65
74.29,74.29,86.62,54.19,79.04
76.53,76.53,85.36,51.42,79.75
74.85,74.85,85.51,49.32,78.52
74.29,74.29,86.76,45.29,80.75
74.10,74.10,87.17,51.45,81.30
75.18,75.18,85.47,50.02,78.99
75.88,75.88,85.72,43.19,80.11
73.72,73.72,85.91,46.44,79.38
76.22,76.22,86.19,53.86,80.98
74.00,74.00,85.11,53.50,81.86
77.90,77.90,85.39,46.39,82.31
76.02,76.02,84.85,45.91,84.40
74.92,74.92,84.95,52.00,82.00
75.84,75.84,85.85,50.01,80.33
76.24,76.24,85.11,51.26,81.59
74.30,74.30,86.12,49.73,83.05
72.84,72.84,86.53,55.92,80.32
76.30,76.30,85.36,53.20,82.33
72.42,72.42,85.20,52.56,80.86
76.45,76.45,86.12,55.06,81.48
74.72,74.72,85.34,56.55,79.79
74.08,74.08,85.83,53.31,80.15
76.24,76.24,84.39,57.86,80.79
74.44,74.44,86.46,57.63,79.67
74.77,74.77,84.96,52.41,79.02
75.73,75.73,86.14,54.61,81.32
73.53,73.53,87.08,55.46,80.98
74.27,74.27,85.40,47.79,81.57
71.83,71.83,87.32,58.36,79.35
73.67,73.67,84.10,55.61,80.83
75.30,75.30,84.95,51.54,79.49
76.56,76.56,84.55,55.39,79.98
74.86,74.86,84.21,55.33,80.75
75.22,75.22,85.50,50.60,80.09
79.26,79.26,84.83,55.46,82.42
80.05,80.05,83.77,55.62,81.83
79.83,79.83,84.43,47.81,80.86
76.17,76.17,84.64,51.46,80.97
81.63,81.63,83.53,59.95,82.56
78.10,78.10,85.13,56.39,82.18
77.04,77.04,85.61,47.99,80.79
76.07,76.07,84.31,55.06,79.88
72.85,72.85,85.19,55.72,78.49
75.04,75.04,85.62,56.72,79.17
73.48,73.48,86.38,48.53,81.54
76.19,76.19,84.38,50.37,81.88
75.93,75.93,85.35,49.26,81.46
77.17,77.17,84.34,53.44,81.05
81.42,81.42,84.31,51.72,84.21
82.68,82.68,83.03,57.08,82.58
78.38,78.38,85.68,56.44,82.32
78.23,78.23,84.93,42.45,81.07
77.45,77.45,84.70,52.60,81.91
79.76,79.76,84.54,54.70,85.07
78.51,78.51,85.00,49.45,83.10
77.13,77.13,83.52,51.41,81.51
76.43,76.43,85.63,50.31,83.11
77.32,77.32,85.30,42.47,83.01
73.54,73.54,84.85,48.36,82.42
73.92,73.92,84.98,50.69,80.86
75.03,75.03,85.30,51.62,82.19
73.99,73.99,85.31,47.61,80.53
73.99,73.99,85.43,50.57,79.15
73.66,73.66,85.72,47.94,82.33
76.15,76.15,84.44,44.33,81.75
74.54,74.54,84.97,46.56,81.41
74.92,74.92,84.92,52.23,80.70
73.91,73.91,84.67,47.94,80.06
76.11,76.11,84.57,55.07,81.43
73.46,73.46,85.62,52.12,83.52
73.80,73.80,84.91,47.81,79.22
75.27,75.27,84.92,52.73,81.21
73.81,73.81,85.75,60.18,79.25
70.94,70.94,85.85,56.71,78.88
73.84,73.84,86.50,56.11,79.06
68.74,68.74,86.86,59.00,79.34
71.21,71.21,85.33,55.85,79.66
72.56,72.56,86.72,55.32,78.97
73.55,73.55,85.66,51.63,79.98
69.47,69.47,86.12,50.46,78.63
69.71,69.71,84.86,52.19,78.18
60.67,60.67,88.11,51.33,76.12
54.15,54.15,88.91,44.43,73.16
52.70,52.70,89.79,40.93,72.78
61.35,61.35,89.17,40.26,73.50
73.25,73.25,83.20,36.73,74.26
73.39,73.39,83.06,40.34,73.27
74.19,74.19,83.33,38.78,74.68
74.87,74.87,81.81,36.53,76.30
74.59,74.59,83.07,35.34,77.60
73.44,73.44,86.05,31.36,80.27
74.41,74.41,83.37,28.31,80.52
78.90,78.90,83.87,32.10,81.09
73.62,73.62,83.97,25.57,80.83
71.27,71.27,83.43,18.43,80.09
70.55,70.55,82.40,21.99,79.19
67.65,67.65,82.79,19.36,79.18
68.14,68.14,82.69,14.60,77.54
73.43,73.43,88.14,11.21,75.37
68.93,68.93,88.13,6.38,76.19
68.08,68.08,88.27,8.64,78.00
73.12,73.12,86.67,11.63,77.18
76.57,76.57,80.60,19.02,74.84
76.36,76.36,81.70,23.52,75.09
76.31,76.31,82.29,25.38,77.26
76.26,76.26,81.72,25.70,78.02
76.67,76.67,83.21,25.63,78.09
83.60,83.60,85.94,30.69,77.75
78.44,78.44,82.90,28.76,79.51
79.77,79.77,85.11,31.78,80.74
83.59,83.59,83.80,27.39,79.48
77.65,77.65,83.15,24.20,79.52
81.97,81.97,79.87,21.77,78.61
78.08,78.08,79.94,24.93,76.09
75.11,75.11,82.56,19.71,75.36
78.03,78.03,87.59,12.04,74.31
71.56,71.56,87.78,17.27,77.24
69.81,69.81,87.37,25.19,78.49
68.85,68.85,85.08,27.05,77.89
70.04,70.04,82.80,28.85,76.87
71.33,71.33,83.77,35.06,76.35
70.28,70.28,83.24,38.04,78.46
69.23,69.23,83.42,38.17,80.62
68.11,68.11,85.42,36.92,82.42
69.66,69.66,85.95,28.79,80.53
73.60,73.60,81.84,31.18,78.49
72.78,72.78,84.12,36.61,79.27
74.95,74.95,82.86,33.29,79.80
75.08,75.08,79.66,30.73,80.40
75.55,75.55,75.50,34.01,79.07
74.68,74.68,77.21,31.78,76.57
71.96,71.96,76.41,33.71,69.97
79.51,79.51,74.79,33.25,67.36
80.83,80.83,75.25,35.57,66.95
80.25,80.25,75.95,33.62,67.56
77.84,77.84,76.80,35.50,69.41
72.95,72.95,78.45,36.69,69.85
72.47,72.47,79.62,42.18,73.48
70.95,70.95,78.80,37.25,71.03
71.86,71.86,79.56,30.59,71.69
69.50,69.50,79.07,34.50,72.55
69.89,69.89,78.52,40.31,74.44
74.40,74.40,77.06,40.52,74.28
71.04,71.04,76.97,39.78,73.39
69.13,69.13,78.28,41.76,75.75
67.30,67.30,78.75,39.12,73.61
65.26,65.26,79.43,35.60,72.12
61.32,61.32,80.44,39.57,72.90
54.28,54.28,86.13,46.02,70.08
49.70,49.70,87.19,41.41,65.36
50.47,50.47,87.99,47.30,67.15
47.04,47.04,85.96,44.62,65.91
45.18,45.18,85.70,39.85,66.46
45.79,45.79,84.11,42.76,67.46
43.01,43.01,83.06,47.60,69.80
45.04,45.04,81.35,46.35,70.33
54.96,54.96,82.28,46.33,76.65
52.30,52.30,81.94,47.72,76.82
47.72,47.72,81.93,46.75,77.87
44.07,44.07,81.31,45.04,77.46
40.14,40.14,79.17,43.98,79.82
36.30,36.30,81.95,45.08,75.48
32.73,32.73,83.51,50.41,78.67
29.63,29.63,82.68,49.54,80.67
28.30,28.30,80.81,52.67,82.54
26.39,26.39,81.48,51.89,78.95
31.76,31.76,78.94,50.92,78.56
32.52,32.52,80.04,49.50,78.88
28.17,28.17,78.81,49.34,81.13
29.18,29.18,78.23,45.61,84.15
26.33,26.33,77.97,43.83,83.22
22.98,22.98,81.54,47.71,83.48
23.45,23.45,81.72,46.68,83.30
25.03,25.03,80.36,46.67,82.64
27.85,27.85,78.66,45.56,83.14
25.38,25.38,80.18,46.56,82.92
24.94,24.94,81.42,49.69,82.11
22.92,22.92,78.86,50.18,82.30
20.63,20.63,78.81,51.14,81.70
31.52,31.52,76.75,51.98,82.71
30.54,30.54,83.38,57.40,82.44
19.37,19.37,77.64,54.07,82.65
12.76,12.76,76.91,52.85,75.26
19.03,19.03,77.21,52.23,68.97
24.55,24.55,73.25,45.54,73.06
22.32,22.32,78.91,48.78,77.48
22.04,22.04,77.81,48.51,77.27
22.22,22.22,78.60,46.66,76.39
23.65,23.65,74.60,47.05,76.83
20.54,20.54,78.32,47.40,77.08
17.21,17.21,79.38,48.41,78.20
19.56,19.56,82.48,48.92,74.00
19.45,19.45,79.70,51.05,75.77
25.16,25.16,81.38,56.17,78.80
24.22,24.22,79.57,54.58,83.36
18.62,18.62,81.54,56.54,83.91
21.13,21.13,78.50,57.89,83.56
16.93,16.93,81.15,57.99,84.07
20.02,20.02,81.55,58.86,78.19
12.37,12.37,79.77,55.90,72.82
14.92,14.92,80.32,54.37,72.43
22.86,22.86,79.64,54.84,76.04
22.75,22.75,79.48,57.85,80.52
19.97,19.97,78.06,55.60,83.35
21.37,21.37,80.12,51.17,83.56
20.42,20.42,79.49,54.03,84.74
16.56,16.56,78.69,55.89,83.74
22.99,22.99,77.29,58.83,83.29
18.36,18.36,80.13,61.71,82.64
25.52,25.52,80.38,57.93,84.71
24.32,24.32,78.07,57.05,83.93
19.67,19.67,77.50,59.02,80.29
20.48,20.48,76.98,60.28,82.06
21.78,21.78,77.08,58.51,81.83
25.78,25.78,77.60,56.93,80.52
23.56,23.56,77.73,60.51,76.64
15.83,15.83,79.98,62.03,70.94
23.93,23.93,76.76,60.56,70.09
24.18,24.18,72.69,51.30,74.98
29.43,29.43,72.48,51.65,75.98
19.71,19.71,77.85,53.20,76.42
15.28,15.28,74.31,55.19,76.47
13.19,13.19,71.95,59.01,77.96
10.96,10.96,79.92,59.84,75.23
11.75,11.75,78.45,57.09,81.93
14.97,14.97,79.00,56.37,83.96
22.20,22.20,79.66,58.04,84.37
17.11,17.11,79.06,58.44,84.07
20.47,20.47,78.57,50.61,83.27
18.09,18.09,78.31,51.85,77.91
12.20,12.20,79.98,55.87,70.03
20.33,20.33,76.50,48.28,76.40
26.17,26.17,79.94,43.72,79.67
25.50,25.50,81.24,52.93,82.76
24.47,24.47,78.99,55.41,82.13
25.26,25.26,80.38,58.33,82.71
20.34,20.34,79.03,57.99,81.87
14.50,14.50,79.93,57.39,78.50
14.00,14.00,74.03,56.09,72.38
21.69,21.69,74.36,58.76,69.95
25.29,25.29,79.67,58.19,73.85
23.84,23.84,79.68,55.45,75.74
24.40,24.40,79.66,49.49,77.58
21.08,21.08,77.61,47.80,78.66
20.12,20.12,78.37,50.58,78.19
21.85,21.85,78.53,51.07,77.47
22.21,22.21,80.92,55.97,78.26
24.82,24.82,80.13,52.04,78.90
28.61,28.61,79.57,50.35,76.23
24.26,24.26,76.29,58.05,73.42
23.69,23.69,75.34,58.38,76.21
26.26,26.26,75.04,60.62,73.91
19.50,19.50,79.30,60.91,75.14
17.19,17.19,80.91,55.85,74.78
18.50,18.50,75.84,52.12,76.30
18.36,18.36,76.78,54.63,73.60
14.53,14.53,76.80,53.95,73.38
18.43,18.43,81.33,58.47,79.96
21.80,21.80,79.05,51.29,79.24
16.37,16.37,78.30,53.27,74.64
18.66,18.66,76.07,53.25,74.87
20.58,20.58,79.32,48.50,81.37
16.86,16.86,79.33,54.90,81.41
15.74,15.74,73.41,49.88,71.07
12.83,12.83,76.65,54.91,73.68
20.41,20.41,78.98,52.55,75.26
24.34,24.34,79.94,54.78,76.99
23.22,23.22,78.09,55.81,74.17
20.30,20.30,78.20,52.14,72.77
18.73,18.73,80.08,57.55,76.26
18.68,18.68,79.48,57.76,81.17
19.07,19.07,77.83,57.13,75.58
15.69,15.69,77.78,52.34,74.27
14.63,14.63,78.22,53.09,77.07
23.01,23.01,80.00,47.95,81.42
25.69,25.69,78.91,54.21,77.40
27.14,27.14,77.40,54.14,74.46
26.17,26.17,77.96,55.87,75.83
23.93,23.93,78.23,51.79,80.52
20.35,20.35,79.71,59.70,79.12
16.10,16.10,77.35,63.42,73.59
15.73,15.73,80.50,61.74,73.87
22.52,22.52,85.96,58.01,81.76
22.98,22.98,85.12,57.28,84.15
26.88,26.88,87.36,55.15,78.74
19.10,19.10,85.83,55.22,76.08
24.40,24.40,84.63,57.83,84.53
24.99,24.99,85.04,58.82,83.60
22.94,22.94,87.21,60.80,78.86
21.53,21.53,85.09,61.38,74.82
25.06,25.06,83.86,59.01,76.22
13.76,13.76,87.46,60.13,80.86
12.87,12.87,85.84,57.44,79.71
17.78,17.78,85.70,62.74,72.70
18.48,18.48,85.11,63.05,76.70
23.30,23.30,86.35,58.03,81.25
25.21,25.21,86.16,57.02,78.72
21.46,21.46,84.42,53.55,72.87
25.92,25.92,84.05,59.72,76.48
20.96,20.96,86.09,60.79,80.86
29.56,29.56,85.54,60.99,80.39
24.48,24.48,85.05,60.15,75.56
18.37,18.37,85.04,53.63,74.74
27.53,27.53,85.32,57.05,81.32
22.40,22.40,86.35,55.61,80.86
22.63,22.63,87.25,60.40,77.04
25.20,25.20,85.83,57.65,74.24
30.47,30.47,84.39,54.54,82.04
29.36,29.36,85.64,58.23,80.18
23.30,23.30,86.22,61.77,79.43
16.66,16.66,85.99,57.62,72.72
24.34,24.34,84.82,53.06,78.96
20.33,20.33,85.77,55.11,79.66
21.80,21.80,85.12,56.82,79.47
22.68,22.68,84.82,60.81,74.96
27.49,27.49,85.43,57.33,80.08
23.97,23.97,86.64,54.46,80.72
32.10,32.10,85.75,54.84,80.53
29.04,29.04,86.83,49.14,76.20
26.72,26.72,84.55,58.56,77.28
31.51,31.51,86.58,61.76,79.72
35.23,35.23,85.77,59.37,80.52
33.64,33.64,87.77,55.04,78.23
22.89,22.89,84.10,56.54,77.22
25.25,25.25,85.97,51.97,82.30
19.81,19.81,86.49,55.94,80.18
18.42,18.42,85.76,60.57,75.85
20.72,20.72,84.20,64.17,73.91
27.92,27.92,85.27,61.88,82.02
27.67,27.67,84.87,55.96,82.34
29.80,29.80,87.62,54.87,80.92
29.92,29.92,83.92,65.16,76.70
28.58,28.58,85.20,60.00,79.97
21.40,21.40,87.13,53.43,81.02
25.32,25.32,85.88,60.29,78.88
22.68,22.68,86.92,66.09,74.45
30.08,30.08,84.99,61.08,76.43
34.49,34.49,86.01,56.30,80.04
31.44,31.44,86.48,56.01,79.80
24.71,24.71,85.87,61.27,73.73
27.59,27.59,85.01,55.54,78.81
22.43,22.43,86.49,55.69,83.86
29.44,29.44,85.61,55.19,81.98
23.97,23.97,87.63,55.03,75.92
22.12,22.12,85.65,48.94,76.83
34.30,34.30,86.81,53.81,78.26
40.81,40.81,85.96,54.24,80.07
38.34,38.34,87.70,57.62,76.64
33.33,33.33,86.41,52.66,74.71
32.49,32.49,86.62,53.86,78.53
30.30,30.30,86.89,52.53,77.17
40.94,40.94,86.25,57.93,76.65
42.06,42.06,83.75,56.82,76.01
38.19,38.19,85.33,57.40,79.50
31.29,31.29,86.36,57.03,78.77
24.84,24.84,86.87,57.75,79.69
23.55,23.55,84.45,59.46,76.81
30.00,30.00,84.35,57.79,79.40
27.45,27.45,86.81,57.93,78.43
25.30,25.30,86.15,52.48,78.13
21.68,21.68,84.92,56.35,76.22
27.68,27.68,84.79,60.21,78.54
24.52,24.52,86.26,59.09,79.01
26.69,26.69,84.73,61.23,79.51
21.46,21.46,83.62,54.61,77.40
17.95,17.95,83.82,57.47,78.11
24.44,24.44,86.26,52.78,80.30
25.50,25.50,84.40,60.97,77.86
21.45,21.45,83.53,60.07,78.21
24.61,24.61,83.62,59.45,77.56
33.29,33.29,84.97,59.30,78.50
30.32,30.32,85.40,56.31,81.15
27.02,27.02,84.82,52.09,78.30
25.99,25.99,83.42,52.05,76.69
30.52,30.52,84.75,53.91,81.08
30.26,30.26,84.77,48.93,80.37
27.00,27.00,84.65,54.90,79.02
32.94,32.94,84.31,60.07,77.19
46.66,46.66,84.84,63.03,78.84
50.80,50.80,85.07,57.94,79.48
45.23,45.23,84.33,53.60,80.62
42.17,42.17,83.95,56.72,76.96
47.34,47.34,81.44,49.23,78.52
51.59,51.59,77.77,36.14,79.98
58.07,58.07,75.15,30.59,80.88
62.91,62.91,75.54,30.03,84.16
75.54,75.54,77.22,30.62,76.83
83.08,83.08,74.96,28.63,73.45
84.18,84.18,74.45,28.23,67.30
77.45,77.45,83.47,24.07,69.48
59.85,59.85,91.07,26.89,68.44
72.61,72.61,88.00,29.72,67.77
84.34,84.34,79.39,36.77,63.21
83.15,83.15,75.71,28.78,64.28
78.75,78.75,75.96,22.57,62.03
75.63,75.63,81.66,10.12,63.71
65.18,65.18,87.87,16.33,61.47
51.49,51.49,80.99,14.53,68.31
64.92,64.92,88.68,11.16,68.50
73.39,73.39,85.22,16.87,74.18
76.91,76.91,81.02,11.75,83.18
68.41,68.41,79.04,14.52,83.92
61.65,61.65,78.78,11.54,83.22
69.98,69.98,80.71,14.72,78.03
73.85,73.85,80.26,21.16,80.05
73.54,73.54,76.79,24.86,75.72
64.48,64.48,79.64,29.02,72.60
57.61,57.61,82.86,38.17,78.48
62.51,62.51,81.05,43.85,82.95
65.67,65.67,78.82,39.20,82.08
52.88,52.88,76.87,36.83,83.88
55.67,55.67,76.18,46.87,84.82
52.52,52.52,74.65,52.63,85.88
52.79,52.79,75.33,54.17,85.56
54.91,54.91,75.24,50.55,82.68
49.00,49.00,78.52,48.23,81.28
42.54,42.54,81.66,56.16,94.97
44.48,44.48,91.01,59.98,84.26
46.34,46.34,92.48,58.06,74.27
45.63,45.63,91.80,57.66,74.99
38.98,38.98,90.29,60.72,71.15
40.97,40.97,90.26,58.84,74.31
41.12,41.12,89.27,60.50,72.93
45.07,45.07,90.59,62.27,85.73
48.01,48.01,90.55,60.68,85.02
45.52,45.52,90.91,57.97,78.89
46.57,46.57,89.40,52.30,77.05
36.51,36.51,92.61,57.66,73.53
36.83,36.83,91.82,58.97,81.10
34.41,34.41,92.06,59.72,75.41
40.45,40.45,88.15,52.60,82.15
31.81,31.81,92.57,60.04,75.64
27.50,27.50,87.18,59.94,86.35
34.51,34.51,79.15,58.23,95.48
42.05,42.05,91.11,59.43,83.42
45.45,45.45,90.28,49.52,81.88
36.89,36.89,92.04,58.94,73.29
38.17,38.17,89.61,59.34,70.79
38.52,38.52,93.02,63.03,76.62
32.93,32.93,88.56,58.20,80.04
34.93,34.93,88.96,61.43,86.13
38.35,38.35,91.49,61.29,83.91
37.01,37.01,91.44,57.47,77.12
38.12,38.12,91.47,58.08,78.28
31.59,31.59,91.39,59.96,78.06
28.54,28.54,90.34,62.01,78.76
36.93,36.93,92.61,63.50,74.75
39.68,39.68,89.57,61.20,85.98
27.69,27.69,91.27,63.71,73.92
28.47,28.47,83.71,59.95,89.37
30.50,30.50,81.46,52.65,94.67
39.42,39.42,92.00,60.25,75.62
40.72,40.72,91.89,54.45,81.28
33.86,33.86,91.71,63.73,70.84
41.07,41.07,89.66,63.68,73.18
37.95,37.95,89.03,62.52,77.31
34.30,34.30,91.19,62.96,79.57
36.28,36.28,89.18,63.72,89.96
40.15,40.15,92.25,61.20,79.67
39.38,39.38,89.74,59.18,81.32
35.68,35.68,90.69,59.60,74.26
29.67,29.67,92.54,61.47,78.27
24.75,24.75,91.73,62.48,79.04
29.44,29.44,90.33,62.36,79.52
29.45,29.45,90.32,63.78,82.74
29.18,29.18,91.60,64.71,77.34
35.59,35.59,79.63,58.24,94.33
36.70,36.70,84.64,52.96,92.65
40.48,40.48,93.23,60.02,73.92
36.45,36.45,91.00,58.07,80.83
36.05,36.05,89.36,62.00,72.03
41.20,41.20,91.08,64.47,71.74
38.42,38.42,90.51,64.28,80.64
34.98,34.98,88.27,62.67,82.46
33.35,33.35,90.90,62.23,89.25
36.33,36.33,90.01,58.86,77.58
39.83,39.83,92.85,59.71,79.86
33.85,33.85,91.19,60.22,75.45
28.13,28.13,89.49,56.89,83.21
18.89,18.89,91.31,62.15,76.41
25.51,25.51,91.83,64.94,80.42
25.41,25.41,89.38,62.54,82.66
27.23,27.23,89.65,61.70,80.29
31.65,31.65,79.60,54.69,95.01
36.53,36.53,88.94,55.89,86.55
37.84,37.84,91.05,60.62,78.62
33.80,33.80,92.20,56.04,74.89
37.59,37.59,89.95,62.88,73.15
40.38,40.38,89.98,62.08,75.34
35.09,35.09,88.59,61.33,76.39
34.87,34.87,90.18,61.44,85.95
36.76,36.76,89.93,62.02,85.13
36.92,36.92,91.35,57.61,80.99
41.08,41.08,89.48,53.01,79.37
32.13,32.13,92.13,57.20,75.62
26.07,26.07,91.77,60.11,81.72
29.07,29.07,91.64,60.84,76.98
34.02,34.02,88.07,60.62,83.15
28.59,28.59,92.13,64.40,77.80
27.87,27.87,86.84,61.54,87.00
29.63,29.63,79.59,56.03,94.79
35.79,35.79,91.50,57.15,82.92
38.41,38.41,89.82,54.31,83.31
35.02,35.02,92.03,57.57,73.17
40.47,40.47,89.14,58.53,69.62
42.16,42.16,92.66,61.47,76.68
36.16,36.16,87.81,56.94,81.82
34.66,34.66,88.69,59.33,86.49
38.45,38.45,91.55,62.63,83.71
36.22,36.22,90.13,48.42,76.64
36.71,36.71,92.07,54.63,79.37
31.10,31.10,91.38,54.32,78.60
23.98,23.98,90.25,57.69,79.71
29.76,29.76,91.46,60.55,75.60
32.60,32.60,89.84,59.98,87.11
26.67,26.67,90.67,63.08,77.43
31.13,31.13,83.18,60.15,90.71
30.55,30.55,81.73,58.13,94.13
37.44,37.44,91.64,59.79,77.37
39.04,39.04,91.49,59.05,82.04
32.63,32.63,91.65,60.52,73.42
41.19,41.19,89.67,55.07,73.26
39.41,39.41,88.57,54.14,76.73
36.32,36.32,90.43,51.56,79.19
34.91,34.91,88.56,60.31,90.06
40.13,40.13,91.90,60.95,78.68
40.70,40.70,89.77,51.26,81.41
38.58,38.58,90.68,57.88,75.53
33.27,33.27,91.99,55.02,78.55
24.21,24.21,91.59,56.96,79.37
32.89,32.89,90.15,57.05,79.70
31.80,31.80,89.35,60.57,82.82
27.32,27.32,91.14,61.91,79.41
34.40,34.40,79.68,60.24,94.72
35.05,35.05,84.80,56.07,92.16
40.20,40.20,92.87,58.37,76.80
36.81,36.81,90.97,52.58,79.82
35.42,35.42,89.68,54.03,73.54
38.66,38.66,91.15,50.98,69.58
38.20,38.20,90.86,52.99,76.19
35.36,35.36,88.09,53.09,82.24
28.01,28.01,87.62,59.84,89.80
31.20,31.20,86.86,62.58,91.41
40.00,40.00,88.39,55.35,83.18
37.93,37.93,86.51,52.78,89.48
30.48,30.48,85.99,58.98,90.45
35.60,35.60,77.61,52.86,94.49
37.91,37.91,82.11,64.06,92.98
39.40,39.40,90.32,62.37,84.06
43.45,43.45,83.06,58.47,92.42
43.47,43.47,80.16,54.97,94.62
41.41,41.41,89.97,57.31,85.12
42.09,42.09,90.65,60.30,81.63
39.19,39.19,91.47,60.47,78.16
42.95,42.95,90.18,51.75,75.43
46.34,46.34,90.11,50.43,77.23
46.97,46.97,88.07,50.10,75.96
44.18,44.18,89.47,59.52,86.23
45.27,45.27,89.52,62.34,84.96
43.32,43.32,91.50,60.63,81.14
46.95,46.95,89.37,57.77,78.47
37.50,37.50,91.56,58.91,76.90
36.42,36.42,91.45,52.76,81.79
38.05,38.05,91.21,57.04,78.59
41.85,41.85,87.91,56.29,84.19
35.42,35.42,91.06,60.50,79.59
36.83,36.83,87.14,61.31,88.61
35.94,35.94,79.62,58.59,94.43
39.54,39.54,91.31,60.88,83.80
43.81,43.81,89.89,61.07,84.12
37.48,37.48,91.58,61.68,75.53
42.85,42.85,88.77,56.60,72.83
45.37,45.37,92.28,55.49,74.64
43.09,43.09,87.71,52.13,81.51
43.64,43.64,88.21,59.46,86.69
47.38,47.38,91.21,64.52,83.52
44.21,44.21,89.73,56.26,76.65
43.05,43.05,92.16,57.98,79.09
38.04,38.04,91.20,56.44,78.29
32.40,32.40,89.83,57.21,79.64
35.82,35.82,90.75,60.42,76.36
37.37,37.37,89.49,60.87,87.27
32.69,32.69,90.32,64.15,78.42
37.02,37.02,83.84,62.99,91.12
36.47,36.47,81.97,56.98,93.71
41.07,41.07,91.46,59.62,79.22
43.98,43.98,91.50,59.45,81.80
36.54,36.54,91.53,62.02,76.12
44.34,44.34,89.90,56.53,72.59
44.82,44.82,88.71,54.32,77.09
44.15,44.15,90.22,53.29,79.86
43.65,43.65,89.04,59.73,89.39
45.84,45.84,91.68,60.97,78.39
44.42,44.42,89.92,49.87,81.75
39.93,39.93,90.59,59.21,75.77
34.65,34.65,91.13,56.50,78.76
30.93,30.93,91.66,59.48,79.36
41.97,41.97,89.43,59.76,80.97
38.49,38.49,88.73,60.53,83.25
33.66,33.66,91.61,64.27,80.55
36.27,36.27,82.27,62.01,93.44
35.50,35.50,85.32,55.15,91.36
41.99,41.99,92.81,59.81,77.72
40.94,40.94,91.33,57.47,80.68
39.31,39.31,88.93,60.74,75.83
43.57,43.57,90.25,56.26,70.26
46.34,46.34,90.69,54.18,77.67
44.17,44.17,87.67,53.76,83.34
44.41,44.41,90.45,63.02,87.83
45.15,45.15,89.34,57.17,79.09
47.62,47.62,92.19,52.93,77.84
40.54,40.54,91.45,59.22,77.02
36.02,36.02,89.22,54.00,81.76
31.13,31.13,90.01,60.30,77.56
39.10,39.10,90.31,60.75,80.47
34.20,34.20,90.01,61.08,83.60
39.01,39.01,89.56,62.61,82.54
37.10,37.10,82.09,59.80,93.58
38.79,38.79,88.94,55.64,85.56
41.63,41.63,90.77,58.39,81.22
38.46,38.46,91.74,59.20,76.46
41.32,41.32,90.51,60.37,73.61
44.47,44.47,90.37,54.85,75.05
46.17,46.17,87.72,50.70,75.34
46.34,46.34,89.39,56.39,85.28
48.12,48.12,89.52,61.73,84.06
44.20,44.20,91.81,53.65,79.39
48.50,48.50,89.50,54.18,77.74
41.53,41.53,91.69,57.43,75.70
36.53,36.53,91.51,57.77,79.86
36.24,36.24,90.85,59.90,78.22
36.67,36.67,87.11,56.80,82.53
34.30,34.30,90.96,61.81,77.70
37.51,37.51,89.23,61.84,86.62
34.33,34.33,82.15,54.88,93.60
37.47,37.47,91.92,57.19,82.27
42.27,42.27,90.27,54.82,83.05
36.35,36.35,92.08,57.35,74.43
40.78,40.78,89.08,56.41,71.44
47.24,47.24,91.95,51.80,73.44
45.73,45.73,88.20,51.26,81.58
47.50,47.50,88.44,54.66,85.30
46.60,46.60,91.56,61.64,82.84
45.57,45.57,89.89,49.67,76.60
46.83,46.83,92.33,55.40,76.52
42.28,42.28,91.32,55.50,78.22
34.70,34.70,90.12,56.23,78.38
37.39,37.39,90.35,58.42,76.32
37.67,37.67,89.47,56.34,85.57
34.69,34.69,90.76,59.33,76.81
42.67,42.67,85.19,56.22,89.88
36.63,36.63,83.28,51.26,92.78
38.64,38.64,91.84,50.47,77.99
40.68,40.68,91.72,54.33,80.07
34.86,34.86,92.01,50.66,71.87
39.89,39.89,90.72,48.64,69.92
44.73,44.73,88.32,48.62,75.37
43.83,43.83,89.43,50.09,77.76
42.95,42.95,85.63,52.75,90.14
36.74,36.74,79.48,50.52,93.57
36.92,36.92,91.10,54.39,83.48
39.69,39.69,90.28,52.65,80.38
38.05,38.05,91.79,52.32,72.46
40.84,40.84,91.07,49.37,68.16
51.76,51.76,92.17,50.54,73.79
55.61,55.61,87.59,48.14,78.35
49.67,49.67,88.83,51.90,85.06
49.27,49.27,81.13,50.41,93.21
48.23,48.23,76.91,51.14,93.85
43.63,43.63,85.38,60.93,89.76
45.49,45.49,85.51,60.18,91.38
41.58,41.58,85.10,60.11,91.07
49.34,49.34,83.47,65.96,91.72
54.60,54.60,79.10,61.52,93.13
51.16,51.16,81.16,62.29,94.05
45.24,45.24,81.90,63.68,93.63
45.67,45.67,84.80,62.43,92.70
61.91,61.91,84.85,59.62,91.57
60.37,60.37,86.93,61.14,91.86
51.14,51.14,88.25,65.24,89.22
53.55,53.55,87.30,61.02,90.65
52.81,52.81,83.86,62.86,93.08
47.08,47.08,79.11,55.67,94.20
43.72,43.72,77.62,55.20,94.39
45.90,45.90,77.61,57.62,94.50
42.74,42.74,87.92,56.76,85.99
46.46,46.46,91.69,64.89,82.06
48.48,48.48,89.93,66.02,77.07
46.28,46.28,91.43,59.84,74.36
51.63,51.63,90.39,56.82,77.51
54.64,54.64,88.00,54.87,77.55
58.56,58.56,89.07,62.03,85.66
58.03,58.03,89.74,65.66,85.30
55.88,55.88,91.97,63.55,80.15
55.80,55.80,89.51,59.68,78.63
50.42,50.42,91.21,59.30,77.00
52.17,52.17,91.69,52.75,80.12
46.95,46.95,91.32,56.39,78.47
48.82,48.82,87.68,47.09,84.45
45.97,45.97,89.88,54.98,79.45
51.00,51.00,88.82,56.02,87.82
44.41,44.41,80.67,52.07,94.10
44.36,44.36,91.87,57.19,81.78
51.05,51.05,90.00,57.75,84.26
44.71,44.71,91.69,58.26,75.79
45.68,45.68,88.90,54.36,74.01
53.07,53.07,91.42,53.56,76.13
54.23,54.23,88.65,52.63,83.53
59.54,59.54,88.49,58.41,86.16
55.52,55.52,91.43,63.59,83.56
53.14,53.14,89.48,53.36,77.77
53.76,53.76,92.16,56.74,78.05
50.48,50.48,90.98,53.91,80.52
50.38,50.38,89.93,55.91,81.07
52.15,52.15,90.20,56.39,77.11
52.14,52.14,89.41,53.06,87.28
43.22,43.22,90.93,51.62,79.22
51.80,51.80,85.16,47.58,90.41
44.26,44.26,82.44,47.40,92.69
44.91,44.91,91.51,54.72,78.10
50.63,50.63,90.94,53.89,81.35
44.29,44.29,91.47,56.99,76.73
48.03,48.03,90.13,55.19,74.99
54.78,54.78,88.59,50.91,79.85
54.38,54.38,88.50,50.75,81.30
60.76,60.76,89.05,59.39,89.49
54.88,54.88,91.06,59.14,78.76
56.70,56.70,89.82,55.13,82.63
53.66,53.66,90.30,58.48,77.18
51.56,51.56,90.07,54.20,80.37
52.20,52.20,91.57,60.33,80.61
53.33,53.33,89.22,57.68,82.48
50.50,50.50,87.39,54.69,84.58
48.49,48.49,90.58,51.90,83.08
52.78,52.78,82.69,48.36,92.98
45.89,45.89,85.48,48.26,91.21
45.94,45.94,92.04,54.43,77.74
50.71,50.71,91.72,49.52,81.49
44.83,44.83,88.86,56.59,78.68
50.19,50.19,89.69,53.50,74.82
55.39,55.39,89.72,49.98,79.70
56.77,56.77,86.11,52.01,85.51
57.76,57.76,88.97,64.47,88.51
56.78,56.78,87.93,56.02,82.61
57.43,57.43,90.19,58.97,79.33
49.44,49.44,90.26,60.45,81.19
56.33,56.33,88.57,54.67,84.60
52.70,52.70,89.55,61.00,81.32
54.16,54.16,88.04,58.12,85.21
47.05,47.05,88.57,53.49,85.73
54.54,54.54,88.25,46.86,86.37
52.19,52.19,80.55,43.03,94.14
46.45,46.45,88.40,48.58,86.24
50.00,50.00,91.34,49.95,83.39
49.89,49.89,90.09,50.21,79.37
45.80,45.80,90.96,54.58,80.24
53.96,53.96,89.14,53.70,81.41
57.45,57.45,85.46,48.38,80.14
60.82,60.82,87.32,57.68,87.18
59.45,59.45,87.96,61.12,87.28
57.04,57.04,89.55,57.34,85.08
56.88,56.88,87.96,59.44,81.69
54.05,54.05,89.40,57.02,81.17
55.31,55.31,89.49,56.46,84.31
51.60,51.60,89.80,59.95,84.38
58.95,58.95,85.01,54.41,87.75
48.17,48.17,88.38,49.67,83.30
56.77,56.77,88.22,45.34,89.88
49.44,49.44,80.30,47.20,94.11
45.96,45.96,91.75,48.67,82.41
54.91,54.91,90.31,50.09,85.99
48.45,48.45,91.23,50.93,79.83
48.46,48.46,87.80,54.15,79.79
55.72,55.72,89.02,51.44,79.84
55.01,55.01,85.69,51.60,86.11
63.96,63.96,86.67,57.64,88.47
59.79,59.79,89.19,62.03,87.58
56.81,56.81,86.47,54.79,83.58
58.77,58.77,90.28,57.97,82.61
60.00,60.00,89.69,53.47,82.80
58.67,58.67,88.52,53.91,84.81
56.14,56.14,87.39,55.91,84.48
58.46,58.46,86.54,51.02,89.94
52.25,52.25,89.32,46.88,83.93
58.93,58.93,83.53,43.35,91.91
49.78,49.78,82.49,44.92,92.80
47.57,47.57,91.21,48.56,80.33
53.31,53.31,90.98,47.79,82.85
48.23,48.23,90.29,47.47,81.20
50.94,50.94,89.44,49.16,80.46
58.80,58.80,86.72,45.58,84.27
59.39,59.39,85.26,48.68,84.90
65.81,65.81,86.52,53.97,90.59
59.21,59.21,87.75,55.51,86.46
61.86,61.86,87.49,59.06,86.91
58.58,58.58,88.50,56.05,82.27
59.17,59.17,88.67,53.65,83.33
58.46,58.46,89.49,62.09,85.17
59.98,59.98,86.11,59.92,87.71
57.57,57.57,84.66,49.62,87.63
55.53,55.53,88.12,45.99,87.60
61.27,61.27,82.30,45.29,93.14
48.60,48.60,85.58,51.51,90.80
50.56,50.56,90.97,52.37,80.72
55.89,55.89,92.50,51.08,83.00
47.35,47.35,87.44,47.28,82.75
52.90,52.90,86.72,43.70,84.20
58.54,58.54,85.39,42.48,88.71
63.28,63.28,82.68,43.97,88.63
64.63,64.63,86.33,54.41,91.74
63.22,63.22,80.73,57.37,88.58
60.60,60.60,84.51,61.04,86.71
59.32,59.32,87.42,65.28,85.72
66.34,66.34,86.22,64.11,87.77
62.17,62.17,85.46,67.38,86.81
64.94,64.94,82.11,65.74,88.82
63.15,63.15,85.80,59.46,88.88
66.15,66.15,85.30,55.14,88.13
71.24,71.24,78.02,57.78,93.72
66.38,66.38,86.53,58.89,88.51
64.17,64.17,90.89,63.97,84.59
63.56,63.56,91.01,62.73,81.19
53.25,53.25,87.58,52.26,80.20
63.38,63.38,90.07,57.90,84.07
65.37,65.37,84.95,53.74,86.45
74.86,74.86,85.03,53.57,86.67
79.28,79.28,87.04,59.28,88.63
74.11,74.11,86.55,57.01,82.74
66.27,66.27,88.20,64.54,83.63
72.39,72.39,86.51,66.78,85.57
72.80,72.80,84.70,67.28,88.39
65.41,65.41,81.73,67.39,87.26
81.60,81.60,82.33,65.37,88.27
73.55,73.55,82.54,57.90,88.69
83.48,83.48,78.79,53.75,86.74
76.40,76.40,81.44,56.99,87.62
84.73,84.73,77.79,55.12,88.44
88.10,88.10,76.08,55.41,85.67
88.90,88.90,77.08,50.62,84.19
87.59,87.59,76.00,54.38,85.81
87.17,87.17,77.00,55.45,85.31
80.53,80.53,77.17,54.20,87.87
75.85,75.85,79.63,59.46,91.00
89.80,89.80,75.57,54.39,85.61
86.12,86.12,78.66,60.10,85.66
87.56,87.56,76.28,50.04,86.72
88.91,88.91,75.41,53.10,84.54
89.31,89.31,76.05,55.78,84.27
90.16,90.16,75.84,51.96,81.67
84.84,84.84,81.80,65.31,86.39
90.00,90.00,75.64,54.87,81.65
89.84,89.84,77.62,53.42,81.72
89.77,89.77,76.92,45.36,85.04
88.17,88.17,79.11,50.24,84.43
89.94,89.94,77.88,43.53,80.65
90.71,90.71,76.50,39.31,82.41
89.75,89.75,77.63,43.80,84.01
90.32,90.32,77.36,46.01,82.10
92.07,92.07,75.59,44.26,79.94
90.49,90.49,76.03,46.28,81.34
91.94,91.94,75.05,42.50,78.98
90.36,90.36,76.29,41.05,82.14
90.75,90.75,76.26,39.08,79.51
92.47,92.47,76.72,35.08,76.46
91.79,91.79,77.45,36.10,76.02
89.09,89.09,79.51,38.82,82.13
90.21,90.21,78.67,35.13,79.97
89.10,89.10,78.89,37.16,77.97
89.21,89.21,78.46,40.11,78.25
85.29,85.29,81.93,38.84,82.03
83.54,83.54,80.57,51.86,81.04
85.26,85.26,79.32,53.72,82.37
85.30,85.30,82.12,53.09,80.99
85.04,85.04,80.45,51.54,80.08
84.19,84.19,79.84,56.90,81.22
84.18,84.18,79.75,58.47,84.27
81.83,81.83,81.77,63.72,82.66
80.69,80.69,81.50,60.94,84.81
83.61,83.61,79.21,60.51,82.93
82.48,82.48,82.13,66.57,85.14
79.99,79.99,80.83,65.02,83.68
81.47,81.47,81.54,63.44,86.57
77.82,77.82,82.68,63.83,85.71
78.81,78.81,82.47,59.51,86.25
76.75,76.75,84.04,60.33,85.35
76.42,76.42,87.60,69.02,78.20
68.78,68.78,83.22,84.02,82.54
63.03,63.03,82.32,85.67,82.20
62.69,62.69,83.85,83.60,82.80
66.84,66.84,84.41,78.15,79.72
68.45,68.45,83.69,77.80,81.84
73.21,73.21,84.17,79.16,81.66
76.12,76.12,83.57,79.16,81.15
80.16,80.16,83.24,80.51,81.28
81.26,81.26,82.21,81.62,83.52
80.03,80.03,82.59,80.14,81.69
79.39,79.39,81.77,80.45,83.27
79.06,79.06,81.71,80.65,82.04
78.41,78.41,82.50,78.92,82.50
80.93,80.93,82.72,72.72,80.20
79.42,79.42,82.39,70.25,81.49
74.50,74.50,84.27,66.43,82.06
66.21,66.21,87.03,73.29,77.64
68.72,68.72,83.30,86.07,77.51
70.74,70.74,82.68,86.33,79.70
64.42,64.42,82.25,80.83,79.03
66.69,66.69,83.66,83.14,80.60
72.08,72.08,84.06,79.12,80.70
70.03,70.03,83.74,76.45,81.18
72.58,72.58,84.93,78.82,80.28
71.61,71.61,82.87,81.43,81.21
66.75,66.75,82.88,82.14,82.91
71.55,71.55,83.46,81.10,81.89
74.13,74.13,81.78,82.76,81.05
70.31,70.31,81.32,82.99,81.07
70.82,70.82,81.68,79.06,80.16
69.60,69.60,81.33,72.21,81.88
68.70,68.70,82.58,71.93,80.10
64.47,64.47,86.87,68.88,79.46
62.68,62.68,85.99,78.70,79.84
66.35,66.35,83.44,86.14,79.38
63.80,63.80,83.59,85.45,79.93
63.44,63.44,84.33,80.26,79.06
68.56,68.56,84.26,77.13,78.97
71.69,71.69,84.87,78.23,79.82
68.32,68.32,84.96,79.94,79.25
72.45,72.45,83.82,82.20,78.51
77.76,77.76,82.56,83.64,79.10
77.94,77.94,84.14,82.15,81.30
73.45,73.45,83.37,79.20,81.47
77.21,77.21,83.94,79.03,81.29
69.60,69.60,84.19,77.33,82.21
65.05,65.05,83.04,71.25,81.88
62.41,62.41,82.53,62.45,82.50
66.36,66.36,84.79,55.14,80.90
63.25,63.25,88.67,36.51,82.04
60.25,60.25,88.85,42.14,76.98
57.77,57.77,92.06,45.97,78.93
59.14,59.14,93.27,50.63,74.69
62.67,62.67,85.64,47.61,76.46
64.44,64.44,82.03,49.06,78.56
63.63,63.63,80.97,49.78,81.25
62.01,62.01,81.69,55.21,78.04
60.16,60.16,86.56,67.88,81.81
57.09,57.09,88.37,70.25,80.12
53.98,53.98,90.21,75.08,80.78
59.66,59.66,87.91,74.31,82.26
58.86,58.86,90.22,72.60,80.95
62.31,62.31,86.68,73.95,81.81
62.21,62.21,90.48,71.53,80.72
56.41,56.41,86.48,72.44,81.11
48.19,48.19,90.12,73.58,78.14
46.71,46.71,87.41,70.11,80.66
41.57,41.57,91.94,59.29,80.02
40.36,40.36,94.24,56.18,77.14
37.24,37.24,95.19,56.87,73.27
34.18,34.18,96.02,62.24,72.03
32.45,32.45,96.69,61.88,69.70
33.69,33.69,96.13,60.54,71.08
29.24,29.24,95.50,62.69,71.85
34.91,34.91,90.73,67.99,80.17
38.84,38.84,87.38,72.60,86.16
37.25,37.25,85.99,72.64,86.71
36.14,36.14,86.16,73.52,86.26
43.28,43.28,86.50,73.31,86.53
44.53,44.53,86.50,72.36,86.08
39.92,39.92,86.64,71.04,84.91
32.32,32.32,87.04,72.71,84.15
27.07,27.07,88.57,72.04,82.87
25.38,25.38,88.19,65.35,81.37
28.77,28.77,92.50,58.80,78.49
22.28,22.28,94.40,55.94,78.61
17.41,17.41,94.66,59.56,76.28
18.77,18.77,96.10,62.89,72.41
19.66,19.66,96.05,56.08,71.79
22.21,22.21,96.39,58.64,70.22
22.43,22.43,93.81,65.99,73.44
32.09,32.09,91.71,68.52,80.11
32.29,32.29,86.91,72.06,84.66
27.10,27.10,87.18,75.78,86.13
31.00,31.00,87.23,75.88,85.94
32.31,32.31,86.60,74.37,85.47
28.34,28.34,87.14,73.74,85.68
24.77,24.77,86.89,71.75,84.12
23.99,23.99,85.77,72.90,82.27
21.09,21.09,89.04,71.13,82.31
24.53,24.53,90.42,66.40,77.90
22.67,22.67,94.12,60.69,74.25
23.30,23.30,95.84,59.48,75.89
17.36,17.36,95.82,63.09,72.88
14.27,14.27,97.25,65.39,68.72
12.50,12.50,96.91,60.86,70.80
21.55,21.55,96.17,65.09,72.48
27.66,27.66,93.84,69.04,76.95
29.87,29.87,89.42,72.31,83.94
30.09,30.09,86.57,74.51,86.50
26.45,26.45,86.40,74.83,86.79
31.15,31.15,86.13,75.63,86.44
36.51,36.51,86.36,74.72,86.42
36.60,36.60,87.04,73.98,85.21
32.02,32.02,86.22,72.44,84.94
29.03,29.03,86.02,73.88,84.55
22.41,22.41,87.75,69.49,82.43
23.56,23.56,89.54,65.58,77.94
22.19,22.19,93.62,60.83,78.71
15.50,15.50,94.56,59.04,76.99
21.25,21.25,95.17,63.66,73.05
22.02,22.02,96.79,59.54,70.71
20.52,20.52,96.11,58.36,73.41
18.48,18.48,95.44,65.65,73.84
24.05,24.05,91.87,65.93,77.69
23.48,23.48,88.72,71.89,84.88
26.66,26.66,86.34,73.10,86.48
22.61,22.61,86.98,75.06,87.82
24.53,24.53,86.40,74.29,86.99
25.23,25.23,86.16,75.65,86.25
25.89,25.89,86.64,73.81,85.56
25.70,25.70,85.69,73.20,85.08
23.60,23.60,86.92,72.40,82.86
28.68,28.68,87.47,69.22,81.19
24.33,24.33,90.98,63.30,82.60
18.31,18.31,94.50,60.75,77.55
21.69,21.69,95.42,60.78,73.57
19.11,19.11,96.61,66.17,70.93
12.27,12.27,97.05,58.02,70.39
16.42,16.42,96.40,61.58,71.30
18.71,18.71,95.97,66.39,69.02
23.98,23.98,90.95,67.60,80.21
23.73,23.73,87.90,73.76,87.23
21.91,21.91,85.78,74.40,87.33
29.16,29.16,86.09,75.26,87.25
34.42,34.42,86.36,75.09,87.02
36.43,36.43,86.39,72.43,87.19
34.01,34.01,87.07,72.21,85.37
26.20,26.20,86.77,73.46,84.50
24.47,24.47,87.54,72.58,83.48
26.04,26.04,87.32,64.66,81.68
26.12,26.12,91.66,58.87,78.81
23.29,23.29,94.08,58.50,79.00
20.26,20.26,94.26,62.32,76.53
18.90,18.90,95.83,64.77,72.46
16.16,16.16,96.19,57.15,71.81
17.40,17.40,96.41,61.43,70.95
20.34,20.34,93.76,63.71,74.51
28.05,28.05,91.18,70.87,80.84
25.74,25.74,86.77,72.99,85.31
22.25,22.25,86.81,75.24,86.24
24.53,24.53,87.16,75.05,85.96
25.56,25.56,86.87,72.19,86.44
24.82,24.82,87.06,72.11,86.31
25.63,25.63,87.42,70.74,85.70
26.13,26.13,85.60,70.23,83.93
24.48,24.48,88.24,65.56,83.51
25.28,25.28,89.37,58.36,79.15
18.44,18.44,93.75,55.19,75.14
15.71,15.71,95.28,56.70,78.41
20.81,20.81,91.05,59.22,80.53
20.79,20.79,88.98,60.32,79.72
21.38,21.38,92.82,57.00,75.79
16.93,16.93,95.09,59.02,77.29
16.47,16.47,92.60,59.68,78.36
21.44,21.44,87.61,61.85,79.61
27.70,27.70,91.70,56.80,76.99
20.99,20.99,94.60,58.90,74.34
16.87,16.87,94.91,59.75,73.75
24.55,24.55,95.21,62.59,71.50
17.06,17.06,95.87,62.14,71.23
19.89,19.89,95.26,64.43,72.34
21.61,21.61,93.24,64.90,73.97
23.52,23.52,88.35,61.94,81.72
21.24,21.24,89.99,57.66,77.17
19.74,19.74,93.87,58.83,75.37
20.63,20.63,94.28,60.22,74.77
22.74,22.74,95.26,62.20,71.83
20.69,20.69,95.90,62.62,71.05
15.90,15.90,95.60,64.69,72.49
23.53,23.53,94.74,66.28,72.87
26.69,26.69,89.54,64.35,81.88
26.30,26.30,87.31,61.59,80.59
18.92,18.92,80.78,61.25,75.64
18.36,18.36,75.93,58.83,74.38
23.94,23.94,82.70,61.19,80.83
22.09,22.09,86.37,58.48,82.88
20.76,20.76,84.13,56.70,76.68
19.63,19.63,75.65,54.39,73.05
19.83,19.83,78.96,56.24,75.53
32.01,32.01,86.91,56.66,82.42
24.68,24.68,90.18,56.33,83.13
19.78,19.78,94.15,55.44,76.67
20.85,20.85,95.00,57.30,73.45
19.37,19.37,96.21,63.55,71.85
8.70,8.70,97.16,58.24,70.40
17.70,17.70,96.74,60.78,71.19
21.14,21.14,96.12,63.48,70.41
30.00,30.00,90.84,67.94,81.08
24.40,24.40,87.65,73.15,87.37
23.52,23.52,86.29,73.94,88.06
34.28,34.28,85.47,74.42,87.84
37.13,37.13,85.94,74.11,87.88
39.52,39.52,86.53,73.08,87.32
34.39,34.39,86.67,71.84,86.43
24.93,24.93,86.51,73.55,84.86
23.16,23.16,87.19,74.60,84.07
26.63,26.63,86.11,67.95,82.63
26.25,26.25,91.18,61.96,79.18
19.86,19.86,94.18,60.37,78.79
19.47,19.47,94.46,62.68,76.20
14.85,14.85,95.67,67.17,72.47
18.77,18.77,96.36,57.18,71.69
19.25,19.25,96.26,59.71,71.03
22.37,22.37,93.60,64.14,74.69
29.73,29.73,90.60,71.62,81.59
26.00,26.00,87.00,71.56,86.15
22.96,22.96,86.45,75.50,86.69
24.26,24.26,86.96,76.68,86.85
24.13,24.13,87.47,72.97,87.40
23.47,23.47,87.21,71.85,87.10
22.67,22.67,87.08,71.99,86.37
21.79,21.79,86.41,73.35,84.41
21.08,21.08,87.72,72.45,82.76
23.78,23.78,89.67,67.70,77.97
18.16,18.16,94.02,63.24,73.40
18.16,18.16,95.24,63.48,75.12
16.92,16.92,96.15,65.50,71.81
15.45,15.45,96.88,67.13,69.39
11.08,11.08,96.79,59.75,69.84
16.48,16.48,96.19,65.73,71.71
30.43,30.43,93.14,68.04,76.44
28.22,28.22,88.90,71.14,85.91
27.10,27.10,86.29,74.11,88.36
26.17,26.17,85.97,74.90,87.45
28.08,28.08,85.31,75.11,87.96
31.66,31.66,86.39,74.52,88.00
31.35,31.35,86.88,73.71,87.21
27.98,27.98,86.53,72.59,86.56
25.80,25.80,86.41,72.81,85.08
24.58,24.58,86.13,71.45,82.62
21.88,21.88,88.89,66.40,78.80
22.21,22.21,93.25,65.26,79.48
17.95,17.95,94.57,63.21,76.74
20.49,20.49,95.28,66.86,73.28
19.08,19.08,96.63,62.34,70.41
18.58,18.58,95.99,58.52,72.99
19.12,19.12,94.23,65.25,74.14
29.41,29.41,91.93,65.92,77.43
26.30,26.30,87.59,71.01,86.84
26.22,26.22,86.52,70.70,88.16
23.67,23.67,86.69,74.16,88.73
23.33,23.33,86.82,74.39,88.22
25.68,25.68,86.50,74.92,87.58
27.31,27.31,86.93,72.77,86.98
24.06,24.06,85.98,73.39,86.44
25.91,25.91,86.25,71.94,84.19
22.70,22.70,87.10,67.66,80.84
24.03,24.03,91.07,61.98,76.67
12.58,12.58,94.55,62.58,74.94
20.72,20.72,94.55,62.55,74.71
18.36,18.36,95.47,67.14,71.58
16.48,16.48,95.78,66.65,70.90
19.46,19.46,94.28,69.35,74.05
21.52,21.52,94.04,71.19,74.69
21.90,21.90,85.58,68.70,84.80
24.67,24.67,87.57,68.12,80.53
22.12,22.12,83.88,71.86,84.93
26.73,26.73,86.75,72.03,81.92
24.47,24.47,85.69,74.08,84.30
24.89,24.89,86.37,73.43,80.28
24.28,24.28,85.49,74.09,83.74
25.45,25.45,85.81,74.35,80.68
23.71,23.71,88.45,73.39,82.11
27.44,27.44,86.52,70.90,80.78
25.05,25.05,91.66,64.25,77.93
20.28,20.28,94.08,66.00,74.52
18.93,18.93,94.60,64.76,74.72
16.00,16.00,96.29,66.92,71.03
16.18,16.18,96.85,65.10,70.12
26.09,26.09,96.47,65.56,74.83
35.78,35.78,92.93,69.48,78.84
36.18,36.18,87.50,61.86,82.43
24.86,24.86,90.40,59.20,79.40
19.39,19.39,93.77,60.74,76.63
24.08,24.08,94.47,63.79,76.91
22.51,22.51,95.82,64.15,76.84
18.60,18.60,96.54,66.13,70.25
18.68,18.68,96.96,65.42,65.53
24.01,24.01,96.10,68.95,69.76
28.98,28.98,88.18,76.53,80.72
25.74,25.74,83.47,80.06,77.14
30.18,30.18,81.18,83.09,76.77
31.18,31.18,83.14,81.10,76.43
29.24,29.24,78.18,81.18,75.85
34.39,34.39,78.64,80.60,76.53
36.55,36.55,77.80,80.55,75.31
37.38,37.38,75.84,80.47,73.71
39.33,39.33,79.69,75.38,77.60
33.64,33.64,83.26,78.23,79.54
25.20,25.20,83.51,83.20,80.21
22.98,22.98,81.54,83.07,80.55
25.54,25.54,81.57,83.16,81.56
20.93,20.93,79.46,83.61,82.57
25.51,25.51,81.01,83.09,81.61
25.40,25.40,78.59,83.39,81.47
30.46,30.46,79.52,81.48,80.31
31.32,31.32,81.58,76.06,79.03
30.06,30.06,78.09,68.03,77.35
32.00,32.00,77.17,69.31,76.28
34.92,34.92,75.79,68.49,76.32
33.94,33.94,75.29,69.60,76.51
27.56,27.56,76.46,68.36,74.91
26.84,26.84,76.50,77.32,75.45
26.44,26.44,76.48,78.08,76.35
23.81,23.81,77.30,74.87,78.18
23.47,23.47,77.05,67.37,78.03
18.98,18.98,77.97,63.05,77.68
12.98,12.98,78.73,71.16,79.87
12.78,12.78,82.62,71.55,77.82
17.01,17.01,83.52,69.71,77.79
20.03,20.03,82.65,68.80,78.48
20.86,20.86,79.21,66.19,77.66
21.62,21.62,84.16,63.16,80.39
30.17,30.17,86.63,61.24,81.05
20.44,20.44,90.43,62.89,81.27
19.50,19.50,94.43,64.84,76.08
20.51,20.51,94.86,65.73,72.80
17.45,17.45,95.94,68.18,70.86
16.54,16.54,96.78,62.09,70.26
19.18,19.18,96.10,62.54,70.87
20.49,20.49,94.81,65.61,72.44
25.82,25.82,89.71,68.38,82.56
26.30,26.30,86.56,73.07,89.31
25.50,25.50,85.24,73.93,89.68
28.91,28.91,86.01,74.28,89.36
36.90,36.90,85.43,73.25,89.14
37.63,37.63,85.91,71.66,88.68
32.52,32.52,86.38,72.64,88.23
23.20,23.20,87.13,70.07,86.80
19.06,19.06,87.51,74.21,83.66
21.02,21.02,87.34,71.79,81.12
25.69,25.69,92.47,65.06,78.71
22.56,22.56,94.32,66.90,77.31
18.10,18.10,95.31,67.26,73.53
20.73,20.73,95.94,69.13,70.83
17.04,17.04,96.14,58.81,70.68
20.04,20.04,95.55,59.84,70.75
26.37,26.37,93.70,64.86,75.23
31.01,31.01,89.87,70.98,83.18
27.88,27.88,86.41,70.86,87.37
25.20,25.20,86.38,74.21,87.87
24.78,24.78,86.39,75.81,88.15
24.58,24.58,86.67,74.07,87.99
22.60,22.60,87.19,71.42,88.13
25.69,25.69,86.87,71.65,87.42
26.31,26.31,86.29,72.31,84.82
21.46,21.46,88.41,73.38,81.95
21.38,21.38,90.45,70.70,76.69
18.51,18.51,94.56,66.69,72.88
15.79,15.79,95.67,67.25,74.58
14.87,14.87,96.69,68.56,72.06
18.29,18.29,96.69,68.59,69.88
12.49,12.49,96.68,61.91,71.03
15.83,15.83,96.27,67.49,70.92
27.37,27.37,92.75,69.84,78.23
26.13,26.13,88.42,70.30,87.26
27.55,27.55,86.37,73.89,89.00
28.57,28.57,86.26,75.09,88.42
29.37,29.37,85.61,75.55,88.28
29.69,29.69,86.26,73.60,89.08
29.14,29.14,86.75,74.11,87.38
28.96,28.96,86.92,72.59,87.91
29.64,29.64,86.52,72.22,84.74
25.19,25.19,87.02,72.16,81.69
22.08,22.08,89.51,67.12,77.56
25.35,25.35,93.64,64.90,78.38
18.19,18.19,94.78,63.87,75.45
20.97,20.97,95.28,68.01,71.60
17.51,17.51,96.41,62.57,71.22
21.25,21.25,96.14,60.14,72.96
21.62,21.62,94.16,68.29,73.72
28.54,28.54,91.75,67.13,77.89
25.83,25.83,86.53,69.74,87.53
23.99,23.99,85.46,71.11,89.06
27.83,27.83,85.55,72.70,88.75
24.22,24.22,86.41,71.78,88.51
22.12,22.12,86.64,73.67,88.11
21.91,21.91,86.49,72.00,87.91
24.82,24.82,85.76,73.04,85.64
21.84,21.84,86.80,72.70,82.48
30.70,30.70,86.65,72.33,80.12
24.69,24.69,91.14,67.99,81.92
21.77,21.77,94.47,69.83,76.30
21.09,21.09,95.51,68.33,71.80
18.96,18.96,96.58,68.43,69.55
8.70,8.70,97.02,60.33,71.34
16.66,16.66,96.25,62.84,71.04
20.97,20.97,95.21,66.82,71.36
27.39,27.39,89.53,68.85,82.57
23.40,23.40,86.51,71.48,88.99
21.75,21.75,85.25,73.67,88.96
20.20,20.20,85.63,72.16,89.24
23.66,23.66,84.82,71.37,88.76
25.40,25.40,85.41,71.97,88.73
23.69,23.69,84.94,72.92,87.74
23.45,23.45,87.34,72.66,86.81
24.21,24.21,87.24,72.65,83.36
24.74,24.74,86.50,67.44,81.31
25.21,25.21,91.77,59.61,78.80
22.04,22.04,94.29,60.56,77.40
21.21,21.21,95.08,62.77,74.10
22.48,22.48,95.81,63.07,71.77
17.76,17.76,96.15,52.53,71.41
22.66,22.66,95.74,57.23,70.88
26.99,26.99,94.23,62.65,75.45
28.64,28.64,89.43,67.60,84.32
24.59,24.59,85.33,71.86,87.29
19.28,19.28,85.32,72.60,88.30
22.32,22.32,85.49,73.33,88.28
24.06,24.06,85.06,72.86,88.15
21.69,21.69,85.49,71.71,88.42
21.63,21.63,84.78,72.48,88.15
23.27,23.27,85.24,70.80,86.06
17.13,17.13,88.07,70.28,82.99
22.26,22.26,89.87,63.14,77.91
23.85,23.85,93.78,57.01,73.70
18.45,18.45,95.09,54.32,74.12
12.14,12.14,82.24,57.15,62.30
1.34,1.34,65.05,48.82,45.52
3.83,3.83,48.39,43.27,38.91
9.32,9.32,53.44,52.14,51.30
20.00,20.00,80.20,55.13,67.32
26.55,26.55,89.59,48.71,66.37
27.15,27.15,93.06,50.27,65.78
18.36,18.36,95.78,51.88,67.48
17.09,17.09,90.66,53.24,65.05
4.33,4.33,71.97,50.58,46.43
4.57,4.57,53.66,46.98,38.01
8.64,8.64,51.06,46.04,48.85
23.64,23.64,67.09,52.66,62.83
25.27,25.27,90.94,52.83,70.29
26.12,26.12,91.02,50.42,64.72
19.89,19.89,94.70,52.89,64.25
19.51,19.51,94.94,54.74,66.75
9.43,9.43,79.04,56.64,52.43
2.13,2.13,60.19,44.67,39.29
5.25,5.25,47.43,44.65,40.32
12.29,12.29,53.25,50.17,53.48
24.18,24.18,87.79,57.82,68.88
25.88,25.88,90.21,52.75,68.99
22.14,22.14,93.35,52.12,67.25
22.71,22.71,95.57,53.83,67.55
23.70,23.70,87.31,62.51,61.82
19.47,19.47,65.94,54.91,44.52
31.32,31.32,47.57,44.83,42.78
54.59,54.59,55.88,43.15,56.81
68.78,68.78,78.62,46.64,70.19
78.98,78.98,87.93,54.46,79.22
88.65,88.65,83.66,55.72,74.58
85.61,85.61,84.29,58.01,77.06
86.44,86.44,83.57,55.20,74.45
83.45,83.45,85.63,64.00,78.95
76.87,76.87,89.86,68.12,79.06
79.41,79.41,87.63,66.47,79.21
74.37,74.37,91.76,76.08,74.21
66.01,66.01,91.98,81.02,72.57
64.58,64.58,91.58,81.93,70.88
68.68,68.68,89.56,83.03,72.93
66.71,66.71,90.84,84.15,71.70
66.80,66.80,89.87,82.66,72.16
74.39,74.39,90.12,78.30,75.59
82.39,82.39,85.86,76.31,79.88
85.53,85.53,83.34,76.58,81.08
87.05,87.05,80.29,67.09,82.60
87.06,87.06,81.02,54.43,81.36
89.26,89.26,79.08,52.92,75.59
89.27,89.27,79.25,46.41,73.58
86.45,86.45,81.43,61.28,79.33
85.16,85.16,82.96,68.39,81.46
81.23,81.23,85.47,66.43,83.51
85.54,85.54,82.70,67.22,81.04
79.45,79.45,88.88,75.45,79.57
75.37,75.37,88.56,81.66,77.48
73.89,73.89,90.88,81.88,75.28
76.21,76.21,90.02,79.55,77.25
77.97,77.97,90.81,78.27,77.13
81.04,81.04,89.46,77.44,80.01
84.48,84.48,85.39,76.17,81.80
85.42,85.42,83.23,77.51,80.44
84.78,84.78,83.06,73.56,79.59
85.45,85.45,82.54,64.96,83.66
86.55,86.55,82.24,56.05,82.29
87.53,87.53,83.02,60.34,80.47
89.32,89.32,79.89,68.92,76.55
81.47,81.47,84.63,73.88,78.73
72.29,72.29,87.46,77.39,81.37
74.18,74.18,87.86,77.62,80.13
74.83,74.83,88.59,78.99,78.22
65.75,65.75,89.80,84.73,71.67
66.50,66.50,90.76,81.04,74.02
62.40,62.40,90.72,83.68,73.74
59.76,59.76,90.44,82.73,73.11
60.20,60.20,89.70,81.45,73.25
62.35,62.35,90.35,81.35,75.31
71.32,71.32,89.09,79.96,79.27
65.36,65.36,89.02,81.34,77.58
74.20,74.20,88.01,77.76,79.35
81.24,81.24,86.22,63.30,83.55
87.40,87.40,83.97,60.55,79.62
84.74,84.74,82.99,62.34,80.72
87.77,87.77,81.19,64.90,78.59
80.66,80.66,84.37,69.14,81.62
76.00,76.00,84.41,71.83,80.20
74.67,74.67,84.50,71.91,80.96
73.07,73.07,88.12,78.16,77.36
72.68,72.68,90.61,84.49,74.26
69.11,69.11,89.77,82.57,74.56
67.58,67.58,90.45,83.04,72.89
67.56,67.56,89.38,82.24,71.84
66.93,66.93,89.58,82.52,74.52
68.12,68.12,89.52,80.97,76.32
74.08,74.08,86.78,82.33,79.44
71.57,71.57,87.07,81.80,77.91
67.12,67.12,83.98,76.08,78.17
59.58,59.58,81.63,63.46,78.25
59.13,59.13,82.02,67.53,77.01
64.56,64.56,82.24,69.56,76.74
66.18,66.18,82.19,73.24,75.56
71.47,71.47,82.53,86.01,75.05
77.87,77.87,82.53,78.03,71.55
78.38,78.38,80.22,83.17,74.89
74.23,74.23,79.46,79.99,71.21
72.33,72.33,80.92,84.97,74.61
72.13,72.13,79.93,81.30,75.36
70.76,70.76,80.20,85.17,75.14
66.40,66.40,81.79,88.33,75.04
65.61,65.61,82.48,88.67,76.67
68.10,68.10,82.88,89.28,75.98
64.82,64.82,82.99,89.71,75.29
64.33,64.33,82.14,90.63,76.41
62.98,62.98,80.78,91.73,76.01
64.47,64.47,79.89,91.00,75.77
70.27,70.27,78.90,90.29,75.67
71.90,71.90,77.52,89.51,74.64
71.59,71.59,77.50,92.10,74.61
70.51,70.51,77.88,90.52,77.08
64.68,64.68,80.10,90.74,75.60
58.65,58.65,81.38,90.99,75.64
55.35,55.35,82.68,91.99,76.84
52.87,52.87,82.37,91.07,76.93
56.96,56.96,82.15,90.73,76.91
62.70,62.70,80.12,90.81,75.51
76.10,76.10,77.25,91.96,77.08
83.15,83.15,75.55,90.61,75.71
84.23,84.23,74.62,90.57,74.87
84.89,84.89,74.74,91.57,72.43
81.96,81.96,77.17,91.10,73.28
81.66,81.66,78.20,90.68,73.75
76.31,76.31,80.22,90.51,73.64
68.75,68.75,80.65,91.89,74.24
69.35,69.35,81.71,90.90,75.36
66.70,66.70,81.43,90.73,75.68
67.76,67.76,81.33,91.42,73.34
66.71,66.71,80.83,91.70,74.44
68.75,68.75,81.44,91.22,74.82
68.58,68.58,81.06,90.59,76.45
69.18,69.18,80.90,91.93,72.86
69.98,69.98,80.67,91.07,71.84
77.48,77.48,80.82,90.65,73.10
71.98,71.98,80.78,90.74,71.39
66.60,66.60,80.77,91.15,72.87
67.73,67.73,82.52,89.10,72.79
80.33,80.33,80.37,91.23,75.41
83.10,83.10,79.82,89.54,75.67
77.45,77.45,80.78,89.00,75.39
66.93,66.93,81.45,90.77,76.74
67.61,67.61,82.20,89.00,79.59
62.93,62.93,82.48,88.61,78.56
63.41,63.41,81.47,90.31,78.46
65.99,65.99,82.69,87.43,78.74
64.41,64.41,82.26,90.10,78.05
64.67,64.67,82.70,86.98,78.26
68.03,68.03,83.12,88.71,78.18
68.47,68.47,83.05,88.21,78.43
66.75,66.75,84.04,83.62,80.45
67.92,67.92,83.38,84.19,80.93
70.11,70.11,83.23,79.39,84.31
71.53,71.53,83.57,73.60,84.03
71.92,71.92,84.34,74.16,85.14
66.32,66.32,83.61,73.47,82.63
61.41,61.41,86.25,74.60,78.21
56.52,56.52,89.82,71.92,76.17
51.32,51.32,90.72,70.76,74.75
50.02,50.02,90.39,73.45,73.54
49.64,49.64,87.98,75.01,74.44
50.51,50.51,84.73,70.62,71.86
51.81,51.81,82.42,74.79,75.23
53.58,53.58,80.14,78.30,76.08
55.32,55.32,80.32,74.95,74.19
60.35,60.35,81.42,80.94,74.56
70.60,70.60,82.75,82.90,76.86
74.94,74.94,80.70,83.97,76.60
77.45,77.45,81.19,83.81,77.20
71.64,71.64,81.00,84.83,76.92
68.18,68.18,81.76,85.06,78.86
64.35,64.35,81.72,84.55,76.54
64.11,64.11,81.96,81.65,75.80
72.06,72.06,82.66,79.78,75.46
75.06,75.06,83.54,76.66,78.42
75.09,75.09,84.44,77.79,77.63
69.93,69.93,85.13,78.15,76.21
65.61,65.61,83.45,75.17,77.09
66.92,66.92,83.79,73.15,75.25
63.93,63.93,82.98,70.61,76.57
64.46,64.46,80.92,70.44,76.46
64.30,64.30,81.44,70.50,75.77
68.84,68.84,82.58,70.37,76.57
76.44,76.44,81.03,71.08,78.32
75.29,75.29,80.17,70.06,77.18
70.18,70.18,80.23,72.98,76.18
69.56,69.56,83.08,76.42,79.51
69.29,69.29,82.22,77.39,81.05
74.67,74.67,81.26,75.05,79.28
61.47,61.47,86.53,72.81,77.10
66.07,66.07,84.49,69.98,75.58
63.15,63.15,85.69,71.49,77.52
69.94,69.94,84.63,73.69,77.64
74.45,74.45,85.64,75.81,75.55
67.21,67.21,85.86,74.17,76.02
69.79,69.79,84.94,72.76,76.11
67.24,67.24,82.30,71.37,75.81
68.07,68.07,83.93,66.71,76.05
63.15,63.15,85.58,65.51,75.25
65.24,65.24,82.27,65.65,75.11
68.34,68.34,83.57,71.34,77.49
68.24,68.24,83.55,67.61,75.92
69.63,69.63,81.69,67.80,78.53
68.11,68.11,81.63,68.38,77.14
66.61,66.61,80.17,64.40,76.97
66.16,66.16,79.13,64.86,75.51
65.99,65.99,81.96,69.43,75.28
61.54,61.54,86.20,73.32,76.23
59.70,59.70,85.80,75.52,77.92
68.36,68.36,83.06,74.47,77.06
67.92,67.92,82.40,75.59,74.58
74.34,74.34,86.31,78.98,71.93
76.01,76.01,83.75,79.88,72.78
73.40,73.40,84.05,78.65,74.87
70.84,70.84,85.00,77.27,74.53
70.76,70.76,83.48,79.25,77.51
78.66,78.66,79.67,72.67,76.73
83.45,83.45,80.07,73.04,75.63
76.86,76.86,79.57,72.40,78.92
73.38,73.38,77.39,72.18,77.17
72.54,72.54,80.12,68.84,77.43
69.83,69.83,76.83,63.49,74.30
67.55,67.55,79.20,63.72,75.79
67.23,67.23,82.33,66.47,75.35
71.20,71.20,85.45,75.73,80.76
75.84,75.84,81.35,78.27,78.10
74.71,74.71,80.87,79.18,75.97
77.97,77.97,85.34,78.50,75.80
79.95,79.95,82.04,79.29,76.66
77.23,77.23,81.63,82.91,81.00
76.27,76.27,79.47,81.98,81.07
74.96,74.96,80.49,83.19,79.80
77.08,77.08,80.61,79.50,79.52
75.45,75.45,79.35,71.84,77.83
77.14,77.14,79.18,67.48,77.88
78.79,78.79,77.53,70.21,77.01
76.20,76.20,78.96,67.93,78.27
70.10,70.10,80.58,63.04,77.69
68.91,68.91,81.00,66.69,75.27
70.38,70.38,84.20,71.52,75.76
72.61,72.61,88.18,70.16,73.44
74.68,74.68,86.02,71.69,76.05
74.26,74.26,83.77,72.41,75.82
76.08,76.08,84.64,73.01,75.94
76.50,76.50,85.77,71.02,76.04
70.67,70.67,80.39,75.92,75.52
79.11,79.11,82.44,74.60,76.53
82.76,82.76,81.82,75.84,76.37
82.53,82.53,81.61,70.21,75.51
78.04,78.04,81.28,67.09,77.68
77.88,77.88,79.06,63.00,77.24
78.64,78.64,79.73,63.79,74.67
77.58,77.58,79.24,59.24,76.25
75.80,75.80,77.27,58.03,76.59
77.80,77.80,78.56,62.31,76.75
80.70,80.70,78.08,63.15,75.90
79.11,79.11,79.11,66.23,76.54
76.99,76.99,83.46,70.50,78.53
75.42,75.42,84.81,76.11,76.51
74.69,74.69,85.10,76.15,75.60
75.82,75.82,86.07,76.30,76.76
73.22,73.22,83.83,74.61,73.94
70.77,70.77,85.47,78.07,76.74
72.15,72.15,81.03,75.52,75.64
77.60,77.60,82.02,78.04,77.22
76.52,76.52,82.46,76.99,76.38
72.67,72.67,81.24,70.78,78.81
65.48,65.48,82.30,71.74,78.02
64.59,64.59,79.74,71.71,77.07
68.87,68.87,81.35,68.65,77.96
67.13,67.13,80.74,65.53,79.55
70.66,70.66,79.75,66.66,74.20
67.51,67.51,79.04,67.23,73.88
67.58,67.58,83.79,71.26,75.58
78.33,78.33,84.01,73.65,77.19
76.84,76.84,84.12,75.24,76.16
80.46,80.46,84.01,75.42,77.39
78.94,78.94,85.67,76.38,75.48
77.65,77.65,86.29,74.10,75.74
80.22,80.22,83.22,76.86,75.82
80.96,80.96,78.27,77.36,78.48
74.45,74.45,77.49,75.59,77.73
81.28,81.28,80.67,76.45,77.86
81.08,81.08,78.16,73.44,80.06
75.80,75.80,79.67,68.60,79.54
77.00,77.00,81.10,69.67,80.30
76.41,76.41,78.80,73.09,79.69
78.67,78.67,79.25,71.06,78.25
78.18,78.18,75.79,67.40,74.52
77.18,77.18,76.93,65.41,73.68
75.05,75.05,79.04,66.43,74.53
77.87,77.87,84.28,61.82,79.18
78.72,78.72,84.67,64.87,80.64
75.99,75.99,83.87,63.92,77.61
76.59,76.59,81.96,65.84,76.93
78.66,78.66,82.29,70.70,79.23
78.56,78.56,83.74,67.23,79.09
76.21,76.21,80.19,69.53,78.29
77.17,77.17,79.85,69.91,78.65
80.21,80.21,81.34,76.07,80.54
78.57,78.57,81.40,78.62,84.47
77.89,77.89,80.69,79.92,85.97
76.29,76.29,80.04,81.53,86.36
75.81,75.81,77.37,80.96,82.12
78.44,78.44,75.12,82.05,78.21
79.67,79.67,76.05,82.71,78.90
77.04,77.04,75.46,81.32,81.43
76.71,76.71,80.92,77.72,81.66
80.89,80.89,83.46,67.85,75.89
75.51,75.51,84.84,61.10,74.76
75.74,75.74,85.75,58.15,76.82
78.17,78.17,84.23,55.52,79.45
79.18,79.18,83.47,56.97,79.30
75.11,75.11,80.23,59.36,80.56
76.60,76.60,81.59,64.90,80.09
80.19,80.19,79.78,68.62,75.99
79.40,79.40,77.12,72.00,81.47
74.11,74.11,76.74,74.43,81.54
74.42,74.42,78.65,81.07,81.10
73.83,73.83,77.61,79.71,82.35
72.93,72.93,77.07,80.09,83.34
76.10,76.10,76.67,78.80,84.07
75.09,75.09,75.52,80.62,82.16
75.85,75.85,76.98,82.55,83.03
82.40,82.40,80.32,78.54,78.74
80.29,80.29,81.76,75.30,78.41
79.70,79.70,84.71,68.71,78.20
81.31,81.31,82.08,62.00,79.56
80.29,80.29,82.04,60.46,76.88
79.17,79.17,83.44,66.12,77.63
81.38,81.38,83.84,72.23,79.21
75.79,75.79,80.12,73.17,80.41
83.79,83.79,81.67,72.48,78.93
76.28,76.28,79.45,74.13,77.70
77.38,77.38,78.63,75.46,78.78
80.35,80.35,77.36,75.18,81.07
78.86,78.86,77.27,71.64,78.30
79.49,79.49,77.85,67.99,79.33
77.17,77.17,73.10,63.45,80.76
80.23,80.23,70.92,61.51,77.83
80.65,80.65,78.25,66.56,76.64
73.30,73.30,85.41,72.95,79.55
73.03,73.03,84.85,73.68,78.15
76.78,76.78,82.53,70.13,79.22
73.97,73.97,82.14,75.02,78.41
75.37,75.37,79.07,70.98,76.34
75.14,75.14,82.37,79.13,79.64
73.42,73.42,83.39,78.87,81.82
75.41,75.41,79.03,79.10,81.92
76.01,76.01,79.56,77.93,81.13
78.18,78.18,79.19,70.47,81.16
77.95,77.95,77.61,67.39,77.11
78.27,78.27,78.20,63.33,79.26
78.16,78.16,77.50,59.05,80.25
77.64,77.64,77.72,60.42,78.98
78.67,78.67,78.10,58.56,77.75
77.71,77.71,78.05,61.20,80.90
74.99,74.99,79.38,64.75,76.47
73.93,73.93,82.79,70.73,77.57
73.66,73.66,83.84,75.93,79.47
74.75,74.75,86.88,75.97,81.13
74.94,74.94,83.59,79.66,84.83
77.18,77.18,79.33,77.52,83.42
75.86,75.86,80.41,77.66,82.71
76.95,76.95,79.26,78.36,82.33
78.84,78.84,80.13,81.38,83.02
76.76,76.76,78.47,78.21,80.30
76.34,76.34,77.68,70.21,80.62
77.40,77.40,77.43,65.58,81.02
78.16,78.16,76.45,59.89,81.37
74.70,74.70,76.71,60.34,85.28
76.27,76.27,75.45,61.82,86.50
78.25,78.25,73.55,66.13,79.37
79.71,79.71,75.91,70.04,80.19
81.19,81.19,84.86,68.41,80.27
79.68,79.68,82.33,64.94,76.62
79.79,79.79,85.05,66.96,78.09
78.90,78.90,86.19,68.04,77.38
78.15,78.15,85.55,68.25,77.66
81.41,81.41,82.88,68.83,77.53
78.14,78.14,80.22,68.01,77.23
79.75,79.75,83.28,69.70,79.21
84.05,84.05,80.42,67.95,80.45
79.30,79.30,80.18,72.11,80.85
82.01,82.01,77.16,69.50,78.94
83.06,83.06,76.88,68.41,82.25
81.63,81.63,76.90,71.56,79.96
83.04,83.04,77.06,69.62,80.81
83.14,83.14,76.75,70.40,79.49
81.27,81.27,76.94,74.36,78.90
80.13,80.13,78.52,71.14,78.23
83.16,83.16,81.86,66.91,79.66
80.70,80.70,85.21,59.51,78.10
78.53,78.53,83.42,57.93,79.22
81.63,81.63,83.99,56.32,79.60
79.84,79.84,81.24,56.74,78.39
80.76,80.76,83.58,63.98,78.01
83.44,83.44,82.31,64.33,78.07
78.37,78.37,83.68,64.98,79.15
83.35,83.35,82.59,66.10,79.64
80.65,80.65,80.83,65.75,78.99
77.82,77.82,79.04,65.52,80.34
78.07,78.07,76.42,66.05,80.65
81.52,81.52,75.23,65.18,81.09
84.46,84.46,74.42,66.52,80.45
78.87,78.87,74.02,65.79,79.71
79.46,79.46,72.10,67.66,79.39
81.93,81.93,76.83,64.80,79.48
80.60,80.60,83.13,61.67,80.71
78.38,78.38,85.17,62.93,81.96
81.20,81.20,85.52,68.45,82.67
76.67,76.67,84.77,63.97,80.73
79.09,79.09,82.28,64.04,81.09
81.46,81.46,83.66,68.66,80.33
74.44,74.44,82.89,70.15,80.39
79.15,79.15,80.32,72.35,81.27
81.59,81.59,79.92,72.26,80.90
76.74,76.74,78.47,71.67,79.54
83.62,83.62,77.43,72.03,81.64
76.36,76.36,77.69,68.72,80.23
75.22,75.22,77.14,64.67,80.53
83.17,83.17,82.23,57.25,80.71
78.46,78.46,80.15,64.28,80.25
82.96,82.96,75.51,67.61,80.43
73.40,73.40,81.70,68.45,80.38
75.35,75.35,85.08,59.76,82.24
73.40,73.40,86.19,59.80,82.06
71.25,71.25,86.05,57.51,82.17
75.52,75.52,84.38,49.83,84.11
70.68,70.68,84.27,54.34,83.21
74.04,74.04,84.24,55.81,84.28
77.99,77.99,83.10,59.68,85.31
78.94,78.94,83.22,65.81,84.05
73.06,73.06,83.94,73.00,80.81
69.68,69.68,84.74,79.69,80.83
72.24,72.24,82.24,81.19,81.66
69.07,69.07,81.06,81.95,83.36
68.64,68.64,82.12,81.82,83.20
71.57,71.57,80.44,81.73,81.32
70.55,70.55,78.80,81.80,80.86
70.99,70.99,80.80,82.67,81.89
71.73,71.73,82.35,76.55,80.85
78.94,78.94,85.70,65.27,83.21
81.49,81.49,86.07,64.63,82.20
80.20,80.20,84.03,62.37,81.62
74.17,74.17,85.62,55.53,80.91
78.83,78.83,85.75,56.69,81.93
78.81,78.81,82.69,58.15,79.49
77.64,77.64,84.08,62.48,81.15
80.28,80.28,83.53,66.65,80.34
74.23,74.23,86.09,82.77,80.15
71.27,71.27,84.29,83.50,78.75
72.32,72.32,82.46,84.23,79.33
70.22,70.22,81.52,82.61,79.49
70.37,70.37,80.77,84.84,78.46
69.61,69.61,81.19,84.09,78.54
69.66,69.66,81.78,84.51,81.10
73.04,73.04,83.03,80.82,83.32
81.13,81.13,84.56,73.52,84.95
79.85,79.85,84.11,66.41,83.45
77.17,77.17,83.45,66.52,82.49
74.07,74.07,82.58,63.82,83.04
81.23,81.23,82.77,69.11,84.68
81.08,81.08,81.53,71.96,83.48
78.80,78.80,82.80,74.87,82.75
74.64,74.64,83.43,72.29,81.78
73.08,73.08,84.93,70.64,81.62
76.32,76.32,85.69,73.95,80.25
74.79,74.79,86.65,73.06,81.72
76.06,76.06,82.42,71.94,82.74
70.45,70.45,83.87,70.94,81.88
72.58,72.58,81.53,72.08,81.45
73.60,73.60,81.40,74.36,82.91
76.17,76.17,81.11,73.25,78.56
74.88,74.88,81.98,78.17,79.58
69.63,69.63,86.64,79.76,80.77
65.85,65.85,87.15,81.09,80.21
70.41,70.41,85.69,79.39,81.97
71.81,71.81,81.21,80.44,82.36
72.65,72.65,84.99,81.70,81.99
67.55,67.55,82.49,82.87,78.61
71.29,71.29,83.21,81.82,79.58
68.28,68.28,82.01,83.39,79.37
72.66,72.66,83.24,75.59,81.46
75.31,75.31,81.70,65.95,81.61
72.63,72.63,83.71,69.77,83.60
69.49,69.49,81.76,72.27,84.69
70.21,70.21,82.19,70.65,83.67
68.51,68.51,80.93,73.57,83.29
69.20,69.20,81.27,72.54,83.13
68.03,68.03,84.57,72.49,80.27
69.23,69.23,85.89,68.26,81.08
63.71,63.71,86.04,71.21,80.13
66.51,66.51,83.67,68.50,83.78
65.56,65.56,83.95,70.58,82.74
63.90,63.90,84.44,73.28,83.75
62.49,62.49,84.35,79.19,84.95
60.14,60.14,83.68,80.87,82.25
59.95,59.95,82.55,78.61,79.55
66.64,66.64,82.92,78.05,83.42
66.06,66.06,83.80,73.95,85.15
66.33,66.33,84.32,66.11,84.21
63.25,63.25,81.78,66.07,83.79
63.87,63.87,81.09,64.41,84.87
66.97,66.97,80.36,65.95,85.11
65.42,65.42,82.45,65.04,82.05
64.73,64.73,84.50,64.66,82.36
68.34,68.34,83.89,69.00,83.73
65.87,65.87,83.44,66.00,81.41
68.23,68.23,85.65,63.21,82.74
65.05,65.05,84.49,66.76,84.22
66.12,66.12,85.53,68.15,83.40
64.28,64.28,85.66,65.01,81.56
72.13,72.13,84.71,63.76,82.23
68.78,68.78,85.38,67.81,81.12
68.72,68.72,85.21,67.16,80.33
67.20,67.20,85.60,68.02,80.83
68.74,68.74,86.27,66.44,83.57
70.61,70.61,83.25,66.15,84.59
71.28,71.28,81.55,70.09,83.73
72.37,72.37,81.72,69.03,82.42
70.31,70.31,80.76,69.87,82.26
76.36,76.36,81.68,69.35,83.34
73.92,73.92,81.96,69.96,83.23
70.01,70.01,81.83,67.65,83.22
66.57,66.57,86.94,70.42,83.25
63.57,63.57,86.44,75.43,80.16
66.19,66.19,85.75,75.06,81.27
63.39,63.39,85.37,77.82,83.21
60.00,60.00,83.81,79.63,83.95
62.93,62.93,83.39,79.01,81.82
64.90,64.90,82.01,74.28,81.88
61.76,61.76,82.30,78.07,81.61
62.47,62.47,84.22,70.78,81.01
66.12,66.12,85.07,73.10,81.49
69.11,69.11,84.65,73.73,81.76
67.47,67.47,83.41,76.51,82.36
67.95,67.95,81.45,73.76,82.68
70.56,70.56,81.61,74.56,83.56
69.18,69.18,82.27,76.15,81.68
65.43,65.43,82.17,74.06,81.96
61.83,61.83,85.01,72.03,81.56
64.11,64.11,86.21,70.96,80.41
66.04,66.04,88.56,67.84,82.07
64.26,64.26,86.43,70.91,82.43
64.85,64.85,84.56,69.49,83.83
66.17,66.17,84.85,72.96,83.88
66.35,66.35,83.47,73.16,85.09
65.98,65.98,82.48,72.36,87.24
62.91,62.91,83.42,71.46,82.40
64.50,64.50,85.80,72.96,83.32
69.77,69.77,84.60,72.66,86.03
69.11,69.11,83.79,74.54,84.23
65.48,65.48,82.26,76.01,82.95
70.54,70.54,82.06,75.72,84.11
73.62,73.62,81.80,74.80,85.94
72.27,72.27,82.28,75.14,84.62
76.57,76.57,82.46,70.68,86.68
76.75,76.75,84.74,65.19,84.65
67.89,67.89,86.56,57.55,82.18
65.11,65.11,85.22,53.81,84.65
63.61,63.61,88.05,50.85,80.92
65.96,65.96,86.07,47.55,83.26
67.98,67.98,85.63,52.90,83.97
66.97,66.97,83.82,58.16,84.92
68.34,68.34,82.77,58.25,85.70
67.47,67.47,83.90,67.86,84.49
69.93,69.93,83.50,77.05,84.18
66.66,66.66,85.36,79.49,83.30
63.68,63.68,83.96,84.95,82.96
65.83,65.83,83.25,84.43,81.62
64.23,64.23,84.31,83.10,82.93
66.76,66.76,82.06,83.61,83.13
66.08,66.08,83.81,79.48,80.89
63.70,63.70,85.50,81.65,81.35
67.84,67.84,85.09,77.34,83.75
73.06,73.06,85.62,63.65,85.85
66.07,66.07,86.21,63.50,83.26
62.46,62.46,86.16,57.12,81.71
69.33,69.33,87.12,54.92,86.32
66.54,66.54,85.55,53.30,83.42
66.07,66.07,86.09,63.43,83.37
71.77,71.77,84.69,66.78,84.49
63.98,63.98,84.95,67.80,83.57
64.74,64.74,84.36,72.75,87.84
61.96,61.96,85.09,73.41,85.90
63.00,63.00,84.43,69.08,85.42
60.85,60.85,84.81,67.00,84.86
61.70,61.70,83.75,66.67,87.52
58.04,58.04,84.77,65.59,86.86
65.95,65.95,84.49,61.33,84.87
62.26,62.26,84.76,61.65,85.92
71.68,71.68,85.02,56.54,86.67
60.39,60.39,84.98,49.74,83.10
66.57,66.57,86.88,48.88,83.61
66.57,66.57,87.23,52.06,84.97
63.07,63.07,85.53,53.32,84.48
62.06,62.06,85.19,56.27,85.55
63.66,63.66,86.75,53.00,84.17
65.36,65.36,84.82,56.68,82.53
66.28,66.28,84.60,59.72,83.25
70.59,70.59,83.88,65.36,85.51
67.64,67.64,84.29,67.58,85.21
70.54,70.54,85.51,66.14,85.58
61.09,61.09,84.11,66.41,84.01
62.48,62.48,84.22,65.82,85.71
66.99,66.99,84.34,69.85,85.85
64.65,64.65,86.00,70.34,85.17
65.52,65.52,84.40,65.96,84.41
60.93,60.93,85.20,64.86,83.26
57.44,57.44,86.01,60.89,81.39
55.35,55.35,87.22,54.15,81.18
58.81,58.81,86.02,52.47,83.38
59.85,59.85,85.67,51.95,83.74
58.70,58.70,85.45,53.45,83.69
59.09,59.09,87.98,55.68,82.40
56.79,56.79,85.37,56.48,82.28
63.38,63.38,83.64,61.24,86.45
63.98,63.98,85.21,58.56,87.67
65.52,65.52,86.29,62.91,85.39
67.18,67.18,84.96,62.17,85.10
65.74,65.74,83.95,58.55,83.62
64.00,64.00,83.67,61.22,84.32
64.96,64.96,85.51,60.55,84.80
66.07,66.07,85.16,59.83,85.89
65.25,65.25,79.02,62.68,83.57
61.58,61.58,76.96,56.39,82.07
61.63,61.63,70.64,61.82,80.99
60.94,60.94,73.02,83.42,79.11
63.98,63.98,69.16,86.06,78.38
69.38,69.38,69.78,86.08,80.73
69.48,69.48,69.21,86.43,80.74
65.46,65.46,69.47,86.09,80.35
64.96,64.96,73.07,85.57,82.17
69.00,69.00,79.00,75.40,82.29
69.67,69.67,79.24,60.24,84.48
77.41,77.41,77.18,52.17,85.42
79.10,79.10,77.59,57.73,84.74
73.13,73.13,79.08,52.91,84.41
71.50,71.50,77.55,43.87,83.99
69.53,69.53,78.09,44.68,84.19
65.61,65.61,79.54,43.19,83.13
66.36,66.36,80.50,41.72,82.17
68.05,68.05,79.35,38.07,82.12
68.57,68.57,74.81,40.56,82.81
70.28,70.28,74.28,35.95,82.28
71.58,71.58,74.11,41.75,81.41
70.43,70.43,74.05,41.22,81.32
69.18,69.18,73.69,39.59,83.94
68.50,68.50,74.77,32.75,82.70
71.81,71.81,77.15,40.41,82.67
82.88,82.88,73.65,43.72,82.13
81.99,81.99,73.94,43.50,81.34
80.38,80.38,75.29,44.57,83.03
82.84,82.84,73.81,45.28,82.10
77.59,77.59,75.78,46.22,83.26
78.29,78.29,75.47,38.77,82.91
81.00,81.00,74.92,36.56,82.55
73.63,73.63,76.95,38.62,82.19
76.33,76.33,76.52,39.00,80.74
78.60,78.60,76.47,36.47,81.24
76.00,76.00,76.15,30.37,82.10
74.45,74.45,77.82,30.65,80.80
73.26,73.26,77.67,30.35,81.34
73.09,73.09,77.07,32.08,80.97
72.50,72.50,77.73,27.69,81.73
72.91,72.91,77.70,29.93,82.86
68.55,68.55,79.73,29.85,80.54
67.20,67.20,80.26,32.11,81.86
67.57,67.57,80.11,29.06,82.06
62.51,62.51,78.16,32.01,82.83
61.62,61.62,74.86,35.10,83.03
62.89,62.89,73.95,36.25,83.25
62.84,62.84,74.76,32.95,82.81
62.55,62.55,76.07,30.90,82.36
59.82,59.82,77.92,26.09,81.38
62.55,62.55,78.16,26.58,83.41
65.70,65.70,76.66,20.80,83.14
66.09,66.09,76.21,14.98,84.89
63.92,63.92,76.62,13.84,82.87
63.99,63.99,76.45,14.36,82.32
64.10,64.10,77.80,16.59,83.92
64.02,64.02,78.34,20.95,84.14
63.37,63.37,77.85,17.00,83.33
62.67,62.67,78.91,12.34,82.98
62.43,62.43,79.24,8.86,81.93
63.74,63.74,77.24,4.18,83.10
63.51,63.51,78.61,1.07,82.90
62.95,62.95,78.31,1.13,82.96
60.41,60.41,78.66,1.22,83.46
57.02,57.02,78.07,3.95,83.52
60.40,60.40,78.98,11.15,85.00
56.29,56.29,83.56,17.36,84.81
50.51,50.51,86.84,19.81,82.17
45.33,45.33,89.85,18.92,79.87
48.54,48.54,90.89,16.27,82.17
48.43,48.43,90.06,33.07,82.18
47.65,47.65,88.25,38.05,82.49
47.05,47.05,87.56,49.96,81.58
46.51,46.51,86.44,62.50,84.39
46.58,46.58,86.33,72.15,83.90
43.88,43.88,84.89,81.49,82.13
41.58,41.58,84.34,81.01,80.95
41.70,41.70,84.41,79.32,81.92
39.36,39.36,83.50,78.01,81.15
41.28,41.28,84.64,79.18,81.76
45.28,45.28,84.84,81.64,79.87
43.85,43.85,83.93,82.42,81.46
45.26,45.26,84.11,82.79,80.91
48.20,48.20,83.33,75.55,85.31
47.81,47.81,87.05,57.94,84.62
54.21,54.21,88.21,50.27,83.34
53.38,53.38,90.18,40.18,80.96
52.43,52.43,88.52,43.83,79.63
54.33,54.33,88.30,43.93,83.85
54.02,54.02,87.32,56.89,82.88
58.81,58.81,87.20,69.07,81.77
56.97,56.97,86.23,79.96,81.87
49.80,49.80,85.31,85.26,79.48
50.37,50.37,82.45,85.32,80.63
51.59,51.59,82.91,86.94,81.34
55.29,55.29,82.84,85.36,81.39
52.87,52.87,82.31,87.16,80.02
54.03,54.03,81.63,87.80,78.85
56.10,56.10,81.74,86.18,79.52
62.34,62.34,82.35,86.07,79.91
78.54,78.54,82.46,70.54,83.92
72.95,72.95,88.19,57.53,80.55
65.75,65.75,88.59,50.91,80.85
61.18,61.18,90.87,39.26,80.48
62.41,62.41,88.85,42.13,81.11
66.56,66.56,85.71,49.95,81.47
64.52,64.52,87.13,58.08,79.60
65.72,65.72,86.29,69.01,82.21
67.16,67.16,86.73,78.12,82.19
67.38,67.38,86.18,81.83,80.73
72.19,72.19,84.45,82.26,83.19
70.69,70.69,82.98,82.21,85.00
68.46,68.46,82.95,84.75,81.47
66.62,66.62,82.47,86.19,83.35
62.38,62.38,81.76,84.73,80.50
66.41,66.41,81.25,86.84,80.95
70.22,70.22,80.80,85.36,80.91
77.77,77.77,83.23,76.64,80.66
72.04,72.04,89.84,75.98,77.62
65.57,65.57,89.76,70.59,76.74
66.53,66.53,88.25,62.51,78.37
65.27,65.27,88.49,58.55,78.39
65.93,65.93,89.46,70.98,76.68
65.84,65.84,87.57,76.89,76.63
65.46,65.46,85.78,83.26,78.53
73.39,73.39,85.77,83.56,81.67
70.22,70.22,84.88,83.47,79.46
69.55,69.55,85.34,84.08,79.91
69.99,69.99,85.16,82.36,80.56
73.44,73.44,83.30,80.99,81.31
72.33,72.33,83.25,81.49,79.26
72.10,72.10,83.99,83.89,78.89
74.22,74.22,83.94,83.26,79.96
75.44,75.44,83.12,75.42,80.28
77.21,77.21,85.27,62.06,79.98
71.67,71.67,88.71,55.70,75.79
74.19,74.19,90.34,45.23,77.71
72.57,72.57,89.80,32.53,79.83
71.97,71.97,87.85,39.29,77.72
70.09,70.09,88.16,47.05,78.10
74.74,74.74,87.26,59.12,80.83
76.95,76.95,84.33,71.26,80.97
77.49,77.49,85.39,82.58,79.46
78.48,78.48,85.47,82.67,78.78
78.16,78.16,84.48,83.48,79.77
73.80,73.80,84.55,82.66,81.88
76.05,76.05,82.56,81.80,82.59
75.63,75.63,83.71,84.22,80.95
72.28,72.28,82.34,85.20,81.15
72.68,72.68,81.51,83.65,80.16
72.01,72.01,80.78,82.72,80.59
71.21,71.21,82.25,85.69,81.54
70.99,70.99,81.51,81.88,82.52
68.02,68.02,83.13,82.84,79.30
72.16,72.16,83.79,79.42,81.01
72.20,72.20,82.81,80.56,82.21
71.94,71.94,80.02,75.36,83.32
71.09,71.09,80.65,81.62,83.00
66.42,66.42,79.97,77.97,85.93
72.66,72.66,79.50,82.31,85.08
73.71,73.71,80.29,79.24,83.89
67.95,67.95,79.70,80.04,83.44
65.61,65.61,80.75,76.78,82.26
69.83,69.83,79.86,81.56,85.20
71.55,71.55,77.48,82.47,85.04
74.13,74.13,78.94,84.00,86.15
77.24,77.24,81.98,82.10,81.62
80.39,80.39,78.86,61.74,75.53
77.61,77.61,74.64,43.33,76.69
86.91,86.91,73.83,44.62,75.35
80.32,80.32,74.25,35.79,71.05
85.22,85.22,75.26,35.02,75.26
84.20,84.20,73.79,42.52,68.43
83.76,83.76,77.11,35.17,72.78
71.37,71.37,90.35,43.82,69.24
73.43,73.43,90.56,48.33,71.35
83.28,83.28,80.19,45.81,71.98
86.90,86.90,76.52,40.72,69.12
83.39,83.39,73.99,24.58,68.27
83.59,83.59,77.38,15.22,69.07
79.84,79.84,82.78,12.24,70.43
73.98,73.98,87.37,11.12,70.92
72.11,72.11,83.74,2.88,76.54
77.25,77.25,87.77,0.99,73.91
86.35,86.35,81.62,1.87,74.03
86.49,86.49,78.18,2.11,71.42
85.19,85.19,78.13,0.14,75.10
82.31,82.31,78.12,0.32,70.48
81.27,81.27,78.24,1.01,73.13
78.67,78.67,72.67,0.39,75.00
77.70,77.70,74.39,0.05,73.95
74.98,74.98,80.91,0.51,71.23
83.13,83.13,75.24,2.52,82.62
83.32,83.32,73.54,2.83,78.48
81.60,81.60,72.97,1.17,77.22
82.03,82.03,73.22,6.36,78.63
81.92,81.92,72.08,8.95,78.84
81.88,81.88,71.87,4.97,80.10
80.66,80.66,70.88,6.45,78.98
76.24,76.24,70.50,13.63,75.80
90.91,90.91,72.94,16.01,80.75
92.83,92.83,70.97,22.05,73.34
92.19,92.19,73.64,35.66,74.24
92.06,92.06,74.59,37.52,77.06
92.35,92.35,74.76,56.88,79.48
91.50,91.50,75.46,68.31,81.27
90.37,90.37,82.03,78.73,81.79
88.63,88.63,81.03,85.99,81.17
85.95,85.95,75.68,84.54,81.29
87.67,87.67,75.28,88.63,80.96
86.29,86.29,72.92,90.78,81.42
85.54,85.54,73.03,92.64,80.80
83.93,83.93,71.04,91.21,80.69
81.83,81.83,70.83,91.26,81.90
81.77,81.77,70.88,93.01,80.70
81.27,81.27,71.85,90.73,80.74
79.55,79.55,73.55,88.94,79.45
92.44,92.44,71.60,76.42,74.69
93.71,93.71,72.98,60.19,71.85
93.44,93.44,73.78,59.08,73.36
92.85,92.85,73.02,59.92,75.89
92.75,92.75,72.68,64.41,78.48
91.58,91.58,73.34,69.57,79.41
90.15,90.15,75.13,84.64,80.58
88.81,88.81,76.11,89.83,80.24
87.83,87.83,75.91,82.22,79.95
86.97,86.97,74.89,91.99,80.90
86.05,86.05,74.30,91.14,80.82
84.33,84.33,73.65,91.56,81.44
82.11,82.11,69.92,93.63,80.58
84.16,84.16,72.11,91.62,80.71
81.09,81.09,72.78,91.03,81.30
78.40,78.40,70.74,92.18,78.25
83.42,83.42,73.64,89.99,78.49
93.20,93.20,72.54,69.26,71.70
93.00,93.00,73.46,62.49,70.68
92.98,92.98,73.94,60.30,72.73
92.61,92.61,73.93,63.83,74.09
92.17,92.17,73.55,62.20,76.18
91.01,91.01,74.26,78.08,78.12
89.45,89.45,76.08,86.52,79.38
86.70,86.70,76.61,86.21,78.65
89.13,89.13,75.47,86.18,79.37
86.95,86.95,75.49,90.74,79.95
85.59,85.59,75.78,93.25,79.73
84.32,84.32,73.45,91.46,80.52
81.11,81.11,71.37,92.04,80.31
82.07,82.07,71.33,91.84,79.14
80.51,80.51,71.36,93.30,79.52
81.14,81.14,73.03,90.25,80.85
85.56,85.56,72.70,86.95,76.23
92.67,92.67,72.09,66.47,70.51
92.68,92.68,73.25,61.13,70.96
92.57,92.57,73.23,60.35,72.91
92.42,92.42,73.52,66.10,74.56
91.79,91.79,73.61,64.11,76.72
90.86,90.86,74.66,82.17,78.10
89.29,89.29,76.34,89.57,78.35
85.92,85.92,76.33,82.86,79.73
88.44,88.44,73.98,90.98,79.89
86.88,86.88,76.24,91.61,79.46
85.68,85.68,76.33,91.09,80.39
83.10,83.10,70.85,92.91,80.36
81.74,81.74,71.40,93.17,81.34
82.87,82.87,70.77,90.99,80.94
80.33,80.33,71.06,91.23,79.47
79.70,79.70,71.17,92.98,78.43
88.14,88.14,73.41,80.14,75.16
92.76,92.76,72.20,64.29,70.20
92.95,92.95,72.84,60.55,70.19
92.78,92.78,73.63,62.61,73.03
92.24,92.24,72.79,67.57,73.62
91.55,91.55,72.85,66.85,76.60
90.37,90.37,74.67,84.10,78.44
89.21,89.21,76.31,88.36,78.76
86.65,86.65,76.23,85.09,79.04
87.43,87.43,74.47,90.66,79.44
86.12,86.12,75.44,91.46,80.70
85.13,85.13,75.06,93.26,80.08
83.51,83.51,72.14,91.72,80.68
80.90,80.90,71.43,91.46,79.99
80.08,80.08,71.54,93.46,80.38
79.71,79.71,72.61,92.01,79.75
81.85,81.85,73.68,89.94,78.45
91.99,91.99,71.66,77.16,73.40
92.99,92.99,72.24,62.54,70.32
92.55,92.55,72.89,59.50,71.25
92.36,92.36,73.27,64.65,72.51
92.29,92.29,72.31,65.96,75.16
91.49,91.49,73.45,73.17,76.63
90.11,90.11,75.52,86.28,78.64
88.33,88.33,74.99,90.86,78.19
87.11,87.11,76.98,82.65,79.57
86.55,86.55,74.48,93.13,80.26
85.70,85.70,75.59,91.04,80.34
84.12,84.12,75.61,91.50,80.09
81.79,81.79,70.88,93.92,79.43
83.23,83.23,73.36,92.11,79.33
80.10,80.10,72.67,91.33,79.81
78.21,78.21,71.35,91.92,78.52
83.33,83.33,74.29,90.09,77.65
92.78,92.78,71.89,69.83,70.23
92.95,92.95,71.61,60.89,69.71
92.83,92.83,73.60,62.50,72.62
92.77,92.77,72.94,67.14,73.52
92.15,92.15,74.07,64.21,74.45
91.24,91.24,73.62,79.58,76.91
89.47,89.47,75.62,87.49,77.74
86.55,86.55,76.84,87.77,79.06
88.47,88.47,76.28,87.66,79.53
86.28,86.28,75.68,90.99,79.90
84.62,84.62,75.92,93.37,79.30
83.28,83.28,74.61,92.01,80.04
80.45,80.45,72.52,91.96,79.83
79.93,79.93,73.54,91.57,79.96
78.43,78.43,74.40,93.21,78.95
79.15,79.15,74.36,90.23,79.54
84.74,84.74,73.82,85.95,75.14
91.54,91.54,71.86,71.51,71.77
91.26,91.26,73.20,73.23,74.07
90.11,90.11,75.29,84.81,78.04
82.74,82.74,73.84,85.62,76.03
54.60,54.60,55.16,57.19,56.50
39.18,39.18,39.67,52.24,49.13
46.00,46.00,46.02,44.12,51.49
70.11,70.11,67.63,33.83,63.88
92.19,92.19,74.88,27.85,84.11
90.75,90.75,74.02,27.74,82.26
89.34,89.34,82.64,31.83,82.41
86.21,86.21,90.99,33.14,82.18
57.73,57.73,72.67,34.15,65.36
40.73,40.73,53.04,28.75,55.61
46.48,46.48,48.45,23.36,45.84
56.66,56.66,57.51,21.77,56.04
92.37,92.37,77.92,11.54,70.07
93.55,93.55,73.21,5.01,65.18
93.51,93.51,73.42,10.07,65.52
93.36,93.36,73.57,12.61,66.80
76.53,76.53,72.79,12.31,65.88
50.95,50.95,55.35,20.59,52.40
43.30,43.30,45.29,18.61,40.44
50.35,50.35,52.13,20.60,52.03
80.20,80.20,76.04,12.35,66.58
93.80,93.80,73.90,2.47,64.58
93.24,93.24,74.67,8.80,64.45
93.36,93.36,76.35,15.75,66.68
89.54,89.54,77.65,15.22,68.47
57.50,57.50,58.83,21.83,54.94
39.74,39.74,44.77,20.39,43.62
45.61,45.61,47.52,18.46,46.05
64.63,64.63,64.63,19.86,60.27
93.77,93.77,75.49,15.78,68.90
92.99,92.99,72.82,29.92,70.01
92.79,92.79,73.38,50.57,71.10
92.52,92.52,73.97,64.90,73.80
92.40,92.40,71.38,71.45,76.69
91.80,91.80,73.10,75.12,79.13
90.07,90.07,75.70,87.75,79.35
88.00,88.00,76.76,90.82,79.27
87.39,87.39,77.55,84.79,79.04
85.91,85.91,76.58,93.46,78.85
84.99,84.99,76.80,90.82,79.24
82.81,82.81,76.36,91.40,79.40
79.56,79.56,73.95,93.17,79.15
81.28,81.28,76.59,92.37,78.16
78.97,78.97,76.63,90.97,78.36
76.60,76.60,73.11,91.35,78.21
82.23,82.23,75.64,90.18,77.66
92.95,92.95,71.10,67.97,69.84
93.11,93.11,72.63,59.92,70.17
92.93,92.93,73.01,61.17,72.54
92.70,92.70,72.31,63.14,72.79
92.32,92.32,71.90,60.79,73.74
91.61,91.61,73.76,78.85,76.23
89.89,89.89,75.67,87.41,77.19
86.78,86.78,76.41,86.42,79.23
88.53,88.53,75.88,88.56,79.74
86.55,86.55,76.85,91.10,79.39
84.89,84.89,77.14,93.08,79.45
83.68,83.68,74.63,92.20,80.30
82.19,82.19,72.28,91.92,80.19
80.33,80.33,72.97,91.53,79.65
80.03,80.03,72.72,93.39,78.12
80.68,80.68,74.37,90.34,78.81
86.68,86.68,73.70,85.09,75.64
92.82,92.82,70.14,66.70,69.47
92.65,92.65,72.26,59.68,71.24
92.53,92.53,73.04,61.94,73.31
92.30,92.30,71.53,64.95,74.69
92.01,92.01,72.28,61.24,75.95
91.16,91.16,74.69,81.89,77.05
89.84,89.84,76.40,89.65,77.64
86.05,86.05,76.48,83.89,79.38
87.60,87.60,75.35,90.61,79.93
86.28,86.28,76.49,92.65,78.75
85.17,85.17,77.92,91.16,79.71
82.16,82.16,73.09,92.32,80.09
81.53,81.53,72.10,93.87,80.10
82.16,82.16,73.47,91.33,79.54
79.49,79.49,73.57,91.63,79.43
81.73,81.73,73.90,92.32,77.91
88.49,88.49,73.79,79.75,74.43
92.39,92.39,71.94,63.80,70.09
92.49,92.49,72.71,60.02,71.57
92.29,92.29,72.92,63.64,74.45
92.26,92.26,72.23,66.33,74.73
91.53,91.53,72.24,67.27,75.80
90.32,90.32,74.10,83.91,77.52
89.40,89.40,75.68,88.92,78.36
86.42,86.42,76.11,84.97,79.62
87.03,87.03,74.57,90.82,79.63
85.55,85.55,76.66,91.16,80.53
84.28,84.28,75.79,93.29,79.03
82.78,82.78,73.35,92.11,79.72
80.83,80.83,73.32,91.54,79.03
79.85,79.85,72.23,93.16,79.30
77.63,77.63,73.62,92.63,79.57
81.38,81.38,74.51,89.66,78.28
92.14,92.14,70.85,75.47,72.21
92.63,92.63,70.91,62.08,70.08
92.41,92.41,71.61,60.56,71.77
92.33,92.33,71.37,64.84,73.32
92.07,92.07,71.57,62.21,74.64
91.03,91.03,73.09,74.82,76.78
89.47,89.47,75.40,86.37,79.03
88.22,88.22,74.94,90.03,79.65
87.01,87.01,75.04,85.55,80.85
86.68,86.68,73.93,93.39,80.65
85.36,85.36,75.13,91.11,80.87
83.13,83.13,73.59,91.45,80.15
80.23,80.23,70.77,92.91,79.69
81.05,81.05,72.44,93.00,79.37
77.67,77.67,72.61,90.62,80.53
76.59,76.59,69.82,90.82,79.14
81.51,81.51,72.37,90.24,80.97
91.10,91.10,68.53,67.18,84.93
90.30,90.30,70.30,69.59,84.07
89.18,89.18,75.68,77.03,85.59
83.61,83.61,76.87,75.71,90.62
51.67,51.67,55.46,65.93,68.36
37.48,37.48,40.77,55.51,55.57
43.05,43.05,42.43,46.12,49.50
59.28,59.28,58.97,29.31,59.22
91.25,91.25,74.12,31.51,85.49
90.14,90.14,72.56,26.32,83.99
89.51,89.51,74.37,36.22,85.30
86.89,86.89,77.06,48.15,91.57
64.52,64.52,66.03,57.05,75.76
43.15,43.15,52.83,50.14,54.68
37.58,37.58,45.72,48.50,50.23
51.69,51.69,52.37,30.67,55.52
83.29,83.29,73.20,25.37,76.13
91.58,91.58,74.02,26.99,82.08
90.64,90.64,74.20,31.84,81.90
88.64,88.64,76.38,39.96,88.68
77.13,77.13,76.18,53.35,88.44
48.37,48.37,62.79,53.16,69.88
38.09,38.09,54.42,40.83,64.88
45.58,45.58,50.90,29.12,55.24
69.35,69.35,69.52,28.46,65.24
92.12,92.12,73.70,28.82,82.53
85.30,85.30,76.37,17.73,79.00
91.46,91.46,74.53,6.73,80.06
86.23,86.23,75.65,4.09,78.27
91.84,91.84,75.55,8.95,78.78
87.15,87.15,75.54,10.56,78.60
91.60,91.60,74.49,9.38,78.79
88.95,88.95,74.51,6.74,78.97
92.79,92.79,73.80,29.92,77.35
94.62,94.62,70.41,43.14,74.29
94.08,94.08,72.78,52.98,74.22
93.53,93.53,73.76,63.13,77.95
93.12,93.12,72.72,72.75,78.48
92.57,92.57,73.49,70.37,80.34
91.08,91.08,74.79,86.60,79.24
88.93,88.93,74.34,89.58,79.49
85.33,85.33,76.60,87.03,80.78
85.79,85.79,74.44,91.22,80.11
84.71,84.71,77.28,91.18,80.42
83.25,83.25,75.36,93.21,79.39
81.54,81.54,75.17,91.93,79.53
79.46,79.46,76.31,91.07,79.64
78.90,78.90,74.95,92.28,79.21
77.19,77.19,73.78,93.29,79.82
81.16,81.16,75.99,89.74,78.43
86.98,86.98,81.96,87.40,78.01
87.82,87.82,82.47,80.22,76.75
86.93,86.93,81.71,83.31,79.99
79.89,79.89,76.08,91.38,79.52
75.90,75.90,72.50,91.11,78.12
69.81,69.81,68.22,91.21,77.72
72.81,72.81,70.76,92.85,79.30
73.05,73.05,70.84,90.55,79.40
88.79,88.79,74.65,83.84,78.59
92.73,92.73,70.47,64.31,69.05
88.58,88.58,72.96,61.68,72.25
61.62,61.62,60.38,47.57,59.61
83.22,83.22,73.48,53.59,71.63
93.18,93.18,71.95,50.82,68.27
91.77,91.77,73.38,48.97,72.71
63.83,63.83,62.52,39.14,62.32
78.25,78.25,70.90,31.33,71.48
93.26,93.26,71.64,27.45,69.29
92.50,92.50,71.61,27.64,70.91
92.51,92.51,72.88,43.27,72.95
92.60,92.60,71.44,59.24,73.99
92.17,92.17,71.86,63.73,75.31
91.34,91.34,71.99,82.74,77.51
89.41,89.41,74.19,88.28,78.06
85.63,85.63,76.03,85.31,80.18
87.93,87.93,75.42,90.02,80.26
85.75,85.75,77.26,90.91,79.11
83.87,83.87,76.63,92.33,78.99
82.34,82.34,74.99,93.09,80.21
81.31,81.31,74.65,91.66,80.21
80.07,80.07,72.71,91.46,78.56
78.94,78.94,73.30,93.31,78.77
79.71,79.71,74.49,90.81,78.99
84.82,84.82,74.05,83.83,75.52
92.18,92.18,70.25,66.15,69.60
92.20,92.20,71.74,58.91,70.75
91.98,91.98,72.76,61.98,71.44
91.97,91.97,72.16,63.91,73.62
91.72,91.72,72.59,59.40,75.91
90.83,90.83,74.27,82.33,78.42
89.43,89.43,76.46,89.31,78.40
85.31,85.31,77.13,85.43,79.97
87.18,87.18,75.54,90.36,80.51
86.00,86.00,76.76,93.29,79.13
84.92,84.92,78.45,91.09,78.86
81.44,81.44,74.26,92.01,79.24
80.52,80.52,73.76,93.74,79.09
81.45,81.45,75.56,91.51,79.14
79.30,79.30,74.69,91.76,78.90
78.52,78.52,72.74,92.11,77.53
90.35,90.35,74.00,79.38,74.17
92.46,92.46,71.51,61.15,69.94
92.33,92.33,72.45,59.82,70.93
92.33,92.33,72.85,63.58,73.43
91.91,91.91,71.76,63.47,74.67
91.14,91.14,72.74,68.20,77.38
89.88,89.88,74.57,84.98,77.57
88.83,88.83,75.42,89.25,78.95
85.83,85.83,77.08,85.87,79.31
87.20,87.20,74.68,90.61,78.88
85.64,85.64,78.00,90.91,80.08
84.20,84.20,75.82,93.06,79.70
82.77,82.77,73.68,92.35,79.85
82.11,82.11,75.02,90.94,79.22
78.71,78.71,74.63,91.88,79.13
79.07,79.07,73.43,93.39,79.36
81.61,81.61,74.74,89.46,78.15
92.09,92.09,71.12,73.29,71.05
92.85,92.85,73.05,62.07,70.40
92.48,92.48,72.28,61.01,71.73
92.22,92.22,71.92,64.91,72.41
92.04,92.04,71.48,60.65,74.50
91.12,91.12,72.57,76.00,76.83
89.88,89.88,74.95,86.56,78.41
87.70,87.70,75.97,89.44,78.12
87.57,87.57,76.56,84.82,78.99
86.06,86.06,76.34,93.17,79.68
85.60,85.60,76.16,91.60,79.88
83.73,83.73,76.32,91.34,80.91
81.01,81.01,72.74,92.45,79.64
82.10,82.10,72.61,93.45,79.04
80.81,80.81,74.25,91.14,78.91
77.94,77.94,73.38,90.65,79.00
83.35,83.35,74.43,89.98,77.11
92.70,92.70,70.07,68.10,70.25
92.92,92.92,71.49,61.77,68.94
92.96,92.96,73.07,60.64,71.62
92.75,92.75,72.15,67.68,71.87
92.32,92.32,72.22,63.53,73.62
91.42,91.42,74.41,82.04,76.30
89.81,89.81,74.21,87.62,77.01
85.95,85.95,76.51,85.35,79.39
88.16,88.16,74.78,90.48,79.73
86.01,86.01,77.42,90.66,80.04
84.24,84.24,76.59,91.94,79.28
81.88,81.88,73.85,93.49,80.58
80.46,80.46,74.05,91.79,81.22
79.97,79.97,72.26,91.72,78.16
78.98,78.98,74.08,93.10,78.20
80.99,80.99,75.03,91.68,78.33
85.85,85.85,72.82,84.04,75.20
92.08,92.08,70.72,70.62,71.70
91.89,91.89,72.64,75.87,73.39
90.41,90.41,75.28,85.28,77.11
80.73,80.73,72.80,84.73,73.79
57.34,57.34,55.01,58.44,56.24
37.24,37.24,38.32,54.23,47.25
48.01,48.01,47.39,39.70,53.85
75.92,75.92,70.35,33.66,69.08
92.56,92.56,73.33,30.22,84.13
91.43,91.43,73.87,24.65,81.82
89.84,89.84,84.22,19.56,81.22
85.90,85.90,91.65,27.01,80.54
56.26,56.26,68.67,31.17,61.83
38.58,38.58,50.97,27.24,49.31
43.82,43.82,48.73,22.70,43.61
60.86,60.86,62.22,23.60,57.52
94.04,94.04,77.14,29.06,69.26
93.47,93.47,73.39,33.72,63.83
93.49,93.49,75.06,34.60,65.94
93.59,93.59,75.65,31.62,66.94
74.52,74.52,71.00,32.26,65.40
49.12,49.12,50.54,30.86,52.94
39.86,39.86,44.32,22.57,40.41
53.65,53.65,54.74,33.13,50.19
84.10,84.10,77.05,34.55,67.74
93.67,93.67,73.77,32.71,63.05
93.07,93.07,74.84,34.40,64.43
93.36,93.36,75.56,33.78,66.48
86.49,86.49,76.32,33.06,66.92
56.25,56.25,57.69,34.55,55.38
39.15,39.15,41.75,22.79,41.65
47.47,47.47,48.89,29.40,46.24
70.87,70.87,71.48,39.28,63.33
93.96,93.96,74.45,41.03,66.76
93.08,93.08,73.91,46.88,67.35
93.19,93.19,74.44,56.43,68.94
93.39,93.39,73.44,67.09,69.17
93.50,93.50,71.78,70.60,70.41
93.15,93.15,72.41,78.04,71.39
91.00,91.00,75.73,88.08,75.37
88.36,88.36,77.76,89.66,77.45
86.42,86.42,79.18,86.65,78.76
85.30,85.30,78.39,92.55,78.94
84.32,84.32,77.87,91.63,79.16
81.85,81.85,77.72,91.19,79.82
77.92,77.92,76.93,92.07,80.59
77.93,77.93,77.15,93.54,79.08
79.56,79.56,78.30,91.29,78.85
76.54,76.54,75.60,90.41,78.44
83.16,83.16,75.24,89.43,76.59
93.43,93.43,71.70,68.61,69.38
93.51,93.51,72.79,62.87,68.46
93.34,93.34,73.34,58.87,69.83
93.50,93.50,71.86,66.79,69.02
93.25,93.25,72.07,62.56,70.67
92.56,92.56,72.97,82.27,73.56
90.61,90.61,75.69,87.78,76.46
86.11,86.11,77.68,85.33,79.55
88.10,88.10,75.83,90.60,79.33
86.36,86.36,78.44,90.29,79.25
84.50,84.50,78.12,91.37,79.04
81.94,81.94,73.88,93.79,79.24
80.85,80.85,74.87,91.73,80.29
79.86,79.86,74.08,91.59,77.55
78.79,78.79,75.52,92.43,78.07
79.43,79.43,74.72,92.40,78.99
86.03,86.03,74.85,82.88,73.61
93.21,93.21,71.32,68.46,68.59
93.17,93.17,71.87,60.04,68.90
93.22,93.22,72.37,62.49,69.58
93.17,93.17,71.62,68.35,69.29
92.73,92.73,72.02,66.80,70.32
92.04,92.04,73.45,83.09,74.01
90.24,90.24,75.12,88.84,75.98
85.20,85.20,76.27,86.40,79.64
86.83,86.83,75.86,90.26,81.25
84.72,84.72,76.95,92.93,78.68
83.36,83.36,78.47,90.88,78.96
78.73,78.73,76.48,91.43,79.28
75.36,75.36,78.04,92.97,77.94
74.68,74.68,78.50,91.72,79.12
74.14,74.14,78.93,90.95,78.11
73.35,73.35,78.72,90.46,76.10
73.22,73.22,79.56,79.54,74.77
74.43,74.43,78.76,62.04,73.76
77.02,77.02,78.54,58.79,73.96
76.23,76.23,78.77,34.63,73.09
76.25,76.25,80.11,18.44,72.36
77.63,77.63,79.18,13.15,70.09
74.20,74.20,80.65,8.34,74.03
73.03,73.03,80.82,3.28,74.18
73.88,73.88,80.03,0.78,75.40
72.97,72.97,78.04,-0.00,75.77
69.18,69.18,77.67,0.00,76.80
77.14,77.14,79.17,0.01,71.74
75.12,75.12,80.80,0.11,71.62
76.99,76.99,78.22,0.03,71.80
80.62,80.62,77.20,0.08,71.77
83.42,83.42,77.38,0.00,72.48
76.92,76.92,79.96,0.03,68.68
71.72,71.72,81.02,-0.00,72.23
70.86,70.86,81.24,-0.00,72.98
68.34,68.34,81.10,0.01,74.40
71.09,71.09,79.68,-0.00,75.79
73.95,73.95,82.52,0.48,78.98
64.96,64.96,80.69,0.07,75.65
63.22,63.22,81.31,1.60,78.02
66.89,66.89,82.92,0.17,72.82
62.62,62.62,83.96,0.32,76.88
59.59,59.59,83.28,0.01,76.30
55.03,55.03,81.05,0.09,72.55
54.66,54.66,80.30,0.81,63.64
59.53,59.53,81.66,3.73,66.64
57.26,57.26,85.83,1.98,69.46
58.94,58.94,82.52,5.04,64.90
58.99,58.99,83.27,4.53,63.80
61.97,61.97,83.56,10.95,67.65
61.15,61.15,87.13,21.74,71.67
64.85,64.85,86.75,24.49,73.49
75.83,75.83,88.14,23.05,72.55
83.10,83.10,85.00,19.42,71.72
80.95,80.95,84.63,17.53,72.62
79.91,79.91,86.06,17.50,69.25
76.42,76.42,86.78,13.61,70.25
68.31,68.31,84.73,23.00,68.83
72.49,72.49,86.71,19.98,72.20
73.18,73.18,86.59,14.78,71.87
79.50,79.50,87.26,13.07,71.64
82.96,82.96,85.21,10.57,73.10
83.08,83.08,84.68,7.34,74.62
81.81,81.81,87.03,5.69,73.04
80.21,80.21,87.46,20.75,70.57
76.76,76.76,86.62,41.30,69.65
82.25,82.25,85.02,45.85,75.71
90.14,90.14,81.69,58.63,73.07
86.90,86.90,83.05,79.67,76.81
75.15,75.15,84.33,86.63,84.40
72.37,72.37,80.61,86.37,81.97
75.57,75.57,78.45,63.61,73.77
74.66,74.66,79.97,44.91,73.33
73.13,73.13,80.04,39.99,73.45
76.59,76.59,82.06,50.84,75.39
90.53,90.53,80.97,64.00,76.46
90.47,90.47,80.83,67.58,75.57
78.33,78.33,82.14,88.38,84.81
76.32,76.32,79.55,89.66,85.82
89.91,89.91,79.96,75.79,81.82
90.99,90.99,79.28,65.65,81.06
82.45,82.45,80.73,83.67,85.44
75.23,75.23,76.89,88.24,90.02
87.89,87.89,79.42,75.88,80.77
91.35,91.35,77.20,69.34,80.45
85.47,85.47,80.81,78.44,82.51
74.00,74.00,81.43,86.75,88.64
88.45,88.45,79.33,83.06,83.56
89.53,89.53,79.36,76.99,78.86
73.94,73.94,88.92,80.30,82.20
59.55,59.55,90.72,78.98,76.54
68.45,68.45,93.04,78.15,78.06
70.80,70.80,90.50,75.49,80.44
66.67,66.67,90.20,75.31,79.93
68.40,68.40,92.21,77.54,79.13
73.99,73.99,90.62,74.11,80.27
72.14,72.14,89.38,72.41,75.84
79.90,79.90,90.69,66.81,76.57
77.20,77.20,90.88,64.03,76.87
70.17,70.17,86.07,70.26,78.18
90.73,90.73,78.43,60.74,77.15
91.99,91.99,75.75,63.94,72.43
81.60,81.60,85.37,83.71,83.13
76.22,76.22,87.55,84.70,87.36
91.20,91.20,77.90,78.48,80.13
88.72,88.72,79.72,69.76,82.21
65.90,65.90,93.43,68.88,78.98
64.62,64.62,91.64,64.21,77.56
73.87,73.87,90.81,66.82,78.32
73.14,73.14,91.34,73.92,79.02
74.10,74.10,91.67,74.03,80.52
79.31,79.31,89.52,72.83,79.18
79.68,79.68,91.26,70.07,77.59
82.16,82.16,88.86,62.86,78.73
80.31,80.31,91.47,63.17,78.97
80.66,80.66,88.20,54.16,78.93
80.35,80.35,87.08,61.82,77.59
92.23,92.23,74.94,60.12,75.86
91.22,91.22,75.54,67.74,75.44
79.74,79.74,86.11,84.58,85.11
79.18,79.18,84.70,85.19,87.91
91.83,91.83,76.51,77.80,78.09
86.66,86.66,82.90,69.44,83.25
63.13,63.13,92.97,67.26,77.29
67.30,67.30,92.84,60.47,76.55
74.73,74.73,92.22,69.09,79.19
75.05,75.05,90.61,70.96,80.90
79.18,79.18,90.01,71.34,78.38
77.70,77.70,92.51,69.62,78.14
80.16,80.16,88.93,66.04,78.47
81.86,81.86,91.18,65.17,76.76
81.82,81.82,88.54,59.96,77.37
81.15,81.15,91.67,59.16,76.34
85.08,85.08,82.22,62.10,78.27
92.31,92.31,75.86,64.62,75.08
89.04,89.04,79.29,73.67,80.12
80.84,80.84,85.22,82.82,86.29
84.18,84.18,78.46,83.16,85.90
90.19,90.19,77.87,76.36,78.16
83.94,83.94,86.88,70.21,81.78
75.57,75.57,91.41,68.63,79.02
78.37,78.37,90.70,65.59,77.52
77.53,77.53,90.48,66.24,78.48
77.94,77.94,92.51,72.43,79.99
77.63,77.63,90.45,70.34,79.78
79.07,79.07,89.49,69.37,77.78
79.20,79.20,91.33,73.23,78.93
83.95,83.95,87.34,65.51,78.54
82.08,82.08,91.02,61.93,79.13
80.31,80.31,88.76,62.72,79.23
87.75,87.75,78.59,58.51,79.68
92.34,92.34,74.01,67.30,74.70
86.30,86.30,81.19,76.26,82.04
73.94,73.94,87.31,83.51,87.64
88.80,88.80,79.13,80.30,82.30
90.07,90.07,76.60,73.90,80.17
78.92,78.92,90.65,69.04,81.06
69.93,69.93,91.88,61.08,77.53
76.25,76.25,93.41,69.81,78.17
75.74,75.74,91.06,69.49,79.27
77.31,77.31,90.31,71.76,80.17
75.07,75.07,91.80,73.35,76.99
77.66,77.66,91.02,70.96,79.66
78.67,78.67,89.20,69.13,76.09
81.61,81.61,90.81,67.01,78.48
79.79,79.79,90.68,55.10,78.25
77.51,77.51,86.58,66.56,78.45
90.62,90.62,77.42,56.63,81.30
91.57,91.57,73.99,65.06,75.49
81.82,81.82,84.62,80.77,84.91
76.62,76.62,85.28,82.50,90.00
90.62,90.62,77.91,78.50,82.13
88.02,88.02,81.22,70.81,83.20
69.77,69.77,92.99,69.04,79.68
69.52,69.52,92.20,65.80,78.08
74.78,74.78,91.00,65.66,81.55
73.68,73.68,90.91,71.88,78.99
76.46,76.46,92.10,73.18,81.34
79.18,79.18,89.35,71.92,79.05
78.26,78.26,90.90,71.25,76.47
82.07,82.07,89.06,67.09,78.52
79.46,79.46,91.00,68.44,77.24
82.11,82.11,88.68,60.68,76.91
79.53,79.53,86.78,67.98,77.79
91.53,91.53,77.62,53.75,78.36
90.02,90.02,78.34,66.15,76.99
78.82,78.82,85.07,85.08,84.53
78.71,78.71,81.54,86.48,86.12
91.50,91.50,76.89,76.79,78.14
85.86,85.86,84.10,78.19,83.01
64.02,64.02,91.48,77.25,76.49
71.34,71.34,91.74,76.21,78.36
88.00,88.00,79.96,70.91,82.21
90.69,90.69,78.08,62.98,78.06
84.03,84.03,81.56,82.97,83.82
75.64,75.64,78.60,87.69,87.68
90.78,90.78,77.74,80.24,79.38
90.17,90.17,79.71,74.02,79.33
76.17,76.17,88.98,83.44,79.53
77.45,77.45,90.23,73.51,76.26
83.97,83.97,85.61,77.57,79.93
91.55,91.55,77.36,63.44,75.59
88.43,88.43,79.99,76.71,79.38
79.07,79.07,78.03,87.28,88.15
84.42,84.42,76.69,86.87,83.85
90.66,90.66,78.04,71.93,79.91
84.20,84.20,86.22,84.17,80.14
75.31,75.31,89.41,79.45,79.73
81.47,81.47,86.65,77.54,78.10
85.83,85.83,79.78,79.46,83.87
86.84,86.84,79.88,71.76,84.64
86.79,86.79,79.07,64.52,84.62
83.98,83.98,81.03,77.74,84.54
79.33,79.33,77.51,91.14,81.84
76.37,76.37,72.15,93.85,79.64
75.08,75.08,72.90,92.80,80.02
75.88,75.88,74.54,92.72,81.44
88.67,88.67,78.33,74.64,81.30
91.56,91.56,77.08,66.52,75.32
84.59,84.59,81.78,79.19,81.96
75.17,75.17,86.44,84.40,87.40
87.53,87.53,81.20,75.50,82.97
88.98,88.98,78.35,70.64,82.05
73.95,73.95,91.15,72.79,79.02
69.19,69.19,91.49,70.20,76.41
72.73,72.73,92.66,75.37,77.03
75.20,75.20,90.97,76.01,79.19
72.67,72.67,89.86,75.12,78.51
74.73,74.73,91.10,74.98,76.63
76.74,76.74,90.82,71.77,78.55
77.48,77.48,88.69,72.70,77.68
80.08,80.08,90.46,73.19,79.31
77.58,77.58,89.74,66.88,76.68
75.38,75.38,86.61,71.21,78.51
89.71,89.71,76.62,65.10,81.63
91.39,91.39,75.75,68.86,75.43
80.86,80.86,87.80,76.31,81.49
76.70,76.70,92.38,77.19,81.16
89.71,89.71,78.27,72.69,81.77
86.39,86.39,79.86,68.54,83.54
68.60,68.60,93.74,67.77,75.49
69.10,69.10,91.86,65.75,75.82
74.61,74.61,90.81,67.85,79.59
73.64,73.64,91.30,72.32,79.47
75.04,75.04,92.55,71.77,79.57
78.43,78.43,89.92,71.48,79.02
78.78,78.78,90.54,67.97,76.43
80.97,80.97,89.84,66.28,78.68
78.21,78.21,91.21,67.30,76.51
81.83,81.83,88.74,61.48,76.76
80.48,80.48,86.15,68.78,77.50
91.49,91.49,74.35,65.31,78.25
90.10,90.10,78.38,71.76,76.85
79.78,79.78,89.52,76.64,81.84
78.86,78.86,90.92,77.05,82.66
90.15,90.15,76.72,68.64,80.60
84.27,84.27,83.79,71.18,82.85
64.50,64.50,92.85,67.00,73.88
68.05,68.05,91.53,71.62,74.92
72.47,72.47,92.78,74.70,77.94
77.04,77.04,90.19,73.12,78.88
77.93,77.93,89.80,70.42,78.11
78.11,78.11,91.92,74.80,77.37
79.75,79.75,88.41,73.27,77.70
81.88,81.88,89.79,69.96,75.75
81.52,81.52,88.21,67.45,76.94
79.61,79.61,91.02,70.11,75.33
84.46,84.46,81.05,64.99,78.19
91.62,91.62,75.38,61.85,73.93
87.37,87.37,81.46,70.14,78.80
76.64,76.64,90.33,77.25,83.07
84.76,84.76,86.33,75.67,80.88
89.13,89.13,78.53,66.31,78.84
81.94,81.94,88.76,70.01,77.22
74.27,74.27,92.78,67.55,75.31
76.13,76.13,90.70,71.34,75.51
78.53,78.53,89.84,72.72,76.78
77.59,77.59,91.72,75.81,76.79
78.48,78.48,90.57,74.85,77.18
79.31,79.31,89.19,73.00,77.53
78.69,78.69,91.69,76.12,78.13
81.14,81.14,87.50,65.09,78.70
78.44,78.44,91.80,69.70,76.93
75.03,75.03,88.31,69.88,78.33
71.52,71.52,82.61,82.68,85.83
68.38,68.38,83.48,80.71,84.89
69.88,69.88,80.46,75.66,83.90
69.99,69.99,80.30,78.02,84.56
69.71,69.71,77.49,73.19,84.67
70.77,70.77,79.16,78.03,84.51
69.64,69.64,76.72,75.39,84.02
73.17,73.17,77.70,73.79,81.86
72.39,72.39,83.52,64.45,82.14
72.13,72.13,88.20,71.44,82.22
70.74,70.74,84.69,73.82,86.05
69.72,69.72,83.70,77.03,86.94
70.85,70.85,82.51,74.19,87.68
68.73,68.73,81.35,76.77,87.83
68.83,68.83,79.74,78.07,87.03
66.87,66.87,81.77,76.46,85.94
67.46,67.46,82.85,73.56,84.80
69.90,69.90,84.62,71.88,83.25
69.51,69.51,81.74,67.54,81.78
69.65,69.65,79.24,66.37,78.88
68.35,68.35,80.97,72.13,80.32
66.99,66.99,81.98,74.43,76.99
68.66,68.66,82.72,73.86,76.95
68.16,68.16,85.41,72.26,73.52
68.75,68.75,84.14,71.25,74.69
72.25,72.25,79.93,72.40,77.76
71.28,71.28,80.82,71.48,79.51
69.68,69.68,80.53,70.14,79.27
69.92,69.92,83.50,67.67,78.48
68.20,68.20,86.90,77.15,78.57
66.44,66.44,83.20,78.47,81.19
65.05,65.05,81.63,73.70,83.06
62.99,62.99,81.77,70.53,82.95
66.18,66.18,83.42,71.19,83.38
66.50,66.50,82.30,80.00,80.03
66.71,66.71,82.59,83.56,79.68
68.72,68.72,82.95,80.58,76.57
73.53,73.53,82.04,80.10,75.51
71.66,71.66,83.18,78.73,79.23
73.41,73.41,82.18,84.48,78.82
72.50,72.50,83.66,80.88,80.25
68.95,68.95,81.93,79.80,75.48
70.33,70.33,84.66,71.67,84.62
73.66,73.66,83.44,68.54,82.06
70.88,70.88,84.67,69.97,79.70
68.41,68.41,85.18,72.12,76.69
70.48,70.48,83.43,73.13,78.00
77.31,77.31,82.54,71.96,75.11
79.97,79.97,82.56,71.67,75.88
77.14,77.14,82.92,69.82,79.41
77.24,77.24,82.79,73.20,80.44
76.74,76.74,80.21,71.81,80.66
82.75,82.75,79.10,74.79,75.64
75.41,75.41,80.64,75.12,78.38
73.91,73.91,80.11,78.00,77.33
73.42,73.42,79.81,77.19,73.51
79.01,79.01,79.52,76.90,74.69
75.99,75.99,79.99,78.78,73.87
73.92,73.92,78.31,78.21,74.30
71.13,71.13,78.86,75.65,74.01
75.37,75.37,78.76,73.99,74.95
74.18,74.18,78.56,75.94,76.94
77.12,77.12,79.21,78.10,76.35
75.55,75.55,78.86,73.26,77.28
77.87,77.87,78.93,77.11,79.89
80.26,80.26,78.88,77.00,78.31
81.56,81.56,79.35,76.21,77.69
91.74,91.74,73.92,72.63,84.82
89.44,89.44,72.60,69.85,82.54
89.59,89.59,69.42,54.34,87.16
89.12,89.12,75.10,58.54,87.29
83.86,83.86,89.11,71.19,80.59
82.34,82.34,89.32,70.70,78.62
76.40,76.40,92.42,72.18,73.46
69.35,69.35,90.17,65.86,68.71
76.36,76.36,93.43,66.90,75.26
75.49,75.49,90.22,68.12,72.70
78.43,78.43,92.44,69.69,74.36
77.17,77.17,91.44,69.83,74.36
82.50,82.50,89.78,69.56,75.91
75.56,75.56,92.64,71.82,73.21
80.86,80.86,90.99,69.87,76.97
75.33,75.33,90.56,69.75,73.37
84.02,84.02,87.74,70.57,79.57
91.07,91.07,72.01,61.04,84.59
89.43,89.43,70.78,51.82,83.57
89.88,89.88,69.68,50.30,87.28
89.34,89.34,76.11,62.55,87.12
83.41,83.41,90.68,72.79,78.73
82.77,82.77,88.20,71.76,78.37
70.88,70.88,92.82,72.96,70.23
73.23,73.23,90.99,66.40,71.42
75.30,75.30,90.67,68.72,72.99
74.21,74.21,92.34,69.00,75.62
80.79,80.79,90.60,68.71,76.34
74.53,74.53,91.08,67.87,73.60
80.84,80.84,92.23,70.26,76.36
77.61,77.61,89.67,70.49,75.53
77.11,77.11,92.68,70.65,75.60
80.23,80.23,91.16,68.13,77.53
86.30,86.30,83.02,71.87,81.55
88.89,88.89,73.90,59.90,82.94
89.54,89.54,70.76,50.11,85.06
89.26,89.26,71.13,56.91,87.32
88.50,88.50,79.99,61.91,86.08
83.27,83.27,90.68,70.32,78.48
77.81,77.81,90.91,72.02,74.39
72.23,72.23,89.87,69.79,72.20
72.30,72.30,93.42,68.01,70.04
77.39,77.39,90.40,68.89,76.64
75.24,75.24,90.69,69.93,74.99
76.67,76.67,92.77,70.98,75.81
77.89,77.89,90.51,69.97,75.70
77.19,77.19,90.33,70.04,73.01
79.16,79.16,92.53,68.85,75.60
77.70,77.70,90.85,70.81,74.31
77.89,77.89,91.23,71.42,73.83
87.63,87.63,81.63,69.47,82.69
89.00,89.00,75.44,52.35,82.41
89.54,89.54,73.52,48.68,86.54
88.65,88.65,75.00,57.63,87.45
86.57,86.57,82.82,66.43,83.52
84.12,84.12,89.53,66.18,78.00
76.98,76.98,90.71,69.70,73.06
72.92,72.92,92.85,68.33,70.80
76.48,76.48,90.79,67.43,73.23
75.71,75.71,91.59,69.03,73.37
77.30,77.30,91.27,70.42,76.11
75.82,75.82,90.07,69.78,72.95
78.94,78.94,92.69,69.53,76.89
77.27,77.27,90.37,69.98,73.45
81.82,81.82,90.29,68.73,76.21
82.30,82.30,91.99,70.27,74.92
83.24,83.24,89.46,68.85,76.31
89.72,89.72,76.56,66.33,82.60
88.93,88.93,73.60,54.60,81.46
89.99,89.99,70.17,51.39,86.20
89.57,89.57,73.27,59.38,86.65
84.33,84.33,87.84,66.36,79.37
83.27,83.27,89.23,63.96,77.69
78.50,78.50,92.69,67.77,72.91
71.16,71.16,91.02,65.82,68.32
76.80,76.80,93.54,70.14,74.25
76.70,76.70,90.40,69.68,71.92
77.61,77.61,92.01,72.23,74.26
75.02,75.02,91.83,71.00,73.21
81.29,81.29,90.53,69.79,76.08
78.12,78.12,92.42,70.18,74.26
81.01,81.01,91.79,70.42,76.54
79.72,79.72,91.15,69.02,75.40
83.69,83.69,87.63,68.63,78.50
90.50,90.50,74.51,56.59,83.01
89.24,89.24,72.86,47.22,82.58
89.84,89.84,69.73,51.10,86.85
89.30,89.30,75.75,55.52,86.20
83.16,83.16,90.99,66.11,78.04
83.06,83.06,88.90,60.06,77.66
71.92,71.92,93.14,61.98,69.84
72.08,72.08,91.82,65.96,70.83
74.90,74.90,90.39,69.77,73.25
72.74,72.74,93.17,69.03,73.71
77.43,77.43,90.35,71.50,75.91
75.00,75.00,91.59,68.63,73.95
78.39,78.39,92.23,70.30,76.08
79.39,79.39,90.18,67.62,74.49
79.52,79.52,92.38,68.45,74.96
82.06,82.06,91.09,63.56,76.68
84.93,84.93,84.12,69.21,80.49
89.20,89.20,73.50,58.83,83.16
89.98,89.98,70.10,50.96,85.29
89.38,89.38,70.13,57.91,87.21
88.77,88.77,80.13,64.88,85.30
83.99,83.99,90.59,66.42,78.40
78.13,78.13,91.66,67.65,74.53
75.73,75.73,90.57,56.83,72.38
76.50,76.50,92.07,67.38,72.78
91.25,91.25,78.07,65.07,81.65
91.16,91.16,77.70,60.11,80.89
90.26,90.26,76.12,56.86,80.13
91.00,91.00,76.43,62.82,80.10
90.37,90.37,75.63,54.58,80.88
90.81,90.81,77.00,63.16,80.64
90.07,90.07,76.94,47.25,81.19
90.69,90.69,76.72,60.87,81.81
90.19,90.19,75.02,52.73,82.18
89.26,89.26,75.28,56.30,82.58
90.93,90.93,73.77,44.25,84.21
91.42,91.42,72.54,47.94,81.80
90.75,90.75,74.25,50.39,80.05
89.40,89.40,74.19,52.23,81.44
91.36,91.36,74.26,46.69,82.99
91.79,91.79,73.85,47.79,80.34
91.85,91.85,73.53,52.33,78.41
90.02,90.02,75.20,42.45,80.49
90.73,90.73,74.12,53.52,80.28
91.83,91.83,73.65,53.83,80.51
90.77,90.77,80.55,59.71,80.49
85.13,85.13,92.65,68.62,75.57
82.67,82.67,90.09,66.07,74.43
74.93,74.93,90.85,62.77,70.73
79.77,79.77,92.59,65.53,72.71
91.01,91.01,78.31,64.24,79.85
91.07,91.07,72.49,51.30,78.84
91.68,91.68,71.25,47.04,82.65
91.33,91.33,73.74,57.50,82.90
85.90,85.90,88.34,66.34,78.18
84.72,84.72,89.34,63.48,75.41
78.77,78.77,93.02,64.93,71.57
73.33,73.33,90.80,67.55,68.07
77.52,77.52,93.42,71.45,72.79
77.37,77.37,90.37,71.67,71.13
78.86,78.86,91.83,73.92,72.97
75.01,75.01,92.63,74.41,71.61
82.10,82.10,90.33,73.56,74.85
78.75,78.75,92.70,73.04,71.82
81.66,81.66,91.53,73.88,75.44
79.65,79.65,90.98,73.38,74.76
82.28,82.28,87.97,72.30,78.44
90.19,90.19,75.49,61.06,81.78
89.29,89.29,72.78,43.52,81.66
90.16,90.16,70.33,46.00,85.37
89.78,89.78,75.85,57.42,85.06
84.47,84.47,91.34,67.61,77.58
83.05,83.05,89.17,63.75,77.74
71.81,71.81,92.27,67.00,68.92
72.79,72.79,92.33,70.04,70.36
74.23,74.23,90.18,72.06,73.57
72.52,72.52,92.99,72.63,73.32
80.20,80.20,90.60,75.73,75.51
74.34,74.34,90.26,73.31,72.77
77.64,77.64,92.37,73.80,74.46
78.78,78.78,90.36,70.82,74.54
78.82,78.82,92.35,73.79,73.19
81.63,81.63,91.24,71.64,75.24
84.77,84.77,84.35,74.75,79.29
89.18,89.18,75.62,56.53,81.73
90.01,90.01,71.14,44.96,83.66
90.26,90.26,70.83,48.61,84.67
89.50,89.50,80.53,65.19,82.78
85.02,85.02,90.58,65.45,77.62
77.75,77.75,91.99,69.03,72.28
74.68,74.68,90.64,67.57,71.22
69.76,69.76,92.72,67.79,70.59
75.97,75.97,91.15,71.87,75.07
74.18,74.18,91.03,73.52,74.18
74.92,74.92,92.82,74.09,73.39
78.57,78.57,91.02,72.65,75.69
77.41,77.41,90.36,73.26,72.97
81.07,81.07,92.66,72.92,73.94
81.83,81.83,90.36,73.84,73.28
81.74,81.74,90.59,71.99,72.91
87.45,87.45,82.31,71.83,80.90
89.23,89.23,76.54,53.75,82.14
88.89,88.89,74.74,48.13,85.89
87.75,87.75,76.00,54.26,85.74
86.56,86.56,83.91,69.06,80.98
86.22,86.22,89.18,68.17,76.67
76.36,76.36,90.54,71.00,73.60
72.96,72.96,92.86,67.29,70.47
75.86,75.86,90.63,71.47,74.47
75.46,75.46,91.14,74.51,72.57
78.78,78.78,92.28,75.95,75.17
75.93,75.93,90.43,74.86,73.82
78.61,78.61,92.35,73.73,75.03
78.55,78.55,90.84,74.05,74.60
80.64,80.64,90.55,73.94,76.59
77.01,77.01,92.77,73.38,75.82
78.35,78.35,88.31,74.09,78.57
71.48,71.48,82.06,67.24,78.09
67.64,67.64,80.47,60.22,75.09
63.78,63.78,81.28,49.27,74.87
62.32,62.32,85.56,44.02,72.98
58.50,58.50,86.60,42.59,72.62
59.47,59.47,86.26,51.29,74.61
65.97,65.97,84.90,66.19,73.28
65.92,65.92,78.70,76.52,73.71
65.36,65.36,78.00,79.20,75.65
59.36,59.36,78.66,75.49,77.37
58.22,58.22,80.72,77.58,80.04
59.27,59.27,79.62,75.96,80.89
59.64,59.64,79.82,75.92,81.11
58.91,58.91,78.17,75.57,81.72
58.35,58.35,78.39,76.91,80.44
54.81,54.81,79.19,76.94,79.46
51.43,51.43,76.27,69.83,74.14
63.42,63.42,83.09,56.03,80.05
57.99,57.99,81.90,57.30,75.34
54.79,54.79,83.59,56.47,75.66
56.33,56.33,87.07,60.07,75.16
52.85,52.85,88.89,57.98,75.97
50.64,50.64,88.26,58.70,74.46
50.77,50.77,87.07,60.04,72.96
50.66,50.66,82.70,64.96,71.16
63.12,63.12,81.75,56.78,77.21
60.81,60.81,83.18,51.82,75.86
56.51,56.51,83.39,45.52,74.24
57.57,57.57,86.73,38.38,73.56
53.63,53.63,88.00,40.37,73.89
51.96,51.96,89.66,38.96,74.35
56.89,56.89,88.13,45.81,73.61
63.76,63.76,85.49,53.97,76.85
65.01,65.01,82.98,52.98,80.71
62.79,62.79,83.62,48.37,80.63
66.67,66.67,83.09,52.02,77.71
72.36,72.36,85.97,51.40,78.32
74.25,74.25,85.26,52.15,77.90
79.94,79.94,83.89,42.93,78.59
78.68,78.68,83.67,43.12,79.58
68.03,68.03,87.23,44.95,76.29
58.40,58.40,88.53,45.98,73.35
61.35,61.35,89.22,49.39,75.64
76.47,76.47,84.57,47.71,79.71
76.33,76.33,85.74,43.67,79.90
73.78,73.78,83.64,35.49,79.35
72.60,72.60,84.84,44.96,77.23
67.16,67.16,89.38,55.36,74.80
64.44,64.44,85.89,59.70,75.48
65.80,65.80,89.32,63.08,75.66
71.94,71.94,88.94,64.09,75.43
84.57,84.57,87.52,62.09,75.52
76.79,76.79,86.50,64.39,77.89
78.10,78.10,88.93,69.68,78.03
71.46,71.46,87.76,70.23,76.17
74.65,74.65,85.21,67.50,75.21
71.71,71.71,86.36,66.38,74.03
64.79,64.79,85.86,67.44,74.77
74.59,74.59,87.25,66.54,76.71
83.73,83.73,84.49,71.49,75.52
80.18,80.18,85.03,73.54,76.07
80.04,80.04,82.79,73.04,77.88
80.90,80.90,85.73,70.86,78.40
80.38,80.38,86.14,71.83,77.96
80.21,80.21,84.82,67.51,77.54
77.55,77.55,87.39,63.20,75.99
74.22,74.22,81.28,64.68,72.15
73.23,73.23,88.47,57.67,73.33
56.22,56.22,91.28,56.59,72.32
52.95,52.95,91.46,53.26,73.73
49.20,49.20,91.07,61.54,73.04
47.82,47.82,91.02,66.31,74.10
45.66,45.66,90.78,63.59,73.75
43.75,43.75,90.76,61.27,73.34
42.77,42.77,90.26,62.66,73.38
42.80,42.80,90.24,62.16,72.58
39.67,39.67,90.22,56.31,72.91
40.71,40.71,90.00,56.00,72.95
39.15,39.15,89.42,54.55,72.24
36.31,36.31,89.49,55.79,71.91
35.65,35.65,89.99,57.30,73.29
34.50,34.50,88.85,59.46,72.67
32.51,32.51,89.46,61.97,72.23
30.55,30.55,87.62,61.53,72.50
32.70,32.70,88.63,64.89,71.78
29.18,29.18,88.25,65.97,72.04
28.19,28.19,87.39,64.84,72.89
27.43,27.43,87.51,61.29,71.63
28.47,28.47,88.20,58.32,72.89
25.58,25.58,87.68,53.76,71.37
26.45,26.45,87.34,47.93,70.90
27.10,27.10,87.67,41.85,71.08
27.94,27.94,87.46,37.36,70.17
26.47,26.47,88.11,33.02,70.36
27.89,27.89,87.90,28.05,70.62
26.47,26.47,87.27,25.29,70.07
24.82,24.82,86.68,26.57,70.20
27.18,27.18,86.41,30.10,70.88
19.81,19.81,87.89,30.87,72.01
23.35,23.35,87.28,25.97,70.90
21.23,21.23,85.95,23.67,70.03
23.77,23.77,86.23,25.14,69.67
21.88,21.88,87.72,24.68,69.51
24.84,24.84,85.59,23.49,69.74
25.55,25.55,86.09,20.62,70.17
20.91,20.91,87.63,20.88,69.32
21.36,21.36,85.29,14.99,68.65
21.86,21.86,86.57,16.50,69.30
21.98,21.98,86.14,15.66,69.82
22.41,22.41,84.87,19.21,69.80
18.76,18.76,87.86,14.91,69.57
22.25,22.25,85.14,13.23,69.53
24.83,24.83,87.04,14.54,69.56
24.70,24.70,85.36,16.76,69.98
21.35,21.35,85.60,15.16,70.23
24.43,24.43,86.48,13.01,69.77
23.60,23.60,84.85,13.12,69.11
22.97,22.97,87.10,14.27,69.78
24.69,24.69,84.74,7.53,69.30
25.11,25.11,87.38,16.37,68.67
20.09,20.09,84.18,14.65,69.05
24.77,24.77,86.98,12.69,70.07
21.85,21.85,84.08,11.01,69.64
25.87,25.87,86.82,20.24,69.30
22.18,22.18,84.31,20.31,69.12
21.50,21.50,87.05,21.28,69.38
21.22,21.22,83.92,21.44,68.78
22.68,22.68,86.46,15.38,68.78
22.04,22.04,83.44,15.76,68.96
21.97,21.97,86.80,13.17,68.37
21.80,21.80,83.32,17.66,67.72
23.87,23.87,86.13,20.69,68.41
20.07,20.07,83.03,18.19,67.65
24.77,24.77,86.02,10.66,67.80
20.40,20.40,82.56,11.71,68.90
19.93,19.93,85.32,17.85,67.72
20.40,20.40,82.41,21.07,68.24
20.07,20.07,85.12,14.68,68.63
23.03,23.03,82.10,15.47,67.99
25.65,25.65,84.28,18.92,68.01
24.11,24.11,82.16,21.07,68.31
20.50,20.50,83.30,15.89,67.12
24.93,24.93,82.61,10.52,66.91
27.03,27.03,82.75,11.00,67.19
23.15,23.15,82.84,11.53,67.26
24.52,24.52,81.01,18.12,66.74
24.68,24.68,82.61,17.70,66.69
22.31,22.31,79.97,16.98,67.86
18.05,18.05,82.18,21.70,67.29
16.02,16.02,79.38,18.22,68.08
17.58,17.58,81.57,12.02,68.25
22.26,22.26,78.22,20.63,67.39
21.23,21.23,80.91,23.57,67.55
18.48,18.48,78.27,21.65,66.72
19.17,19.17,79.76,18.40,67.79
14.64,14.64,77.69,20.04,66.33
18.27,18.27,78.73,20.36,67.36
19.98,19.98,77.73,17.33,66.75
21.39,21.39,77.14,20.27,66.62
22.01,22.01,76.94,21.31,66.42
18.19,18.19,75.36,22.39,66.78
18.06,18.06,76.63,18.71,67.12
19.40,19.40,74.58,20.11,67.52
17.69,17.69,75.99,19.46,67.05
18.97,18.97,73.13,21.23,66.84
20.41,20.41,74.65,16.66,65.80
16.52,16.52,72.63,17.50,66.46
17.15,17.15,73.33,18.58,66.33
17.35,17.35,72.59,18.99,66.84
21.22,21.22,72.14,19.16,65.83
20.92,20.92,71.13,21.85,66.21
24.01,24.01,70.48,17.31,66.07
24.46,24.46,70.14,12.74,65.17
20.58,20.58,69.89,17.91,64.88
20.79,20.79,70.06,18.43,64.83
22.38,22.38,69.79,16.57,64.96
20.24,20.24,69.90,14.38,64.91
19.44,19.44,70.11,17.22,64.70
20.76,20.76,69.06,12.79,63.50
21.11,21.11,69.83,17.14,64.52
23.39,23.39,69.36,14.88,65.10
20.15,20.15,69.03,15.01,65.04
17.55,17.55,68.72,12.64,64.93
19.59,19.59,68.87,10.83,65.00
25.39,25.39,69.69,12.24,65.50
25.55,25.55,69.29,15.24,65.08
21.00,21.00,68.38,13.68,64.44
17.37,17.37,69.30,13.54,65.54
18.96,18.96,69.53,16.77,65.56
18.83,18.83,67.80,13.14,64.18
21.27,21.27,68.52,14.52,65.23
18.69,18.69,67.93,11.93,64.76
20.92,20.92,69.52,13.65,64.83
20.03,20.03,68.54,13.23,64.72
21.36,21.36,69.30,10.47,64.41
18.33,18.33,68.86,10.29,63.47
17.04,17.04,69.06,13.66,64.50
20.41,20.41,68.76,11.57,64.08
18.77,18.77,69.25,13.45,64.16
20.46,20.46,69.01,10.86,63.85
21.87,21.87,69.06,14.27,64.31
21.58,21.58,68.72,13.28,63.57
24.17,24.17,68.11,14.69,63.55
27.20,27.20,69.16,15.09,64.47
26.99,26.99,68.81,15.09,63.46
23.34,23.34,67.46,14.70,62.71
25.76,25.76,68.19,13.82,62.74
24.52,24.52,67.88,16.72,62.92
26.69,26.69,67.40,14.71,62.92
26.52,26.52,68.64,20.58,62.59
28.52,28.52,67.73,17.36,61.18
28.02,28.02,67.49,17.35,61.04
25.79,25.79,67.82,19.76,61.60
25.60,25.60,68.37,15.73,61.46
22.87,22.87,67.18,13.55,60.90
25.26,25.26,67.76,17.13,60.98
27.48,27.48,67.26,18.44,60.77
25.20,25.20,67.34,17.02,60.25
25.86,25.86,67.65,15.06,60.49
23.47,23.47,67.39,17.70,59.68
23.12,23.12,67.61,18.51,59.52
23.83,23.83,67.22,15.68,59.99
24.07,24.07,67.37,15.45,60.47
24.15,24.15,67.79,16.78,60.02
25.55,25.55,66.88,16.70,59.32
24.29,24.29,67.03,15.38,59.70
25.44,25.44,67.34,11.82,59.87
25.79,25.79,66.96,12.29,59.76
24.67,24.67,66.10,14.15,58.46
24.31,24.31,65.96,11.02,58.83
23.88,23.88,65.56,11.84,58.79
21.99,21.99,66.69,12.55,59.36
22.39,22.39,66.71,13.79,58.36
25.26,25.26,65.90,14.04,57.82
25.05,25.05,65.72,16.61,58.74
22.82,22.82,64.98,15.19,58.08
21.66,21.66,64.29,13.40,57.88
22.92,22.92,65.24,17.09,58.72
23.92,23.92,66.01,16.16,58.45
24.76,24.76,65.14,12.95,57.57
21.40,21.40,64.91,10.51,57.82
24.65,24.65,64.28,14.26,57.93
25.39,25.39,64.26,12.76,56.61
20.61,20.61,64.51,9.50,56.80
20.30,20.30,64.94,9.15,57.38
19.10,19.10,63.64,9.94,57.17
21.91,21.91,62.94,11.21,56.52
20.96,20.96,62.97,12.62,55.10
20.55,20.55,64.07,13.91,56.25
22.72,22.72,63.56,13.67,56.35
23.08,23.08,63.48,14.98,55.85
21.29,21.29,62.16,10.44,56.27
23.11,23.11,63.28,12.32,55.69
22.63,22.63,63.79,9.76,56.32
22.30,22.30,62.45,14.18,55.92
21.14,21.14,61.67,8.53,54.79
22.24,22.24,62.10,11.05,55.87
20.70,20.70,62.42,11.69,54.68
19.12,19.12,62.24,11.33,54.93
19.67,19.67,62.38,9.80,54.18
19.94,19.94,61.25,11.98,55.17
18.18,18.18,61.56,11.90,54.00
21.10,21.10,61.48,9.80,53.86
21.42,21.42,61.20,12.25,54.44
20.91,20.91,61.36,9.69,53.99
17.89,17.89,60.92,11.10,53.24
16.33,16.33,60.55,9.51,53.90
18.25,18.25,61.79,8.49,53.15
18.52,18.52,60.69,9.63,52.04
18.15,18.15,60.03,9.39,53.17
19.25,19.25,60.12,8.54,52.68
18.18,18.18,59.93,9.22,52.12
21.20,21.20,59.19,9.93,51.97
20.09,20.09,58.95,9.26,50.95
18.67,18.67,59.22,10.32,51.34
19.50,19.50,58.32,8.66,50.30
19.49,19.49,58.79,7.82,50.31
20.05,20.05,57.98,13.22,49.35
19.32,19.32,56.87,6.97,49.77
18.86,18.86,57.92,8.29,49.84
20.02,20.02,57.59,11.16,49.35
17.23,17.23,57.32,10.73,48.97
18.95,18.95,57.24,7.94,49.79
20.16,20.16,56.97,5.51,48.11
18.68,18.68,56.75,9.10,48.79
19.15,19.15,56.43,4.17,47.37
19.26,19.26,56.21,10.23,47.95
20.30,20.30,55.22,7.36,47.71
19.82,19.82,56.52,4.56,47.43
21.18,21.18,55.17,8.52,46.51
20.01,20.01,55.88,7.36,46.53
21.76,21.76,54.24,5.94,45.96
21.78,21.78,54.40,7.08,45.85
21.94,21.94,54.99,6.88,45.44
24.59,24.59,54.33,6.82,45.24
23.26,23.26,54.03,4.98,44.90
23.61,23.61,53.81,6.63,43.82
25.01,25.01,52.95,5.63,42.82
23.08,23.08,53.48,6.34,42.64
22.87,22.87,53.53,4.15,42.51
23.75,23.75,53.00,7.17,41.22
25.35,25.35,51.50,6.95,41.43
24.30,24.30,51.32,5.67,40.01
25.48,25.48,52.76,5.35,40.59
25.33,25.33,51.73,4.13,40.56
26.46,26.46,51.39,5.09,39.99
26.18,26.18,50.78,5.52,38.98
26.86,26.86,50.89,6.27,38.84
27.58,27.58,50.06,5.38,38.41
27.87,27.87,49.81,2.62,37.46
28.12,28.12,49.88,4.52,37.15
28.27,28.27,48.64,5.38,35.39
27.30,27.30,48.91,2.83,36.02
28.92,28.92,47.75,3.08,35.31
29.55,29.55,47.83,4.19,34.76
30.05,30.05,47.94,2.58,34.05
29.60,29.60,46.95,2.58,34.04
29.63,29.63,47.26,3.42,34.08
29.48,29.48,46.96,2.57,34.16
29.22,29.22,46.27,1.50,33.46
31.07,31.07,45.81,1.41,33.31
29.80,29.80,45.25,1.40,32.18
30.46,30.46,44.82,0.74,31.99
30.51,30.51,44.23,0.33,30.82
30.17,30.17,44.37,0.62,30.71
30.13,30.13,43.50,0.39,29.87
31.16,31.16,43.48,1.00,30.11
30.21,30.21,42.37,0.63,29.02
30.84,30.84,42.22,0.63,29.57
29.97,29.97,42.52,1.87,28.48
29.96,29.96,41.59,1.22,28.42
29.75,29.75,41.26,0.34,28.58
29.13,29.13,40.27,0.39,27.35
29.93,29.93,40.09,0.43,27.60
28.66,28.66,39.55,0.38,26.35
28.87,28.87,38.80,0.16,26.41
28.51,28.51,38.76,0.31,25.03
28.28,28.28,38.09,0.27,25.81
28.20,28.20,37.19,0.27,24.98
28.44,28.44,37.40,0.15,23.94
27.22,27.22,36.46,-0.00,23.56
27.21,27.21,36.57,0.03,23.50
26.91,26.91,35.11,-0.00,23.07
26.95,26.95,34.67,0.04,22.57
26.25,26.25,35.23,-0.00,22.77
26.50,26.50,34.18,0.01,22.14
26.46,26.46,33.94,0.07,21.18
25.99,25.99,32.95,-0.00,21.04
26.33,26.33,33.21,-0.00,21.28
24.80,24.80,32.25,-0.00,20.24
23.97,23.97,31.04,-0.00,20.14
23.48,23.48,30.64,-0.00,19.02
23.98,23.98,30.17,-0.00,19.26
23.87,23.87,29.25,-0.00,18.35
23.55,23.55,29.53,-0.00,17.83
22.86,22.86,28.73,-0.00,17.35
22.00,22.00,28.80,-0.00,17.16
22.42,22.42,27.94,-0.00,16.35
21.64,21.64,27.28,-0.00,15.86
21.71,21.71,26.36,-0.00,15.61
20.92,20.92,25.85,-0.00,15.30
20.49,20.49,25.19,-0.00,14.59
19.26,19.26,23.41,-0.00,13.09
19.09,19.09,23.60,-0.00,13.60
18.87,18.87,23.28,-0.00,12.98
18.73,18.73,22.04,-0.00,11.63
17.64,17.64,21.77,-0.00,11.43
16.76,16.76,20.74,-0.00,11.11
17.00,17.00,20.74,-0.00,10.90
16.51,16.51,20.51,-0.00,10.05
15.87,15.87,19.30,-0.00,9.53
14.81,14.81,18.96,-0.00,8.99
14.47,14.47,18.25,-0.00,8.30
14.15,14.15,16.72,-0.00,7.46
13.50,13.50,16.04,-0.00,6.49
12.93,12.93,15.27,-0.00,6.39
12.15,12.15,15.12,-0.00,5.87
11.25,11.25,14.19,-0.00,5.50
10.99,10.99,13.44,-0.00,5.00
10.53,10.53,12.93,-0.00,4.26
9.39,9.39,11.32,-0.00,3.59
8.59,8.59,11.18,-0.00,3.42
7.55,7.55,9.74,-0.00,2.64
6.98,6.98,8.94,-0.00,2.37
6.31,6.31,8.28,-0.00,2.14
5.53,5.53,7.65,-0.00,1.99
4.44,4.44,6.61,-0.00,1.88
4.26,4.26,5.82,-0.00,1.78
2.82,2.82,4.62,-0.00,1.77
2.90,2.90,4.37,-0.00,1.77
1.89,1.89,3.45,-0.00,1.77
1.32,1.32,3.02,-0.00,1.77
0.95,0.95,2.51,-0.00,1.77
0.54,0.54,2.11,-0.00,1.77
0.50,0.50,2.01,-0.00,1.77
0.43,0.43,1.97,-0.00,1.77
0.42,0.42,1.95,-0.00,1.77
0.41,0.41,1.95,-0.00,1.77
0.41,0.41,1.95,-0.00,1.77
0.41,0.41,1.95,-0.00,1.77
0.41,0.41,1.95,-0.00,1.77
0.41,0.41,1.95,-0.00,1.77
0.41,0.41,1.95,-0.00,1.77
0.41,0.41,1.95,-0.00,1.77
0.41,0.41,1.95,-0.00,1.77
0.41,0.41,1.95,-0.00,1.77
0.41,0.41,1.95,-0.00,1.77
0.41,0.41,1.95,-0.00,1.77
0.41,0.41,1.95,-0.00,1.77
0.41,0.41,1.95,-0.00,1.77
0.41,0.41,1.95,-0.00,1.77
0.41,0.41,1.95,-0.00,1.77
0.41,0.41,1.95,-0.00,1.77
0.41,0.41,1.95,-0.00,1.77
0.41,0.41,1.95,-0.00,1.77
0.41,0.41,1.95,-0.00,1.77
0.41,0.41,1.95,-0.00,1.77
0.41,0.41,1.95,-0.00,1.77
0.41,0.41,1.95,-0.00,1.77
0.41,0.41,1.95,-0.00,1.77
0.41,0.41,1.95,-0.00,1.77
0.41,0.41,1.95,-0.00,1.77
0.41,0.41,1.95,-0.00,1.77
0.41,0.41,1.95,-0.00,1.77
0.41,0.41,1.95,-0.00,1.77
0.41,0.41,1.95,-0.00,1.77
0.41,0.41,1.95,-0.00,1.77
0.41,0.41,1.95,-0.00,1.77
0.41,0.41,1.95,-0.00,1.77
0.41,0.41,1.95,-0.00,1.77
0.41,0.41,1.95,-0.00,1.77
0.41,0.41,1.95,-0.00,1.77
0.41,0.41,1.95,-0.00,1.77
0.41,0.41,1.95,-0.00,1.77
0.41,0.41,1.95,-0.00,1.77
0.41,0.41,1.95,-0.00,1.77
0.41,0.41,1.95,-0.00,1.77
0.41,0.41,1.95,-0.00,1.77
0.41,0.41,1.95,-0.00,1.77
0.41,0.41,1.95,-0.00,1.77
0.41,0.41,1.95,-0.00,1.77
0.41,0.41,1.95,-0.00,1.77
0.41,0.41,1.95,-0.00,1.77
0.41,0.41,1.95,-0.00,1.77
0.41,0.41,1.95,-0.00,1.77
0.41,0.41,1.95,-0.00,1.77
0.41,0.41,1.95,-0.00,1.77
0.41,0.41,1.95,-0.00,1.77
0.41,0.41,1.95,-0.00,1.77
0.41,0.41,1.95,-0.00,1.77
0.41,0.41,1.95,-0.00,1.77
0.41,0.41,1.95,-0.00,1.77
0.41,0.41,1.95,-0.00,1.77
0.41,0.41,1.95,-0.00,1.77
0.41,0.41,1.95,-0.00,1.77
0.41,0.41,1.95,-0.00,1.77
0.41,0.41,1.95,-0.00,1.77
0.41,0.41,1.95,-0.00,1.77
0.41,0.41,1.95,-0.00,1.77
0.41,0.41,1.95,-0.00,1.77
0.41,0.41,1.95,-0.00,1.77
0.41,0.41,1.95,-0.00,1.77
0.41,0.41,1.95,-0.00,1.77
0.41,0.41,1.95,-0.00,1.77
0.41,0.41,1.95,-0.00,1.77
0.41,0.41,1.95,-0.00,1.77
0.41,0.41,1.95,-0.00,1.77
0.41,0.41,1.95,-0.00,1.77
0.41,0.41,1.95,-0.00,1.77
0.41,0.41,1.95,-0.00,1.77
0.41,0.41,1.95,-0.00,1.77
0.41,0.41,1.95,-0.00,1.77
0.41,0.41,1.95,-0.00,1.77
0.41,0.41,1.95,-0.00,1.77
0.41,0.41,1.95,-0.00,1.77
0.41,0.41,1.95,-0.00,1.77
0.41,0.41,1.95,-0.00,1.77
0.41,0.41,1.95,-0.00,1.77
0.41,0.41,1.95,-0.00,1.77
0.41,0.41,1.95,-0.00,1.77
0.41,0.41,1.95,-0.00,1.77
